household	person	role	event	date	place	evidence	ark
Matteo Falco & Francesca Crisci	Matteo Falco	father	witness at a marriage	1759	Arienzo	named as witness "Mattheo Falco"	MY-B7QS-P
Matteo Falco & Francesca Crisci	Francesca Crisci	mother				named with him in every child's baptism	
Matteo Falco & Francesca Crisci	Paschalis (Pasquale) Falco	child	baptism	24 Oct 1767	Arienzo, S. Andrea	ex Mattheo Falco, ed Francisca Crisci ... qui nominatus est Paschalis	3Q9M-CSD3-1362-V
Matteo Falco & Francesca Crisci	Francisca Anna Angela Falco	child	baptism	4 Nov 1771	Arienzo	ex Matheo Falco et [Francisca] ... quae nominata est Francisca Anna Angela	3Q9M-CSD3-13HV-9
Matteo Falco & Francesca Crisci	JOACHIM Falco — the FIRST Gioacchino	child	baptism	25 Nov 1774	Arienzo	«Anno Domini Millesimo septingentesimo septuagesimo qua[rto] … die vero VIGESIMAQUINTA 25 NOVEMBRIS … Canonicus BRUNO Substituens baptizavit … ex MATTHEO FALCO, et FRANCISCA CRISCI Conjugibus» — READ FROM THE IMAGE. The margin names him JOACHIM and adds «OBIIT DIE 11 DECEMBRIS 1777». Buried 14 Dec 1777.	3Q9M-CSD3-13H2-1
Matteo Falco & Francesca Crisci	Joachim (Gioacchino) Falco	child	baptism	2 Feb 1779	Arienzo	quae nominata est Joachim; Commater Dorothea d'Addio, Obstetrix Cecilia Martone	3Q9M-CSD3-13HT-V
Matteo Falco & Francesca Crisci	ROSA MARIA Falco	child	baptism	5 Jan 1786	Arienzo	«baptizavit infantem NATAM ex MATTHEO FALCO, et FRANCISCA CRISCI Conjugibus hujus Parochiae, que nominata est ROSA MARIA» — READ FROM THE IMAGE; celebrant Canonico SABBATINO CRISCI, sostituto. The day is the machine's; the act below it is 6 Jan 1786	3Q9M-CSD3-13XZ-1
Matteo Falco & Francesca Crisci	Giuseppe Falco	child	marriage	—	Arienzo	Josephum Falco filium Matthei, e Franciscae Crisci m. Antonia di Guida, dau of **GIUSEPPE DI GUIDA** & **MADDALENA RIVETTA** — read from the image on 14 September 2026. **The «PIVERA» that stood here until 20 September 2026 was the machine transcription, copied without being checked**, and it stood on this page for six days after the archive's own `households.tsv` had been corrected.	3Q9M-CSMY-B74R-4
Pasquale Falco & Chiara Rivetti	Maria Falco	child	baptism	13 Sep 1789	Arienzo	anno ... octogesimo nono — the Latin words give 1789, the digits misread as 1780	3Q9M-CSD3-1386-4
Pasquale Falco & Chiara Rivetti	Maria Falco	child	baptism	30 Oct 1790	Arienzo	ex Paschale Falco, et Clara Rivetta ... nomen Maria	3Q9M-CSD3-13XV-F
Pasquale Falco & Chiara Rivetti	Vincenzo Falco	child	birth	1793	Arienzo	named in his own marriage as "Vincentium Falco filium Paschalis, e Clarae Rivetta"	3Q9M-CSMY-B79D-B
Pasquale Falco & Chiara Rivetti	Maria Raffaela Falco	child	baptism	24 Feb 1794	Arienzo	ex Paschale Falco, e Clara Rivetta ... nomen Maria Raphaela	3Q9M-CSD3-13CH-F
Pasquale Falco & Chiara Rivetti	Anna Falco	child	baptism	28 Oct 1795	Arienzo	ex Pascale Falco, et Clara Rivetti ... Collegiatae Ecclesiae S. Andreae	3Q9M-CSD3-13CC-6
Pasquale Falco & Chiara Rivetti	Domenico Falco	child	baptism	18 Jun 1799	Arienzo	ex Paschale Falco, et Chiara Rivetti ... nomen Dominicus	3Q9M-CSD3-13KF-W
Pasquale Falco & Chiara Rivetti	Maria Angela Falco	child	baptism	2 Feb 1802	Arienzo	quae nominata est Maria Angela	3Q9M-CSD3-13LV-H
Pasquale Falco & Chiara Rivetti	Maria Angela Falco	child	death	11 Mar 1805	Arienzo	figlia Paschalis e Clarae Rivetta coniugum, aetatis suae annorum 3 circiter — the 1802 child	3Q9M-CSMY-B73S-3
Pasquale Falco & Chiara Rivetti	Giovanna Falco	child	death	15 Sep 1805	Arienzo	Joanna Falco figlia Paschalis e Clarae Rivetti	3Q9M-CSMY-B743-H
Pasquale Falco & Chiara Rivetti	Anna Falco	child	death	23 Aug 1820	Arienzo	Anna Falco figlia Paschalis et Clara Rivetta, ed uxor Archangeli Crisci, aetatis suae annorum 22 circiter **Verified at full resolution, 20 September 2026.** Act **47**, declared by **GIUSEPPE MARTONE, forty**, and **DOMENICO MARTONE, thirty-six**, both contadini of strada Camellara, each «vicino del Defunto». **Neither of her parents is marked «defunto».** Every word holds.	3Q9M-CSMY-B77F-V
Vincenzo Falco & Andreana Crisci	Vincenzo Falco	father	marriage	—	Arienzo	Vincentium Falco filium Paschalis, e Clarae Rivetta, e Andreanam Crisci filiam Arcangeli, e [Rosae] Ruggiero	3Q9M-CSMY-B79D-B
Vincenzo Falco & Andreana Crisci	Raffaele Falco	child	baptism	1818	Arienzo	ex Vincentio Falco, e Andreana Crisci ... nomen Raphael. Matrina Gelsumina Ruggiero	3Q9M-CSD3-1381-R
Vincenzo Falco & Andreana Crisci	Luigi (Aloysius) Falco	child	baptism	Dec 1819	Arienzo	ex Vincentio Falco, ed Andreana Crisci ... nominatus est Aloysius	3Q9M-CSD3-13D7-N
Vincenzo Falco & Andreana Crisci	Luigi (Aloysius) Falco	child	death	16 Dec 1864	Arienzo	READ FROM THE IMAGE — this record was a FamilySearch index stub («Entry for Luigi Falco and Vincenzo Falco») until 16 September 2026. Arienzo *Morti 1864*, **atto 91**: «*…è morto nella sua casa **LUIGI FALCO = MARITO DI CAROLINA CIMMINO** — nato in **Arienzo**, di anni **QUARANTUNO**, di professione **INDUSTRIANTE**, domiciliato **Contrada Capodiconca**, figlio di **VINCENZO**, di professione **colono**, domiciliato **alla CAMELLARA**, e di **ANDREANA CRISCI**, domiciliata ivi*». Declared by **Fabrizio Crisci**, 62, *cantiniere*, and **Francesco di Lucia**, 40, *trainante*, both of Capodiconca. **HE WAS MARRIED**, which this archive did not know, and **he had left strada Camellara** — an *industriante* of Capodiconca while his father was still a *colono* of Camellara. **The stated age is wrong by three**: born 21 December 1819, he died five days short of forty-five and the act says forty-one. **VERIFIED AGAINST THE IMAGE, 20 September 2026, work-list row 58 — and the act number was the folio.** This page cited **atto 47**; **47 is the figure stamped in the leaf's margin**, and the act is headed «**Num. d'ordine 91**». The facing page of the same opening is **«Num. d'ordine 92»**, which settles it. **The stamped figure in this volume counts pages, not acts** — the same trap the 1820 death register set, where folio 5 carries act 6 and folio 25 carries act 47. **One quotation is tightened.** The act writes «*e di **ANDREA CRISCI**, domiciliata ivi*» — the clerk drops the **-na**. This archive quoted «ANDREANA CRISCI» inside the guillemets. **The woman is the same and the guillemets are for what is written.**	XS2D-NL5H
Vincenzo Falco & Andreana Crisci	Pasquale Falco (of Vincenzo, 1830-1833)	child	baptism	24 Mar 1830	Arienzo	ex Vincentio Falco et Andreana [Crisci] ... [nomen] Paschale  [DISAMBIGUATED 15 Sep 2026: this row used to read simply «Pasquale Falco», which merged these infants with their own great-grandfather, PASQUALE FALCO of generation two, who died on 1 October 1834 aged seventy-four as the husband of Chiara Rivetti. That merge gave generation two a baptism of 1830 and two deaths that were not his, and it made VINCENZO FALCO — his son — into his parent, which is the cycle the person-graph builder refused to close.]	3Q9M-CSD3-138C-5
Vincenzo Falco & Andreana Crisci	Antonio Falco	child	birth	13 May 1843	Arienzo	Entry for Antonio Falco and Vincenzo Falco	6Y2Z-PN6N
Vincenzo Falco & Andreana Crisci	Antonio Falco	child	marriage	23 Jun 1869	Arienzo	Entry for Antonio Falco and Vincenzo	X36H-5YFG
Vincenzo Falco & Andreana Crisci	Andrea Falco	child	marriage	—	Arienzo	Andream Falco Vincentii et Andreanae Crisci filium m. Maria Carmela, dau of Onofrio & Angela Imbimbo	3Q9M-CSMY-B7SN-P
Giuseppe Falco & Antonia di Guida	Giuseppe Falco	father	marriage	—	Arienzo	Josephum Falco filium Matthei, e Franciscae Crisci — son of Matteo — and in June 1818 he declares a daughter's birth as a contadino of STRADA CAMELLARA, aged 36, which puts his own birth about 1782 and places a documented son of Matteo Falco on the family's street.	3Q9M-CSMY-B74R-4
Giuseppe Falco & Antonia di Guida	Antonia di Guida	mother			Arienzo	«*filiam Josephi, et **Magdalenae RIVETTA***» — **READ FROM THE IMAGE 14 September 2026**. The control is on the next line of the same act, in the same pen: «*servata forma Ritu: Roma:*», whose two capital **R** match this initial exactly. **«PIVERA» was the machine transcript, and this page was still publishing it on 20 September 2026 although the archive's own `households.tsv` had carried the corrected reading for six days.**	3Q9M-CSMY-B74R-4
Giuseppe Falco & Antonia di Guida	Mattheus (Matteo) Falco	child	baptism	1807	Arienzo	named for his grandfather	3Q9M-CSD3-13DN-H
Giuseppe Falco & Antonia di Guida	Matteo Falco	child	death	28 Aug 1809	Arienzo	Matthaeus Falco filius Josephi e Antoniae di Guida coniugum	3Q9M-CSMY-B74S-F
Giuseppe Falco & Antonia di Guida	Giovanni Falco (the elder)	child	death	27 Nov 1841	Arienzo	READ FROM THE IMAGE AT LAST, and the machine transcript was right. «Anno Domini 1841 die vero 27. NOVEMBRIS obiit JOANNES FALCO filius JOSEPHI et ANTONIAE DI GUIDA, aetate sua ANNORUM 24 CIRCITER, omnibus Sacramentis munitus et in commendatione animae adjutus, cujus cadaver IN SODALITATE S. MARIAE GRATIARUM jacet» — the margin gives the Italian form, GIOVANNI FALCO. THE «24 CIRCITER» IS CONFIRMED, so this man was born about 1817 and CANNOT be DON GIOVANNI FALCO the deacon, whose birth of 6 April 1825 is fixed by his civil act AND his parish baptism and who died in 1849. THIS HOUSEHOLD HAD TWO LIVING SONS NAMED GIOVANNI between 1825 and 1841, which the archive's necronym rule does not explain: the elder was alive when the younger was named. HE DIED FORTIFIED WITH ALL THE SACRAMENTS, which the register does not say of everyone. AND THERE IS NO CIVIL DEATH ACT FOR HIM — all ninety acts of the Arienzo 1841 death register were read on 14 September 2026 and hold no Falco at all	3Q9M-CSMY-B7WY-G
Giuseppe Falco & Antonia di Guida	Crescenzo Falco	child	marriage	c. 1831-46	Arienzo	dispensatione obtenta a … Papa nostro Gregorio super quarto gradu consanguinitatis … Crescentium Falco, filium Josephi, e Antoniae di Guida m. Angela Maria Morgillo	3Q9M-CSMY-B7HC-V
Crescenzo Falco & Angela Maria Morgillo	Giuseppe Falco	child	death	1818	Arienzo	Joseph Falco filius Crescentii et Mariae Morgillo, aetatis paucorum dierum	3Q9M-CSMY-B73M-D
Vincenzo Falco & Andreana Crisci	Angelo Falco	child	marriage	17 Apr 1847	Arienzo	Angelo Falco filium Vincentii et Andreanae Crisci m. Maria Cimmino, dau of … & Rosa Solli	3Q9M-CSMY-B7HQ-P
Vincenzo Falco & Andreana Crisci	Nunziata Falco	child	marriage	13 [Nov] 1855	Arienzo	Nuntiatam Falco filiam Vincentii, et Andreanae Crisci	3Q9M-CSMY-B7H3-C
Vincenzo Falco & Andreana Crisci	[daughter] Falco	child	marriage	c. 1840s	Arienzo	… Falco filiam Vincentii, e Andreanae Crisci m. Antonino Mario…	3Q9M-CSMY-B7HD-K
Francesco Falco & Raffaela Falco	Clemente Falco	child	death	14 Aug 1853	Arienzo	Clemens Falco filius Francisci, et Raphaelae Falco, aetatis suae annorum quinque — a Falco who married a Falco. (**The parish entry's year reads 1855; the civil act, read from the image, says 1853.** The civil date is the one used here.)	3Q9M-CSMY-B733-G
Francesco Falco & Mariangela Iuliuccio	Margarita Falco	child	marriage	—	Arienzo	Margaritam Falco filiam Francisci, et Mariae Angelae Ulivieccio m. Domenico Crisci **THE PARISH LATIN AND THE CIVIL ACT SPELL HER MOTHER DIFFERENTLY, AND BOTH ARE LEFT STANDING.** This entry reads «*Mariae Angelae **ULIVIECCIO***»; her civil death act of 13 May 1836 reads «*e di **MARIANGELA IULIUCCIO** Defunta*», one forename and a surname with neither the **v** nor the **e** that Ulivieccio needs. **Two sources, two spellings, and a Latin scribe is not a witness against an Italian clerk.** The household is named from the act; the parish form is recorded here rather than overwritten.	3Q9M-CSMY-B7QN-8
Francesco Falco & Antonia Loffreda	Francesco Falco	father	baptism of son	1714	Arienzo, S. Andrea	infanti nato ex Francisco Falco CASALIS PAULISII et Antonia Loffreda filia Dominici … imposui nomen Joseph — his origin is stated: the hamlet of Paolisi	3Q9M-CSD3-13FG-G
Francesco Falco & Antonia Loffreda	Giuseppe Falco	child	baptism	Jul 1714	Arienzo, S. Andrea	as above	3Q9M-CSD3-13FG-G
Francesco Falco & Antonia Loffreda	[Matteo or Martino] Falco	child	baptism	20 [Sep] 1717	Arienzo, S. Andrea	ex Francisco Falco et Antonia Loffreda coniugibus … cui imposui il nome Mart[?]es — the given name is not legible enough to read as Matteo	3Q9M-CSD3-138L-Z
Francesco Falco & Antonia Loffreda	Domenico Falco	child	baptism	Feb 1726	Arienzo, S. Andrea	ex Francesco Falco e Antonia Loffreda coniugibus huius parochiae, cui imposuit nomen Dominicus	3Q9M-CSD3-13D4-9
Tommaso Falco & Marta Mara	Lucretia Falco	child	baptism	1637	San Felice a Cancello	ho battezzato la figlia di Tomaso Falco e Marta Mara coniugi … e li ho imposto nome Lucretia — in Italian, not Latin	3Q9M-CSMB-X98Q-C
Francesco Falco & Mariangela Iuliuccio	Margarita Falco	daughter	death	13 May 1836	Arienzo	«*è morta nella sua propria casa **MARGARITA FALCO, di anni SESSANTA**, moglie di **DOMENICO COSPI**, nata in Arienzo, di professione contadina, domiciliata ivi, figlia di **FRANCESCO FALCO Defunto**, di professione **contadino**, domiciliato ivi, e di **MARIANGELA IULIUCCIO Defunta**, domiciliata ivi*» — **image 18 RIGHT**, 13 May 1836. Born about 1776, and **her father a CONTADINO**, distinct from Don Francesco Falco the proprietario. **TWO NAMES WERE WRONG HERE UNTIL 20 SEPTEMBER 2026.** Her husband was published as «**Domenico [Crisci]**», in brackets, as a guess. **The act says COSPI** — the surname wraps to the next line and was magnified. And her mother was published as «**Maria Angela ULIVIECCIO**»; the act writes **MARIANGELA IULIUCCIO**, one forename, and the surname has neither the **v** nor the **e** that «Ulivieccio» needs.	ANTENATI an_ua14338 p17
Don Francesco Falco (gentry branch)	Donna Raffaela de Falco	daughter	death	7 Mar 1836	Arienzo, Monastero d'Ave Gratia Plena	«*è morta nel **Monastero d'AVE GRATIA PLENA**, **DONNA RAFFAELA DE' FALCO, d'anni SESSANTASETTE**, nata in Arienzo, di professione **MONACA**, domiciliata ivi, figlia di **DON FRANCESCO FALCO Defunto**, di professione **PROPRIETARIO**, domiciliato ivi, e di **DONNA MADDALENA SICILIANO Defunta**, domiciliata ivi*» — **image 12 RIGHT**, 7 March 1836. Born about 1769. **A gentry branch; no connection to the documented line is established.** **HER MOTHER HAD NEVER BEEN RECORDED HERE: DONNA MADDALENA SICILIANO**, read from the image on 20 September 2026 and magnified. **She is the first name this archive holds for the wife of Don Francesco Falco the proprietario.**	ANTENATI an_ua14338 p11
Michele Falco & Antonia Vigliotta	Salvatore Falco	son	death	9 Aug 1836	Arienzo, strada Camellara	«*è morto nella sua propria casa **SALVATORE FALCO, di mesi QUATTORDICI**, nato in Arienzo, di professione contadino, domiciliato ivi, figlio di **MICHELE FALCO**, di professione contadino, domiciliato ivi, e di **MARIANTONIA VIGLIOTTA**, domiciliata ivi*» — **image 30 RIGHT**, 9 August 1836. Fourteen months, so born about June 1835. **HIS MOTHER IS NAMED, AND SHE IS THE REASON THIS HOUSEHOLD IS NO LONGER «UNJOINED».** **MARIANTONIA VIGLIOTTA** is the wife of the **MICHELE FALCO of strada Camellara** whose other children this archive holds — Maria Rosa in 1834, Matteo in 1842 — and who married again in 1850 as «*vedovo di **ANTONIA VIGLIOTI***». **The clerks write her Antonia and Mariantonia indifferently; it is one woman in four acts.** **THIS ROW STOOD IN A HOUSEHOLD OF ITS OWN, «Michele Falco (unjoined)», UNTIL 20 SEPTEMBER 2026.** Reading the act gave the mother's name, and the mother's name joined it to a household this archive already had. **The stub was not a family. It was a line nobody had read.**	ANTENATI an_ua14338 img30r
Francesco Falco & Raffaela Falco	Pasqualina Falco	daughter	death	14 Sep 1836	Arienzo, strada Camellara	«*è morta nella sua propria casa **PASQUALINA FALCO, di mesi SEI**, nata in Arienzo, di professione contadina, domiciliata ivi, figlia di **FRANCESCO FALCO**, di professione contadino, domiciliato ivi, e di **RAFFAELA FALCO**, domiciliata ivi*» — **image 33 RIGHT**, 14 September 1836. **Six months, so born about March 1836.** **SHE WAS PUBLISHED HERE AT TEN MONTHS.** The act says «*di mesi **SEI***». **And her mother is named**: **RAFFAELA FALCO**, which makes her a sister of the CARMINA FALCO buried at six months in December 1832 — the same couple, and the second household this archive was holding apart from itself. **THIS ROW STOOD IN A HOUSEHOLD OF ITS OWN, «Francesco Falco (living 1836, unjoined)», UNTIL 20 SEPTEMBER 2026.** Reading the act gave the mother's name, and the mother's name joined it to a household this archive already had. **The stub was not a family. It was a line nobody had read.**	ANTENATI an_ua14338 img33r
Pasquale Falco & Chiara Rivetti	Pasquale Falco	father	death	1 Oct 1834	Arienzo, strada Camellara	«*è morto nella sua propria casa **PASCALE FALCO, d'anni SETTANTAQUATTRO**, marito di **CHIARA RIVETTI**, nato in Arienzo, di professione **contadino**, domiciliato ivi, figlio di **MATTEO FALCO, Defunto**, di professione contadino, domiciliato ivi, e di **FRANCESCA CRISCI, Defunta**, domiciliata ivi*» — **act 69, IMAGE 43 RIGHT**, drawn on the first of October 1834 at five. **VERIFIED WORD FOR WORD, 20 September 2026, work-list row 58.** The day, the age, the wife, both parents and both «Defunto» all hold. **The manuscript writes PASCALE**, as it does at his brother's act of 1824. **Only the half of the leaf was missing from the citation**, which said «img43» without saying which side; **image 43 LEFT is Nicola Rivetti, sixty, *fruttajolo***, and a reader would have landed on him.	ANTENATI an_ua14336 img43 act69
Vincenzo Falco & Andreana Crisci	Pasquale Falco (of Vincenzo, the second, 1834)	child	death	25 Dec 1834	Arienzo, strada Camellara	«*è morto nella sua propria casa **PASCALE FALCO, di giorni DIECI**, nato in Arienzo, di professione contadino, domiciliato ivi, figlio di **VINCENZO FALCO**, di professione contadino, domiciliato ivi, e di **ANDREANA CRISCI**, domiciliata ivi*» — **act 89, IMAGE 54 RIGHT**, 25 December 1834. Born about **15 December 1834**, and named for the grandfather who had died on 1 October. **THE CITATION SENT READERS TO IMAGE 53 RIGHT UNTIL 20 SEPTEMBER 2026, AND THAT LEAF IS A DIFFERENT CHILD** — Maria Michele Sperato, fifteen months, daughter of Gaetano Sperato the *sartore* and Nicoletta Sasso. **And the mother had never been recorded here**: **ANDREANA CRISCI** is named in the act, and this page said only «figlio di Vincenzo Falco». The two neighbours who declared it — **Orazio Porrino, thirty-six** and **Angelo Zimbardo, forty** — are both of **strada Camellara**, which puts the household there in December 1834.	ANTENATI an_ua14336 img53r
Michele Falco & Antonia Vigliotta	Maria Rosa Falco	child	death	30 May 1834	Arienzo, strada Camellara	«*è morta nella sua propria casa **MARIA ROSA FALCO, di mesi VENTIDUE**, nata in Arienzo, di professione contadina, domiciliata ivi, figlia di **MICHELE FALCO**, di professione contadino, domiciliato ivi, e di **ANTONIA VIGLIOTTA**, domiciliata ivi*» — **IMAGE 24 RIGHT**, 30 May 1834. **SHE WAS PUBLISHED HERE AT «d'anni SEDICI» — SIXTEEN YEARS — AND SHE WAS TWENTY-TWO MONTHS.** The act reads «*di **mesi** ventidue*», magnified. **A sixteen-year-old contadina and an infant of not quite two are not the same kind of person**: everything anyone might infer from the first — a birth about 1818, a working girl, a daughter of marriageable age — is wrong. She was born about **July 1832**. **Her mother was not recorded either.** **ANTONIA VIGLIOTTA** is named in the act. **And she raises a question this archive should not settle by guessing**: the Michele Falco of Arienzo who buries a two-year-old son in 1842 is married to an **ANTONIA MIGLIORE**. Same forename, same town, same trade, eight years apart. **Either one of the two surnames is misread, or there are two Michele Falco each married to an Antonia.** Neither is asserted. **The citation also pointed at image 23 right**, which is Carmina Zimbardo, fourteen days old, daughter of Domenico Zimbardo and Orsola Porrino. **THIS ROW STOOD IN A HOUSEHOLD OF ITS OWN, «Michele Falco (strada Camellara)», UNTIL 20 SEPTEMBER 2026.** The act names her mother — **ANTONIA VIGLIOTTA** — and that name joins her to a household this archive already had: the **MICHELE FALCO of strada Camellara** who buried Salvatore in 1836 and Matteo in 1842 and married again in 1850 as «*vedovo di ANTONIA VIGLIOTI*». **The stub was not a family. It was a line nobody had read.**	ANTENATI an_ua14336 img23r
Michelangelo Falco & Raffaela Falco	Anna Falco	child	death	16 Mar 1834	Arienzo, strada Camellara	«*L'anno milleottocento trentaquattro, il dì **SEDICI** del mese di **MARZO** … è morta nella sua propria casa **ANNA FALCO, di giorni OTTO**, nata in Arienzo, di professione contadina, domiciliata ivi, figlia di **MICHELANGELO FALCO**, di professione **contadino**, domiciliato ivi, e di **RAFFAELA FALCO**, domiciliata ivi*» — **act 16, image 11 LEFT**, declared by **GIUSEPPE CARFORA, forty** and **TOMASO SPOSITO, sixty**, both contadini of **STRADA CAMELLARA** and both «vicino della Defunta». Eight days old, so born about **8 March 1834**. **FOUND ON 20 SEPTEMBER 2026 AFTER THE CITATION FOR HER WAS WITHDRAWN.** This archive had her at image 10 left, dead on **7 March**; image 10 left is **MARIA PORRINO**, eight days old, dead on the **8th** — the same age, all but the same day, and a different child. **The act was found by a contact-sheet sweep of the volume's name lines**, which is what a contact sheet is for: it produced the candidate leaf, and the leaf was then read. **Her mother is RAFFAELA FALCO, and this archive had never recorded her at all.** Both names were magnified before anything was published.	ANTENATI an_ua14336 img11l act16
Vincenzo Falco & Andreana Crisci	Pasquale Falco (of Vincenzo, 1830-1833)	child	death	22 Feb 1833	Arienzo, strada Camellara	Pasquale Falco, di anni tre, nato in Arienzo, figlio di Vincenzo Falco, di professione contadino, e di Andreana Crisci — b. c.1830; a first child of this name, twenty-two months before the second  [DISAMBIGUATED 15 Sep 2026: this row used to read simply «Pasquale Falco», which merged these infants with their own great-grandfather, PASQUALE FALCO of generation two, who died on 1 October 1834 aged seventy-four as the husband of Chiara Rivetti. That merge gave generation two a baptism of 1830 and two deaths that were not his, and it made VINCENZO FALCO — his son — into his parent, which is the cycle the person-graph builder refused to close.]	ANTENATI an_ua14335 img10l act16 — READ FROM THE IMAGE [IMAGE NUMBER CORRECTED 20 Sep 2026 from img9l: image 9 left is act 14, 19 February 1833, and the dead there is a woman. Act 16 is on image 10 LEFT. Even acts run down the left page of each opening in this volume and odd acts down the right.]
Michele Falco & Vincenza Sposito	Michele Falco	father	—	—	Arienzo	named as the deceased's father, "figlia di Michele Falco, defunto, di professione contadino"	ANTENATI an_ua14334 img20l act32
Michele Falco & Vincenza Sposito	Vincenza Sposito	mother	—	—	Arienzo	«*e di **VINCENZA SPOSITO**, **Defunta**, domiciliata ivi*» — read from the image on 20 September 2026. **She was published here as «Vincenza ESPOSITO» and the act has no initial E.** **SPOSITO** is the form this archive already holds on the Falco's own street — Tomaso Sposito, Salvatore Sposito, Crescenzo Sposito — and *Esposito*, the foundling name, is a different thing entirely. Dead before May 1832.	ANTENATI an_ua14334 img20l act32
Michele Falco & Vincenza Sposito	Giovanna Falco	child	death	13 May 1832	Arienzo	«*è morta nella sua propria casa **GIOVANNA FALCO, d'anni SESSANTA**, moglie di **ANTONIO LETTIERI**, nata in Arienzo, di professione contadina, domiciliata ivi, figlia di **MICHELE FALCO Defunto** … e di **VINCENZA SPOSITO Defunta***» — died 13 May 1832, the act drawn the next day. Born about **1772**. **THREE THINGS ON THIS ONE LINE WERE WRONG UNTIL 20 SEPTEMBER 2026.** She was published at **seventy**, and the word is «*ſeſſanta*» — two long **ſ**, no crossed **tt**. Her husband was published as «**Antonio Sett[embre]**», and the act reads **ANTONIO LETTIERI**. Her mother was published as **Vincenza ESPOSITO**, and the act reads **SPOSITO**, with no initial E — which is the form this archive already holds for the Sposito of strada Camellara. **And the citation pointed at the wrong leaf.** It gave image 20 left; **image 20 left is act 30, and act 30 is a different family altogether** — Michele Morgillo, four years old, son of Nicola Morgillo and Elisabetta Crisci. **Act 32 is on image 21 left**, drawn 14 May before Francesco d'Ambrosio, sindaco, and declared by **Gennaro Cioffi, thirty** and **Clemente Cioffi, twenty-eight**, both of strada Cossa.	ANTENATI an_ua14334 img20l act32
Francesco Falco & Raffaela Falco	Carmina Falco	child	death	19 Dec 1832	Arienzo, strada Camellara	«*è morta nella sua propria casa **CARMINA FALCO, di mesi SEI**, nata in Arienzo, di professione contadina, domiciliata ivi, figlia di **FRANCESCO FALCO**, di professione contadino, domiciliato ivi, e di **RAFFAELA FALCO**, domiciliata ivi*» — died **19 December 1832**, at two in the morning. Six months old, so born about June 1832. **THE CITATION WAS WRONG IN BOTH ITS PARTS UNTIL 20 SEPTEMBER 2026.** It gave *image 48 right, act 80*. **Image 48 right is act 79**, and act 79 is **DON FRANCESCANTONIO GESSI, seventy-eight, PROPRIETARIO**, widower of Donna Maria Giuseppa Cinque — a gentry household with nothing to do with this child. **Act 80 is image 49 left**, and that is Arcangelo Altarelli, nineteen. **Carmina Falco is ACT 81, on IMAGE 49 RIGHT.**	ANTENATI an_ua14334 img48r act80
Francesco Falco & Raffaela Falco	Pasqualina Falco	child	death	14 Sep 1836	Arienzo, strada Camellara	«*è morta nella sua propria casa **PASQUALINA FALCO, di mesi SEI**, nata in Arienzo, di professione contadina, domiciliata ivi, figlia di **FRANCESCO FALCO**, di professione contadino, domiciliato ivi, e di **RAFFAELA FALCO**, domiciliata ivi*» — **image 33 RIGHT**, 14 September 1836. **Six months, so born about March 1836.** **SHE WAS PUBLISHED HERE AT TEN MONTHS.** The act says «*di mesi **SEI***». **And her mother is named**: **RAFFAELA FALCO**, which makes her a sister of the CARMINA FALCO buried at six months in December 1832 — the same couple, and the second household this archive was holding apart from itself. **THIS ROW STOOD IN A HOUSEHOLD OF ITS OWN, «Francesco Falco (living 1836, unjoined)», UNTIL 20 SEPTEMBER 2026.** Reading the act gave the mother's name, and the mother's name joined it to a household this archive already had. **The stub was not a family. It was a line nobody had read.**	ANTENATI an_ua14338
Michelangelo Falco & Mariantonia Vigliotta	Michelangelo Falco	father	—	—	Arienzo, strada Camellara	figlia di Michelangelo Falco, di professione contadino, domiciliato ivi	ANTENATI an_ua14333 img19r act33
Michelangelo Falco & Mariantonia Vigliotta	Mariantonia Vigliotta	mother	—	—	Arienzo, strada Camellara	e di Mariantonia Vigliotta	ANTENATI an_ua14333 img19r act33
Michelangelo Falco & Mariantonia Vigliotta	Anna Falco	child	death	4 May 1831	Arienzo, strada Camellara	«*è morta nella sua propria casa **ANNA FALCO, di mesi TREDICI**, nata in Arienzo, di professione contadina, domiciliata ivi, **figlia di MICHELANGELO FALCO**, di professione contadino, domiciliato ivi, **e di MARIANTONIA VIGLIOTTA**, domiciliata ivi*» — died **4 May 1831** at thirteen hours, thirteen months old, so born about **April 1830**. **Verified from the image, work-list row 58.** **THE CITATION POINTED AT IMAGE 19 RIGHT, WHICH IS A DIFFERENT CHILD** — Carmina Maccaniello, ten months, daughter of Pasquale Maccaniello and Raffaela Zimbardo, dead on 28 April. **The act is on IMAGE 20 RIGHT**, found by sweeping the volume's date lines. **AND IT SHARPENS THE QUESTION RAISED ELSEWHERE TODAY.** This archive now holds **two Anna Falco, three years apart, each «figlia di MICHELANGELO FALCO», with two different mothers**: this one **MARIANTONIA VIGLIOTTA**, and the Anna of 16 March 1834 **RAFFAELA FALCO**. **A remarriage between them is excluded** if this Mariantonia Vigliotta is the woman who was still bearing children to a Michele Falco in 1834, 1836 and 1842 and whom he survived in 1850. **So either there are two Michelangelo Falco at Arienzo, or one of the two mothers is misread.** Both mothers have now been read from the image at full resolution. **Neither reading is in doubt; the identification is.** **And the declarant is the reason this household is kin at all**: «*e **VINCENZO FALCO**, di anni **trentotto**, di professione contadino, regnicolo, domiciliato ivi strada Camellara, **PARENTE DELLA DEFUNTA***», where **ANDREA CRISCI, fifty-eight**, beside him is only «**VICINO DELLA DEFUNTA**». **The clerk drew the distinction himself, in one sentence.** Read from the image on 20 September 2026.	ANTENATI an_ua14333 img19r act33
Michelangelo Falco & Mariantonia Vigliotta	Anna Falco	child	WITHDRAWN from this household	16 Mar 1834	Arienzo, strada Camellara	**THIS CHILD IS NOT RECORDED AS THIS COUPLE'S, AND THE ROW IS LEFT STANDING RATHER THAN DELETED.** Until 20 September 2026 an **ANNA FALCO, eight days old, dead 7 March 1834** stood here as a daughter of Michelangelo Falco and **MARIANTONIA VIGLIOTTA**. **The act was found and read.** It is act 16, image 11 left, of **16 March 1834**, and it says «*figlia di **MICHELANGELO FALCO** … e di **RAFFAELA FALCO***». **The mother is not Mariantonia Vigliotta.** **So she is published under MICHELANGELO FALCO & RAFFAELA FALCO instead**, and whether that Michelangelo is this one — widowed and remarried — or a second man of the name is an open question this archive does not close by assuming.	ANTENATI an_ua14336 img11l act16 — READ 20 Sep 2026
Matteo Falco & Francesca Crisci	Rosa Falco	child	death	16 Oct 1830	Arienzo, strada Camellara	Rosa Falco, d'anni quarantadue, moglie di Carlantonio Morgillo, nata in Arienzo, contadina, figlia di Matteo Falco, defunto, e di Francesca Crisci, defunta — matches the Rosa baptised 5 Jan 1786 **VERIFIED WORD FOR WORD FROM THE IMAGE, 20 September 2026, work-list row 58** — «*nel giorno **SEDICI** del mese di **OTTOBRE** … alle ore sedici, è morta nella sua propria casa **ROSA FALCO, di anni QUARANTADUE**, moglie di **CARLANTONIO MORGILLO**, nata in Arienzo, di professione contadina, domiciliata ivi, figlia di **MATTEO FALCO Defunto** … e di **FRANCESCA CRISCI Defunta***». **The mother's surname passes this archive's own three-way test at magnification** — a narrow shoulder where the r belongs, no round o, no double-f ascender: **CRISCI**, not Cossi and not Cioffi. **The citation pointed at image 36 right, which is COSTANZA MAJONE**, sixty, widow of Domenico Papa, dead in the Ospedale di Ave Gratia Plena in September. **The act is on IMAGE 37 RIGHT.** **And her age moves ten years in thirteen.** She is **forty-two** here and **thirty-two** in the birth act of her daughter Giovanna in September 1817.	ANTENATI an_ua14332 img36r act53
Carlantonio Morgillo & Rosa Falco	Carlantonio Morgillo	father	—	—	Arienzo, strada Camellara	named as the husband on his wife's death act	ANTENATI an_ua14332 img36r act53
Carlantonio Morgillo & Rosa Falco	Rosa Falco	mother	death	16 Oct 1830	Arienzo, strada Camellara	daughter of Matteo Falco and Francesca Crisci — a sister of Pasquale, and therefore of the direct line **VERIFIED WORD FOR WORD FROM THE IMAGE, 20 September 2026, work-list row 58** — «*nel giorno **SEDICI** del mese di **OTTOBRE** … alle ore sedici, è morta nella sua propria casa **ROSA FALCO, di anni QUARANTADUE**, moglie di **CARLANTONIO MORGILLO**, nata in Arienzo, di professione contadina, domiciliata ivi, figlia di **MATTEO FALCO Defunto** … e di **FRANCESCA CRISCI Defunta***». **The mother's surname passes this archive's own three-way test at magnification** — a narrow shoulder where the r belongs, no round o, no double-f ascender: **CRISCI**, not Cossi and not Cioffi. **The citation pointed at image 36 right, which is COSTANZA MAJONE**, sixty, widow of Domenico Papa, dead in the Ospedale di Ave Gratia Plena in September. **The act is on IMAGE 37 RIGHT.** **And her age moves ten years in thirteen.** She is **forty-two** here and **thirty-two** in the birth act of her daughter Giovanna in September 1817.	ANTENATI an_ua14332 img36r act53
Carlantonio Morgillo & Rosa Falco	Raffaele Morgillo	child	death	9 May 1832	Arienzo, strada Camellara	Raffaele Morgillo, 22, contadino, figlio di Carlantonio Morgillo — b. c.1810	ANTENATI an_ua14334
Giuseppe Falco & Antonia di Guida	Maddalena Falco	child	birth	7 Jun 1818	Arienzo, strada Camellara	«è comparso Giuseppe Falco, di anni trentasei, contadino… strada Camellara… da Antonia di Guida sua moglie legittima, d'anni trenta, una femina… a cui si è dato il nome di Maddalena» **VERIFIED WORD FOR WORD, work-list row 58 — act 57, foglio 27.** «*è comparso **GIUSEPPE FALCO**, di anni **TRENTASEI**, di professione **contadino**, domiciliato in questo comune, **strada Camellara** … da **ANTONIA DI GUIDA** sua moglie legittima, d'anni **TRENTA**, una **Femina** … a cui si è dato il nome di **MADDALENA***». **AND IT WEAKENS SOMETHING THIS ARCHIVE PUBLISHED EARLIER THE SAME DAY.** On finding Antonia di Guida at **forty** in March 1824 and **forty** again in April 1825, this archive called them «two independent statements agreeing» and dated her birth to about 1784. **There is a third, and it does not agree: THIRTY in June 1818**, which would put her birth about 1788. **Ten years in six.** Her age is as unreliable as everyone else's here, and **the agreement of 1824 and 1825 was the agreement of two guesses, not two witnesses.**	ANTENATI an_ua14415 img47r act57
Giuseppe Falco & Gelsomina Vigliotta	Giuseppe Falco	father	—	b. c.1780	Arienzo, strada Costa	Giuseppe Falco, di anni trentasei, di professione massaro di campo, domiciliato in detto comune, strada Costa — NOT the Giuseppe of strada Camellara	ANTENATI an_ua14413 img60l act116
Giuseppe Falco & Gelsomina Vigliotta	Gelsomina Vigliotta	mother	—	b. c.1784	Arienzo, strada Costa	da Gelsomina Vigliotta, d'anni trentadue, sua moglie legittima	ANTENATI an_ua14413 img60l act116
Giuseppe Falco & Gelsomina Vigliotta	Domenico Falco	child	birth	25 Nov 1816	Arienzo, strada Costa	e nato nella sua propria casa... un maschio... a cui si e dato il nome di Domenico — born at four in the night **VERIFIED WORD FOR WORD, work-list row 58** — act 116, image 60 left: «*è comparso **GIUSEPPE FALCO**, di anni **trentasei**, di professione **MASSARO DI CAMPO**, domiciliato in detto comune, **STRADA COSTA** … da **GELSOMINA VIGLIOTTA** d'anni **trentadue**, sua moglie legittima, un **Maschio** … a cui si è dato il nome di **DOMENICO***», born at **four in the night**. **AND THE STREET IS A WARNING.** This couple are on **strada Costa** in 1816 and on **STRADA CAMELLARA** by March 1823, when the same Giuseppe Falco — forty-two, *massaro di campagna* — declares Pasqua's birth there with the same wife. **The ages agree across both acts** (thirty-six and forty-two; thirty-two and thirty-eight). **So from 1823 the street no longer tells this Giuseppe Falco from the Giuseppe Falco who married Antonia di Guida.** This archive leans on strada Camellara constantly; **it stopped being a discriminator in 1823.**	ANTENATI an_ua14413 img60l act116
Don Nicola Rivetti & Donna Anna Quotolo	Don Nicola Rivetti	father	—	d. before 1816	Arienzo	figlia del fu Don Nicola — dead by January 1816	ANTENATI an_ua14318 img8l act12
Don Nicola Rivetti & Donna Anna Quotolo	Donna Anna Quotolo	mother	—	—	Arienzo	e Donn'Anna Quotolo — the first record to give this Anna a surname	ANTENATI an_ua14318 img8l act12
Don Nicola Rivetti & Donna Anna Quotolo	Donna Francesca Rivetti	child	death	26 Jan 1816	Arienzo	«*è morta … **DONNA FRANCESCA RIVETTI**, figlia del fu **DON NICOLA** e **DONN'ANNA QUOTOLO**, moglie di **DON CLAUDIO CIMMINO***» — atto 12, **26 January 1816**, declared by **Nicola Loffredo**, 30, bracciale of strada Superiore, and **Pietro Loffredo**, 28, «*vicini della defunta*». **CITATION CORRECTED 20 Sep 2026: this act was cited as img7L and it is on img8L** — image 7 left carries atto 10, the death of a Rosa Cimmino. Verified against the image under work-list row 58; the fact was right and only the leaf reference was wrong.	ANTENATI an_ua14318 img8l act12
Pasquale Rivetti & Giovanna Perrotta	Pasquale Rivetti	father	—	d. before Dec 1816	Arienzo	«figlio del fu Pasquale Rivetti» — dead by December 1816	ANTENATI an_ua14318 img42l act76
Pasquale Rivetti & Giovanna Perrotta	Giovanna Perrotta	mother	—	—	Arienzo	«e di Giovanna Perrotta» — named as living, no age given	ANTENATI an_ua14318 img42l act76
Pasquale Rivetti & Giovanna Perrotta	Crescenzo Rivetti	child	death	1 Dec 1816	Arienzo	«Crescenzo Rivetti figlio del fu Pasquale Rivetti e di Giovanna Perrotta, marito di Angela Falco» — died at 11 in the morning; no age recorded	ANTENATI an_ua14318 img42l act76
Crescenzo Rivetti & Angela Falco	Crescenzo Rivetti	father	death	1 Dec 1816	Arienzo	«marito di Angela Falco» — the act that names the marriage is his death act	ANTENATI an_ua14318 img42l act76
Crescenzo Rivetti & Angela Falco	Angela Falco	mother	widowed	1 Dec 1816	Arienzo	named only as «Angela Falco», wife of the deceased; no age, no parents, no children named	ANTENATI an_ua14318 img42l act76
Gioacchino Falco (strada Camellara)	Gioacchino Falco	father	named as declarant	1 Dec 1816	Arienzo, strada Camellara	«Gioacchino Falco, di anni trentasei, massaro di campagna, domiciliato in questo comune, strada Camellara» — declaring the death of Crescenzo Rivetti as a «parente del defunto». Aged 36, so born about 1780.	ANTENATI an_ua14318 img42l act76
Giuseppe Falco & Antonia di Guida	Giuseppe Falco	father	named as declarant	1 Dec 1816	Arienzo, strada Camellara	«e di Giuseppe Falco, di anni trentadue, massaro di campagna, domiciliato ugualmente nel luogo indicato» — declaring the death of Crescenzo Rivetti alongside Gioacchino Falco, the two of them «parenti del defunto». PLACED HERE WITH RESERVATION: the street matches this household, but the age does not. This man is 32 in December 1816; the Giuseppe of strada Camellara is 36 in June 1818, which would make him 34 here. The trade differs too — massaro di campagna against contadino. It may be the same man loosely aged, or a third Giuseppe.	ANTENATI an_ua14318 img42l act76
Giuseppe Falco & Rosa Sossi	Giuseppe Falco	father	—	d. before Jul 1817	Arienzo	«figlia delli fu Giuseppe Falco» — dead by July 1817. A Falco head of the founding generation, distinct from every Giuseppe Falco so far recorded: the others are alive in 1816 and 1818.	ANTENATI an_ua14319 img34l
Giuseppe Falco & Rosa Sossi	Rosa Sossi	mother	—	d. before Jul 1817	Arienzo	«e Rosa Sossi» — «delli fu» governs both parents, so she too was dead by July 1817. The Sossi are one of the largest families in the 1817 register.	ANTENATI an_ua14319 img34l
Giuseppe Falco & Rosa Sossi	Maria Falco	child	death	24 Jul 1817	Arienzo	«Maria Falco figlia delli fu Giuseppe Falco e Rosa Sossi, vedova di Francesco Quotolo» — died at twelve o'clock. No age is given; the 1816–18 form does not ask for one.	ANTENATI an_ua14319 img34l
Francesco Quotolo & Maria Falco	Francesco Quotolo	father	—	d. before Jul 1817	Arienzo	«vedova di Francesco Quotolo» — dead by July 1817	ANTENATI an_ua14319 img34l
Francesco Quotolo & Maria Falco	Maria Falco	mother	death	24 Jul 1817	Arienzo	the act that names this marriage is her own death act; no children are named	ANTENATI an_ua14319 img34l
Giuseppe Quotolo (strada Maddalena)	Giuseppe Quotolo	father	named as declarant	24 Jul 1817	Arienzo, strada Maddalena	«Giuseppe Quotolo, di anni sessantacinque, di professione massaro di campagna, domiciliato in questo comune, strada Maddalena» — declaring Maria Falco's death as a parente, with Aniello Diglio, 45, contadino. Aged 65, so born about 1752 — the oldest man this archive has placed in a Falco household's orbit.	ANTENATI an_ua14319 img34l
Giuseppe di Guida & Michedalena Rivetti	Giuseppe di Guida	father	—	—	Arienzo	«*figlio di **GIUSEPPE DI GUIDA***» — no «fu». **WEAK INFERENCE ONLY, AND THIS PAGE ASSERTED IT UNTIL 20 SEPTEMBER 2026.** It read «*no «fu», **so alive in October 1817**»** — a flat statement of fact. **On 14 September 2026 this archive DISPROVED the «quondam» signal for the parish Latin register**: Matteo Falco is «*filium Matthaei*», with no «q.», **seventeen days after his own burial**. Civil acts are a different tradition and this one is probably sound, **but it no longer carries the weight the sentence gave it.** **The downgrade was written into `data/households.tsv` on 14 September and never into the file the site is built from**, so the site went on asserting for six days what the archive had already stopped believing. Found by reconciling the two files — work-list row 75.	ANTENATI an_ua14319 img59r
Giuseppe di Guida & Michedalena Rivetti	Michedalena Rivetti	mother	—	—	Arienzo	«e Michedalena Rivetti» — the scribe breaks the name across a line as «e Miche-/dalena», a Campanian blend of Michela and Maddalena. A Rivetti woman married into the di Guida.	ANTENATI an_ua14319 img59r
Giuseppe di Guida & Michedalena Rivetti	Angelo Andrea di Guida	child	death	21 Oct 1817	Arienzo	«Angelo Andrea di Guida figlio di Giuseppe di Guida e Michedalena Rivetti, marito di Teresa Vigliotta» — died at seven in the morning; no age given	ANTENATI an_ua14319 img59r
Angelo Andrea di Guida & Teresa Vigliotta	Angelo Andrea di Guida	father	death	21 Oct 1817	Arienzo	the act naming this marriage is his own death act	ANTENATI an_ua14319 img59r
Angelo Andrea di Guida & Teresa Vigliotta	Teresa Vigliotta	mother	widowed	21 Oct 1817	Arienzo	named only as his wife; no age, no parents, no children	ANTENATI an_ua14319 img59r
Pietro Quotolo & Sofia Sossi	Pietro Quotolo	father	named as declarant	21 Oct 1817	Arienzo, strada Maddalena	«Pietro Quotolo, di anni trenta, di professione massaro di campagna, domiciliato in questo comune, strada Maddalena». Born about 1787.	ANTENATI an_ua14319 img59r
Pietro Quotolo & Sofia Sossi	Sofia Sossi	mother	—	—	Arienzo	named as the mother on their daughter's death act three weeks earlier	ANTENATI an_ua14319 img54l
Pietro Quotolo & Sofia Sossi	Angela Quotolo	child	death	28 Sep 1817	Arienzo	«Angela Quotolo figlia di Pietro Quotolo e Sofia Sossi»	ANTENATI an_ua14319 img54l
Francesco Quotolo (strada Maddalena, living 1817)	Francesco Quotolo	father	named as declarant	28 Sep and 21 Oct 1817	Arienzo, strada Maddalena	Declares twice in three weeks and the ages do not match: «di anni trentanove, contadino» on 28 September, «di anni trentatre, massaro di campagna» on 21 October. Almost certainly one man loosely aged rather than two. HE IS NOT the Francesco Quotolo who married Maria Falco — that one was already dead by July 1817.	ANTENATI an_ua14319 img59r
Vincenzo Falco & Andreana Crisci	Raffaele Falco	child	death	28 Oct 1817	Arienzo	«Raffaele Falco figlio di Vincenzo Falco, e d'Andreana Crisci» — died at seven in the morning, aged about eighteen months. THIS IS THE BURIAL OF THE FIRST RAFFAELE, born 25 April 1816, and it settles generation four: the Raffaele of 10 May 1818 is the one who lived. Declared by Sabato Vassallo, 26, sportellaro of strada Porta di Sopra, and by GIUSEPPE FALCO, 37, massaro di campagna of strada Camellara, the two of them «PARENTI» — kin.	ANTENATI an_ua14319 img61l
Giuseppe Falco & Antonia di Guida	Giuseppe Falco	father	named as declarant	24 and 28 Oct 1817	Arienzo, strada Camellara	«Giuseppe Falco, di anni trentasette, di professione massaro di campagna, domiciliato in questo comune, strada Camellara» — twice in five days: on 24 October for a neighbour, Marianna Petrillo, and on 28 October for Vincenzo Falco's infant son Raffaele, where he and Sabato Vassallo are called «PARENTI». Vincenzo is a grandson of Matteo; Giuseppe is a documented son of Matteo, which would make him Vincenzo's uncle — and the register's own word for the relationship is kin. Aged 37 here, so born about 1780.	ANTENATI an_ua14319 img61l
Nicola Majone & Maria Falco	Nicola Majone	father	—	d. before Feb 1818	Arienzo	«figlia delli fu Nicola Majone» — dead by February 1818. NOT the Nicola Majone whose wife was Maria Casella and whose son Giovanni died 9 July 1817; that is a different couple in the same register.	ANTENATI an_ua14319 img88r
Nicola Majone & Maria Falco	Maria Falco	mother	—	d. before Feb 1818	Arienzo	«e Maria Falco» — «delli fu» governs both parents, so she too was dead by February 1818. A FALCO WOMAN MARRIED INTO THE MAJONE. Whether she is the Maria Falco buried on 24 July 1817 — «figlia delli fu Giuseppe Falco e Rosa Sossi, vedova di Francesco Quotolo» — is NOT established. One woman twice widowed would fit the dates; so would two women of the same name. Nothing here decides it.	ANTENATI an_ua14319 img88r
Nicola Majone & Maria Falco	Angela (Lella) Majone	child	death	27 Feb 1818	Arienzo	«Angela, seu Lella Majone, figlia delli fu Nicola Majone, e Maria Falco, moglie di Giuseppe Sossi» — died at nineteen hours. «seu» = «or», the register giving both the formal name and the one she was called by.	ANTENATI an_ua14319 img88r
Giuseppe Sossi & Angela (Lella) Majone	Giuseppe Sossi	father	—	—	Arienzo	«moglie di Giuseppe Sossi» — alive in February 1818, no age given	ANTENATI an_ua14319 img88r
Giuseppe Sossi & Angela (Lella) Majone	Angela (Lella) Majone	mother	death	27 Feb 1818	Arienzo	the act naming this marriage is her own death act	ANTENATI an_ua14319 img88r
Giuseppe Falco & Antonia di Guida	Giuseppe Falco	father	named as declarant	8 May 1818	Arienzo, strada Camellara	«e di Giuseppe Falco, di anni trentasei, di professione contadino, domiciliato in questo comune, strada Camellara» — declaring the death of a neighbour, Emanuela d'Onofrio, with Domenico Balletta, 40, sartore, of the same street. THIS IS THE SIGHTING THAT TIES THE OTHERS TOGETHER: one month later, on 7 June 1818, the birth act of his daughter Maddalena gives him as thirty-six, contadino, of strada Camellara, husband of Antonia di Guida. Same age, same trade, same street, four weeks apart — one man, not two. Balletta is his neighbour in October 1817 as well.	ANTENATI an_ua14320 img24l
Giuseppe Morgillo & Gelsomina Rivetti	Giuseppe Morgillo	father	—	—	Arienzo	«*figlio di **GIUSEPPE MORGILLO***» — no «fu». **WEAK INFERENCE ONLY, AND THIS PAGE ASSERTED IT UNTIL 20 SEPTEMBER 2026**, where it read «*no «fu», **so alive in July 1818**»**. See the corrections page on «quondam», 14 September 2026: **the absence of the death mark has been shown not to prove anyone alive** in the parish register, and the civil acts are only probably better. **The downgrade reached `data/households.tsv` and not this file** — work-list row 75.	ANTENATI an_ua14320 img31r
Giuseppe Morgillo & Gelsomina Rivetti	Gelsomina Rivetti	mother	—	—	Arienzo	«e Gelsomina Rivetti» — a THIRD Morgillo–Rivetti marriage: the two families the Falco married also married each other	ANTENATI an_ua14320 img31r
Giuseppe Morgillo & Gelsomina Rivetti	Pasquale Morgillo	child	death	6 Jul 1818	Arienzo	«Pasquale Morgillo figlio di Giuseppe Morgillo, e Gelsomina Rivetti» — died at ten in the morning; no age given	ANTENATI an_ua14320 img31r
Orazio Morgillo (strada Travo)	Orazio Morgillo	father	named as declarant	6 Jul 1818	Arienzo, strada Travo	«e di Orazio Morgillo, di anni ventisei, di professione contadino, domiciliato in questo comune, strada Travo» — born about 1792. A LEAD, NOT A LINK: generation four's wife, Angela Rosa Morgillo, is recorded as a daughter of an ORAZIO Morgillo and was born 24 February 1818 — when a man of this age would have been twenty-six. But she was born at SAN FELICE, not Arienzo, and Orazio is not rare enough to assume. This is the first Orazio Morgillo this archive has met in any record.	ANTENATI an_ua14320 img31r
Angelo Morgillo fu Simone (strada Travo)	Simone Morgillo	father	—	d. before 1818	Arienzo	«Angelo Morgillo FU Simone» — the register distinguishes him by his dead father, so Simone Morgillo was gone by July 1818	ANTENATI an_ua14320 img31r
Angelo Morgillo fu Simone (strada Travo)	Angelo Morgillo	child	named as declarant	6 Jul 1818	Arienzo, strada Travo	«Angelo Morgillo fu Simone, di anni cinquanta, di professione contadino, domiciliato in questo comune, strada Travo» — born about 1768	ANTENATI an_ua14320 img31r
Carlantonio Morgillo (the elder) & Manilia Rivetti	Carlantonio Morgillo (the elder)	father	—	d. before Aug 1818	Arienzo	«figlia delli fu Carlantonio Morgillo» — dead by August 1818. A SECOND Carlantonio Morgillo, and the discovery matters: the Carlantonio Morgillo who married Rosa Falco was alive in 1830, and declares this very act aged thirty-three. Two men of the name, one generation apart.	ANTENATI an_ua14320 img38r
Carlantonio Morgillo (the elder) & Manilia Rivetti	Manilia Rivetti	mother	—	d. before Aug 1818	Arienzo	«e Manilia Rivetti» — «delli fu» governs both. A fourth Morgillo–Rivetti marriage in these registers.	ANTENATI an_ua14320 img38r
Carlantonio Morgillo (the elder) & Manilia Rivetti	Giuditta Morgillo	child	death	3 Aug 1818	Arienzo	«Giuditta Morgillo figlia delli fu Carlantonio Morgillo, e Manilia Rivetti, vedova di Giuseppe Gimbardo» — died at sixteen hours	ANTENATI an_ua14320 img38r
Carlantonio Morgillo & Rosa Falco	Carlantonio Morgillo	father	named as declarant	3 Aug 1818	Arienzo, strada Maddalena	«Carlantonio Morgillo, di anni trentatre, di professione contadino, domiciliato in questo comune, strada Maddalena» — declaring the death of GIUDITTA MORGILLO as «vicino, parente», with Matteo Migliore of San Felice. A FOURTH sighting, and it tightens the age: thirty-three in September 1817 and thirty-three again in August 1818, against thirty in February 1816 and thirty-six in October 1816. The two later readings agree on a birth about 1784–85. AND A LEAD: Giuditta is daughter of the LATE Carlantonio Morgillo and Manilia Rivetti, and this Carlantonio declares her death as kin. He is very plausibly her brother, which would give this man's own parents. The act says «parente» without saying how, so it is not asserted.	ANTENATI an_ua14320 img38r
Don Giuseppe Rivetti, sacerdote (strada Sant'Andrea)	Don Giuseppe Rivetti	father	named as declarant	6 Oct 1818	Arienzo, strada Sant'Andrea	«sono comparsi D. Giuseppe Rivetti, di anni quarantuno, di professione SACERDOTE, domiciliato in questo comune, strada Sant'Andrea» — a Rivetti priest, born about 1777. With the Donna Francesca Rivetti of January 1816, daughter of Don Nicola Rivetti and Donn'Anna Quotolo, he is the second sign of a Rivetti branch of standing at Arienzo. He is recorded as a household of one because a priest has no wife; «father» is only the schema's word for a head.	ANTENATI an_ua14320 img47r
Crescenzo Rivetti & Angela Falco	Angelandrea Rivetti	child	death	12 Feb 1819	Arienzo	«Angelandrea Rivetti figlia del fu Crescenzo Rivetti, ed Angela Falco» — died at eight in the morning, two years and two months after her father. THE FIRST CHILD OF THIS MARRIAGE TO BE FOUND, and the second record anywhere to name Angela Falco. Declared by Arcangelo Anigale, 48, fruttajolo, and Raffaele Rivetti, 26, contadino, as «vicino e parente». Angela is named without «fu», so she was still living in February 1819.	ANTENATI an_ua14321 img5l
Giuseppe Falco & Gelsomina Vigliotta	Domenico Falco	child	death	15 Mar 1819	Arienzo	«Domenico Falco figlio di Giuseppe Falco, e Gelsomina Vigliotta» — died at twelve o'clock, aged about two years and four months; he was born 25 November 1816. Declared by Francesco Martone, cantiniere, and Michele Bordica, 27, contadino, both «nella Camellara, vicini».	ANTENATI an_ua14321 img8l
Giuseppe Falco & Gelsomina Vigliotta	Rosaria Falco	child	death	15 Mar 1819	Arienzo	«Rosaria Falco figlia di Giuseppe Falco, e Gelsomina Vigliotta» — died at twenty-three hours THE SAME DAY as her brother Domenico, eleven hours after him. No birth act has been found for her: she is not in the Arienzo birth registers of 1816, 1817 or 1818, so she was born earlier. Declared by a neighbour of strada Sossi and Francesco Martone, 47, cantiniere, of strada Camellara.	ANTENATI an_ua14321 img8r
Don Giuseppe Rivetti (the elder) & Giovanna Bega	Don Giuseppe Rivetti (the elder)	father	—	d. before Mar 1819	Arienzo	«figlia delli fu Don Giuseppe Rivetti» — dead by March 1819, and therefore NOT the Don Giuseppe Rivetti, sacerdote, aged forty-one, who was declaring deaths in October 1818. A priest would in any case have no legitimate daughter. Two men of the name in one gentry house.	ANTENATI an_ua14321 img10l
Don Giuseppe Rivetti (the elder) & Giovanna Bega	Giovanna Bega	mother	—	d. before Mar 1819	Arienzo	«e Giovanna Bega» — «delli fu» governs both parents	ANTENATI an_ua14321 img10l
Don Giuseppe Rivetti (the elder) & Giovanna Bega	Suor Maria Maddalena Rivetti	child	death	31 Mar 1819	Arienzo	«Suor Maria Maddalena Rivetti figlia delli fu Don Giuseppe Rivetti, e Giovanna Bega» — atto of **31 March 1819**, a nun, died at **twenty-two hours** on the thirty-first. **DATE CORRECTED 20 Sep 2026 from 30 March: the act reads «*a' dì TRENTUNO del mese di Marzo*» and repeats «*a' detto dì trentuno … ad ore ventidue*».** Declared by **Giovanni Sergio**, 53, *bettoliere*, and **Salvatore [?]**, 65, *fruttajolo*, «*croci dell'ospedale, vicini*». The third and clearest sign of a Rivetti house of standing at Arienzo, beside Donna Francesca Rivetti of 1816, the apothecary Don Giovanbattista, and the priest Don Giuseppe. **And she is the third and clearest sign of a RIVETTI HOUSE OF STANDING at Arienzo** — beside **DONNA FRANCESCA RIVETTI** of January 1816, the apothecary **DON GIOVANBATTISTA**, and the priest **DON GIUSEPPE**. (That sentence was in `data/households.tsv` and not in the file the site builds from; recovered by work-list row 75.)	ANTENATI an_ua14321 img10l
Francesco Quotolo & Vittoria di Guida	Francesco Quotolo	father	—	—	Arienzo, strada Maddalena	«figlio di Francesco Quotolo» — the living Francesco Quotolo of strada Maddalena, not the late husband of Maria Falco	ANTENATI an_ua14321 img29r
Francesco Quotolo & Vittoria di Guida	Vittoria di Guida	mother	—	—	Arienzo, strada Maddalena	«e Vittoria di Guida» — a Quotolo–di Guida marriage on the same street	ANTENATI an_ua14321 img29r
Francesco Quotolo & Vittoria di Guida	Angelo Quotolo	child	death	6 Sep 1819	Arienzo	«Angelo Quotolo figlio di Francesco Quotolo, e Vittoria di Guida» — died at eleven	ANTENATI an_ua14321 img29r
Giuseppe di Guida (strada Maddalena)	Giuseppe di Guida	father	named as declarant	6 Sep 1819	Arienzo, strada Maddalena	«e di Giuseppe di Guida, di anni sessantotto, di professione massaro di campagna, domiciliato in questo comune, strada Maddalena» — born about 1751. A LEAD: a Giuseppe di Guida is named in October 1817 as the father of Angelo Andrea di Guida by Michedalena Rivetti, and Giuseppe Falco of strada Camellara married an ANTONIA DI GUIDA. A man of sixty-eight in 1819 is the right age to be father to both. Nothing here names Antonia, so it is not asserted.	ANTENATI an_ua14321 img29r
Carlantonio Morgillo & Rosa Falco	Carlantonio Morgillo	father	named as declarant	21 Oct 1819	Arienzo	«*Carlantonio Morgillo, di anni **trentacinque**, contadino*» — a FIFTH sighting, at the death of **Maria Teresa Zimbardo**, daughter of Francesco Zimbardo and Rosa Diglio. **DATE CORRECTED 20 Sep 2026 from 20 October: the act reads «*a' dì VENTUNO del mese di Ottobre*».** Thirty-three in August 1818 and thirty-five fourteen months later: fast by a year, but the run 33 (Sept 1817), 33 (Aug 1818), 35 (Oct 1819) is broadly consistent and keeps the birth around 1784-85. The outliers remain the two 1816 readings, thirty and thirty-six.	ANTENATI an_ua14321 img32l
Arcangelo Crisci & Anna Falco	Arcangelo Crisci	father	—	living 24 Jan 1820	Arienzo, strada Camellara	«figlio di ARCANGELO CRISCI, di professione Contadino, domiciliato ivi strada Camellara» — the FIRST CIVIL RECORD to place this marriage on the ground. Until now the archive knew of Arcangelo Crisci's marriage to Anna Falco only at second hand. He is a contadino, and he lives on the family's own street.	ANTENATI an_ua14322 img5r act5
Arcangelo Crisci & Anna Falco	Anna Falco	mother	—	living 24 Jan 1820	Arienzo, strada Camellara	«e di ANNA FALCO, domiciliata ivi» — alive on 24 January 1820, and bearing a child two days earlier. She is said to have died at twenty-two later in this same year, which would put her birth about 1798.	ANTENATI an_ua14322 img5r act5
Arcangelo Crisci & Anna Falco	Fortunato Crisci	child	death	24 Jan 1820	Arienzo, strada Camellara	«è morto nella sua propria casa FORTUNATO CRISCI di giorni due, nato in Arienzo, domiciliato ivi strada Camellara» — two days old. Declared by ANDREA CRISCI, 60, and MARCELLO CRISCI, 25, both contadini of strada Camellara, each «vicino del defunto». The Andrea Crisci who reported Anna Falco's namesake's death in 1831 is given as fifty-eight, which fits this man. **THE ACT NUMBER WAS WRONG HERE UNTIL 20 SEPTEMBER 2026.** It was cited as act 5; the leaf is headed «*Numero d'ordine **SEI***». **In this volume the stamped figure in the margin is the FOLIO and not the act** — folio 5 carries act 6, and folio 25 carries act 47 — which is how the two came to be confused. Everything else in the act verifies word for word.	ANTENATI an_ua14322 img5r act5
Pasquale Falco & Chiara Rivetti	Anna Falco	child	death	23 Aug 1820	Arienzo, strada Camellara	«è morta nella sua propria casa ANNA FALCO di anni venticinque, moglie di ARCANGELO CRISCI, nata in Arienzo, di professione Contadina, domiciliata ivi strada Camellara, FIGLIA DI PASQUALE FALCO, di professione Contadino, domiciliato ivi strada Camellara, E DI CHIARA RIVETTI, domiciliata ivi» — atto 47. A DAUGHTER OF THE DIRECT LINE'S GENERATION TWO, and a sister of Vincenzo Falco. Aged twenty-five, so born about 1795. She had buried a two-day-old son, Fortunato Crisci, seven months earlier.	ANTENATI an_ua14322 img26r atto47
Pasquale Falco & Chiara Rivetti	Pasquale Falco	father	named as living	23 Aug 1820	Arienzo, strada Camellara	On his daughter Anna's death act he is «PASQUALE FALCO, di professione Contadino, domiciliato ivi strada Camellara» — WITHOUT «fu» or «defunto». So he was alive on 23 August 1820, a contadino, living on strada Camellara, fourteen years before his own death act of 1 October 1834. This is an independent civil sighting of the ancestor between his marriage and his death.	ANTENATI an_ua14322 img26r atto47
Pasquale Falco & Chiara Rivetti	Chiara (Clara) Rivetti	mother	named as living	23 Aug 1820	Arienzo, strada Camellara	«e di CHIARA RIVETTI, domiciliata ivi» — named without «fu» on her daughter Anna's death act, so alive in August 1820 and living on strada Camellara. Until now the only record naming her at all was her own Latin burial entry of 1843.	ANTENATI an_ua14322 img26r atto47
Nicola Rivetti & Anna di Ruggio	Nicola Rivetti	father	—	d. before Sep 1821	Arienzo	«figlio di NICOLA RIVETTI Defunto, di professione Contadino» — a CONTADINO Nicola Rivetti, dead by September 1821. THE BEST CANDIDATE YET FOR CHIARA RIVETTI'S FATHER: Chiara, who married Pasquale Falco, is «filia quondam NICOLAI et ANNA» in her 1843 Latin burial entry and was born about 1763; this Nicola's son Carmine was born about 1768. Same forename, same generation, and the same station — Chiara married a contadino.	ANTENATI an_ua14323 img23r
Nicola Rivetti & Anna di Ruggio	Anna di Ruggio	mother	—	d. before Sep 1821	Arienzo	«e di ANNA DI RUGGIO Defunta» — IF this is Chiara Rivetti's mother, then the «Anna» of the 1843 entry was ANNA DI RUGGIO, and the Rivetti of this line were contadini, not the Don Nicola / Donn'Anna Quotolo house of the 1816 lead. Not established.	ANTENATI an_ua14323 img23r
Nicola Rivetti & Anna di Ruggio	Carmine Rivetti	child	death	15 Sep 1821	Arienzo, strada Monticello de' Cappuccini	«CARMINE RIVETTI di anni cinquantatre, marito di GIUSTINA MORGILLO, nato in Arienzo, di professione Contadino» — born about 1768. Declared by **MARCELLO RIVETTI, thirty-six**, contadino of **strada Monticello de' Cappuccini** — the same street as the dead man — and **GIOVANNI MORGILLO FU PASCALE, forty-five**, contadino of **strada Cioffi**, «**parente del defunto**». **The second declarant's patronymic was published here as «fu RAFFAELE» until 20 September 2026.** The word is **PASCALE**: a long ſ in the middle and the ending **-ale**, where Raffaele has a double-f and ends **-ele**. **It is the only thing that identifies which Giovanni Morgillo this is**, and it gives his father a name. **Note what «fu» is doing here, because this archive got it wrong elsewhere in the same week**: it is a **patronymic** — *Giovanni Morgillo, son of the late Pascale* — attached to a living declarant. **It is not the death mark in a filiation clause**, which these forms write as «Defunto» AFTER the parent's name, as they do twice in this very act for Nicola Rivetti and Anna di Ruggio.	ANTENATI an_ua14323 img23r
Carmine Rivetti & Giustina Morgillo	Carmine Rivetti	father	death	15 Sep 1821	Arienzo, strada Monticello de' Cappuccini	«marito di Giustina Morgillo»	ANTENATI an_ua14323 img23r
Carmine Rivetti & Giustina Morgillo	Giustina Morgillo	mother	widowed	15 Sep 1821	Arienzo	named as his wife — another Morgillo–Rivetti marriage	ANTENATI an_ua14323 img23r
Matteo Falco & Francesca Crisci	Angela Falco	child	death	17 Oct 1822	Arienzo, strada Capodiconca	«è morta nella sua propria casa ANGELA FALCO di anni CINQUANTUNO, VEDOVA DI CRESCENZO RIVETTI, nata in Arienzo, di professione Contadina, domiciliata ivi strada Capodiconca, FIGLIA DI MATTEO FALCO Defunto, di professione Contadino, E DI FRANCESCA CRISCI Defunta» — atto 65. A DAUGHTER OF THE FOUNDING COUPLE, and so a sister of Pasquale. Aged fifty-one, so born about 1771. This is the THIRD time Matteo Falco and Francesca Crisci are named from a child's death act, and the EARLIEST of the three — before Rosa's of 1830 and Pasquale's of 1834.	ANTENATI an_ua14324 img34r atto65
Crescenzo Rivetti & Angela Falco	Angela Falco	mother	death	17 Oct 1822	Arienzo, strada Capodiconca	«ANGELA FALCO di anni cinquantuno, vedova di CRESCENZO RIVETTI … figlia di MATTEO FALCO Defunto … e di FRANCESCA CRISCI Defunta» — she outlived Crescenzo by nearly six years and had moved from strada Camellara to strada Capodiconca. Declared by Nicola Massone and Alessandro Martone, both twenty-two and both «vicino della defunta». HER PARENTAGE EXPLAINS THE 1816 ACT: when Crescenzo died, GIOACCHINO FALCO and GIUSEPPE FALCO declared it as «parenti del defunto» — they were his wife's brothers.	ANTENATI an_ua14324 img34r atto65
Giuseppe Falco & Antonia di Guida	Giuseppe Falco	father	named as declarant	20 Jun 1823	Arienzo, strada Camellara	«e GIUSEPPE FALCO FU MATTEO, di anni quarantadue, di professione Contadino, regnicolo, domiciliato strada Camellara» — THE FIRST CIVIL RECORD TO STATE HIS PARENTAGE OUTRIGHT. The clerk adds «fu Matteo» to tell him from the other Giuseppe Falco of the town, and in doing so confirms from the civil series what the archive previously had only from the parish books: this Giuseppe is a son of the late Matteo Falco. Forty-two here, so born about 1781 — which agrees within a year with the thirty-seven he gives in October 1817. (This archive published «quarantatre» until 20 September 2026. The word ends «-adue», and the same clerk's «tre», three lines below on the same leaf, is a different shape.) He declares with Cesare Giglio, 50, of the same street, at the death of Maria Crisci, three years old, daughter of Marcello Crisci and Maria Rosa Mauro.	ANTENATI an_ua14325 img20r
Marcello Crisci & Maria Rosa Mauro	Marcello Crisci	father	—	living 1823	Arienzo, strada Camellara	«figlia di MARCELLO CRISCI, di professione contadino» — the Marcello Crisci, 25, who declared the death of Fortunato Crisci, son of Arcangelo Crisci and Anna Falco, on strada Camellara in January 1820	ANTENATI an_ua14325 img20r
Marcello Crisci & Maria Rosa Mauro	Maria Rosa Mauro	mother	—	living 1823	Arienzo, strada Camellara	«e di MARIA ROSA MAURO, domiciliata ivi»	ANTENATI an_ua14325 img20r
Marcello Crisci & Maria Rosa Mauro	Maria Crisci	child	death	19 Jun 1823	Arienzo, strada Camellara	«MARIA CRISCI, di anni tre, nata in Arienzo, di professione contadina» — declared by Cesare Giglio and GIUSEPPE FALCO FU MATTEO, both of strada Camellara	ANTENATI an_ua14325 img20r
Francesco Cioffi & Maria Falco	Francesco Cioffi	father	—	living Jun 1823	Arienzo, strada Sant'Andrea	«figlia di FRANCESCO CIOFFI, di professione contadino, domiciliato ivi» — named without «fu», so living. SURNAME RE-READ 16 Sep 2026 at the leaf's full resolution: the C is followed by a DOTTED i, then a round o, then the tall ff ligature with its long descender. CIOFFI, in the act itself. The earlier «COSSI» was this archive's misreading and not the register's spelling, and the bracketed note that used to stand here — saying the act's own wording was quoted unchanged — was therefore untrue [PERSON NAME CORRECTED 15 Sep 2026: this archive established months ago that the strada Camellara household is CIOFFI, not Cossi, and applied it to the household name only — the children kept the retired spelling and were built as separate people. The act's own wording is quoted above unchanged.]	ANTENATI an_ua14325 img21r atto39
Francesco Cioffi & Maria Falco	Maria Falco	mother	—	living Jun 1823	Arienzo, strada Sant'Andrea	«e di MARIA FALCO, domiciliata ivi» — A LIVING MARIA FALCO in 1823, and therefore a third woman of the name. She is not the Maria Falco buried on 24 July 1817 (daughter of Giuseppe Falco and Rosa Sossi, widow of Francesco Quotolo), nor the Maria Falco who was already dead in February 1818 as the mother of Angela Majone. Her own parents are not named here. The declarants are GIUSEPPE FALCO FU MATTEO, 42, contadino, and ANIELLO DIGLIO, 46, contadino, both given on strada Sant'Andrea and both entered «vicino della defunta» — so nothing in THIS act joins her to the line. THE NEXT ACT DOES: on 25 March 1824 both Falco declarants are entered «ZIO DEL DEFUNTO» over her dead son, a word this archive transcribed as «vicino» and corrected on 16 Sep 2026.	ANTENATI an_ua14325 img21r atto39
Francesco Cioffi & Maria Falco	Antonia Cioffi	child	death	20 Jun 1823	Arienzo, strada Sant'Andrea	«è morta nella sua propria casa ANTONIA CIOFFI, di mesi nove, nata in Arienzo, di professione contadina, domiciliata ivi, figlia di FRANCESCO CIOFFI, di professione contadino, domiciliato ivi, e di MARIA FALCO, domiciliata ivi» — atto 39, died 20 June 1823 at fifteen hours, the act drawn the same day at nineteen before Vincenzo Morgillo, sindaco. RE-READ FROM THE IMAGE 16 Sep 2026: the surname is CIOFFI in both places at full magnification, not COSSI [PERSON NAME CORRECTED 15 Sep 2026: this archive established months ago that the strada Camellara household is CIOFFI, not Cossi, and applied it to the household name only — the children kept the retired spelling and were built as separate people. The act's own wording is quoted above unchanged.]	ANTENATI an_ua14325 img21r atto39
Giuseppe Falco & Antonia di Guida	Giuseppe Falco	father	named as declarant	20 Jun 1823	Arienzo, strada Sant'Andrea	«sono comparsi GIUSEPPE FALCO FU MATTEO, di anni quarantadue, di professione Contadino, domiciliato in questo comune, strada Sant'Andrea, vicino della defunta» — atto 39, the SECOND «fu Matteo» sighting in two days, at the death of Antonia Cossi, nine months old, daughter of Francesco Cossi and a MARIA FALCO. TWO CAUTIONS. He is forty-two here and forty-three the day before, from the same clerk — a plain measure of how loosely these ages are kept. And he is given here on STRADA SANT'ANDREA where the day before he is on strada Camellara: in this form a declarant described as «vicino» is recorded at the street of the house where the death happened, so a declarant's street is NOT reliable evidence of where he himself lived. RE-READ 16 Sep 2026: the second declarant, not recorded here before, is ANIELLO DIGLIO, 46, contadino, «domiciliato ivi strada Sant'Andrea, vicino della defunta». He stands with a Falco over this household's dead again in April 1825.	ANTENATI an_ua14325 img21r atto39
Pasquale Rivetti & Giovanna Perrotta	Paolo Rivetti	child	death	9 Oct 1823	Arienzo, strada Fontana	«è morto nella sua propria casa PAOLO RIVETTI, di anni cinquanta, marito di ANGELA ESPOSITELLA, nato in Arienzo, di professione Contadino, domiciliato ivi strada Fontana, figlio di PASQUALE RIVETTI Defunto, di professione contadino, e di GIOVANNA PERROTTA, domiciliata ivi» — the same couple named as CRESCENZO RIVETTI's parents in the act of 1 December 1816. So Paolo is Crescenzo's BROTHER, and therefore Angela Falco's brother-in-law. Born about 1773. Declared by GIOVANNI RIVETTI, 23, POSSIDENTE of strada Capodiconca, as «NIPOTE» — nephew — which ties the propertied Rivetti of that street to this family.	ANTENATI an_ua14325 img55r
Pasquale Rivetti & Giovanna Perrotta	Giovanna Perrotta	mother	named as living	9 Oct 1823	Arienzo	«e di GIOVANNA PERROTTA, domiciliata ivi» — named WITHOUT «fu» on her son Paolo's death act, so still alive in October 1823, seven years after her son Crescenzo's death.	ANTENATI an_ua14325 img55r
Paolo Rivetti & Angela Espositella	Paolo Rivetti	father	death	9 Oct 1823	Arienzo, strada Fontana	«marito di ANGELA ESPOSITELLA» — brother of Crescenzo Rivetti, who married Angela Falco	ANTENATI an_ua14325 img55r
Paolo Rivetti & Angela Espositella	Angela Espositella	mother	widowed	9 Oct 1823	Arienzo, strada Fontana	named as his wife; no age, no parents, no children	ANTENATI an_ua14325 img55r
Pasquale Falco & Chiara Rivetti	Pasquale Falco	father	named as declarant	25 Mar 1824	Arienzo, strada Camellara	«sono comparsi PASQUALE FALCO, di anni cinquantacinque, di professione COLONO, regnicolo, domiciliato in questo comune strada Camellara, ZIO DEL DEFUNTO, e GIUSEPPE FALCO, di anni quarantadue, di professione colono, regnicolo, domiciliato ivi strada Camellara, ZIO DEL DEFUNTO» — atto 8. THE WORD IS «ZIO», NOT «VICINO», AND THIS ARCHIVE READ IT WRONG. Re-read 16 Sep 2026 at full magnification: the word before «del defunto» is three letters, written twice, and it is not the six-letter «vicino» the same clerk writes on the 1823 and 1825 acts of this same household — those two acts are the control, and they are in this file to be checked against. So the register states in 1824 that the dead child's mother MARIA FALCO is kin to these two men, four years before the 1828 act on which this archive had rested that conclusion. WHAT IT DOES NOT SETTLE. Read strictly, «zio del defunto» makes Maria Falco a SISTER of Pasquale (bapt. 24 October 1767) and of Giuseppe — and therefore a daughter of MATTEO FALCO and FRANCESCA CRISCI. Her own stated age forbids it: twenty-five in June 1824, born about 1799, when Francesca Crisci was bearing children by 1767. Either that age is one of this register's inventions — and this archive holds the same clerk making Giuseppe Falco forty and forty-five four days apart — or «zio» is doing the loose collateral work that «parente» does in 1828. THE WORD IS RECORDED AND THE PEDIGREE IS REFUSED. THE ONLY RECORD IN WHICH PASQUALE FALCO ACTS FOR HIMSELF, and the only document in this archive written in his own hand: the act closes «segnato da noi e da uno de' dichiaranti, avendo l'altro cioè GIUSEPPE FALCO dichiarato di non sapere scrivere per non averlo mai imparato», and beneath it, in a slow upright hand quite unlike the clerk's, stands the signature «PASCALE FALCO» — the Neapolitan form, without the qu, the way he said his own name. His brother could not sign. He is fifty-five here, one year out against his baptism of 24 October 1767 — ordinary — and his trade is COLONO, a tenant farmer, where his death act of 1834 calls him contadino.	ANTENATI an_ua14326 img9l atto8
Giuseppe Falco & Antonia di Guida	Giuseppe Falco	father	named as declarant	25 Mar 1824	Arienzo, strada Camellara	«e GIUSEPPE FALCO, di anni quarantadue, di professione colono, regnicolo, domiciliato ivi strada Camellara, ZIO DEL DEFUNTO» — CORRECTED 16 Sep 2026: this archive read «vicino del defunto». The word is ZIO, and it is written twice on this act, once for each brother. Declaring beside his brother PASQUALE FALCO: the only act found so far in which the two appear together, and the first to give Giuseppe's trade as colono rather than contadino. Forty-two here, so born about 1782. AND HE COULD NOT WRITE: the act closes by naming him as the declarant who «dichiarato di non sapere scrivere per non averlo mai imparato», while Pasquale signs. What the word «zio» does and does not establish about MARIA FALCO is set out on Pasquale's row for this same act; it is recorded and not resolved.	ANTENATI an_ua14326 img9l atto8
Francesco Cioffi & Maria Falco	Giuseppe Cioffi (the first)	child	death	25 Mar 1824	Arienzo, strada Camellara	«è morto nella sua propria casa GIUSEPPE CIOFFI, di anni cinque, nato in Arienzo, di professione contadino, domiciliato ivi strada Camellara, figlio di FRANCESCO CIOFFI, di professione contadino, domiciliato ivi, e di MARIA FALCO, domiciliata ivi» — atto 8, died 25 March 1824 at eleven, the act drawn the same day at fifteen before Vincenzo Morgillo, sindaco. THE QUESTION MARK IS ANSWERED. This archive transcribed the child as «GIUSEPPE CRISCI(?)» and his father as «FRANCESCO COSSI» and left the doubt standing. Re-read 16 Sep 2026 at the leaf's full resolution, BOTH words are CIOFFI: the dotted i after the C, the round o, and the tall ff ligature with its long descender — against which Crisci shows a narrow r and no round o, and Cossi a short double-s with no ascender. AND THE TWO DECLARANTS CALL THEMSELVES THE CHILD'S UNCLES — see the note on Pasquale Falco. The household is here on STRADA CAMELLARA where the 1823 act placed it on strada Sant'Andrea, but this archive's own rule applies: in this form the street given is the street of the house where the death happened. [PERSON NAME CORRECTED 15 Sep 2026: this archive established months ago that the strada Camellara household is CIOFFI, not Cossi, and applied it to the household name only — the children kept the retired spelling and were built as separate people. The act's own wording is quoted above unchanged.]	ANTENATI an_ua14326 img9l atto8
Don Nicola Rivetti & Donna Anna Quotolo	Donna Anna Quotolo	mother	death	25 Apr 1824	Arienzo, strada Croce dell'Ospedale	«è morta nella sua propria casa DONN'ANNA QUOTOLO di anni OTTANTOTTO, vedova di DON NICOLA RIVETTI, nata in Arienzo, di professione GENTILDONNA, figlia di SILVESTRO QUOTOLO Defunto, di professione POSSIDENTE, e di **MARIA DI GIUSTINA** Defunta» — atto 20. Eighty-eight, so born about 1736. She outlived Don Nicola by at least eight years and was living on strada Croce dell'Ospedale, where the two neighbours who declared her death are both contadini Migliore. This is the woman named on Donna Francesca Rivetti's act of January 1816, now with her own death, her age, her father and his station. **THE MOTHER'S SURNAME WAS «Maria d'Isteria(?)» HERE UNTIL 20 SEPTEMBER 2026, AND «d'ISTERIA» IS EXCLUDED.** At the leaf's full resolution the word plainly ends **-ustina** — there is no **r** before the final syllable — and it begins **Di**. **The likeliest reading is DI GIUSTINA**, an attested Campanian surname; the middle letter will not separate a **g** from an **f**, so *Difustina* cannot be ruled out and the reading is **not treated as settled**. **What is settled is the negative.**	ANTENATI an_ua14326 img16l atto20
Don Nicola Rivetti & Donna Anna Quotolo	Silvestro Quotolo	—	named as Anna's father	d. before 1824	Arienzo	«figlia di SILVESTRO QUOTOLO Defunto, di professione POSSIDENTE» — Donn'Anna's father, a propertied man. So the Quotolo, like the Rivetti, run from massari di campagna on strada Maddalena to a possidente.	ANTENATI an_ua14326 img16l atto20
Giuseppe Falco & Antonia di Guida	Giuseppe Falco	father	named as declarant	2 Apr 1825	Arienzo, strada Camellara	«sono comparsi GIUSEPPE FALCO, di anni QUARANTA, di professione MASSARO, regnicolo, domiciliato in strada Camellara, vicino della defunta, ed ANIELLO DIGLIO, di anni quarantasei, contadino» — a seventh sighting, and THE THIRD TIME HE STANDS FOR THE SAME HOUSE. Francesco Cossi and Maria Falco lost Antonia in June 1823, Giuseppe in March 1824 and Giuseppa here in April 1825, and Giuseppe Falco declared every one. CORRECTED 16 Sep 2026: this archive wrote here that the register called him «vicino» each time and never stated a relationship. THE MIDDLE ACT OF THE THREE CALLS HIM «ZIO DEL DEFUNTO». So the register does state a relationship, and this reading — a pattern of appearances but no statement of kinship — was built on a misread word. What stands is that he is «vicino della defunta» on THIS act and on the 1823 act, and «zio» in 1824 and «parente» in 1828: the clerk wrote whichever the declarant offered, and a man could be both the neighbour and the uncle on one street. His trade drifts again: contadino in 1823, colono in 1824, MASSARO here; and his age goes backwards, forty here against forty-two the year before. **Verified against the image, work-list row 58: act 17, and «di anni QUARANTA, di professione MASSARO» is exactly what it says.** The other declarant is **ANIELLO DIGLIO, forty-six**, contadino of the same street — **and eleven weeks later, in act 34 of this same volume, the same Aniello Diglio of strada Camellara is FIFTY**. **Four years in seventy-eight days**, beside this archive's own demonstration that Giuseppe Falco went from forty to forty-five in four. **The register does not know how old anybody is.**	ANTENATI an_ua14327 img10r
Francesco Cioffi & Maria Falco	Giuseppa Cioffi	child	death	2 Apr 1825	Arienzo, strada Camellara	«è morta nella sua propria casa GIUSEPPA CIOFFI, di mesi otto, nata in Arienzo, di professione contadina, figlia di FRANCESCO CIOFFI, di professione Contadino, e di MARIA FALCO» — the third child of this house to die in three years, all three declared by GIUSEPPE FALCO of strada Camellara. RE-READ FROM THE IMAGE 16 Sep 2026: both surnames are CIOFFI at full magnification. The act was drawn 2 April 1825 at twelve before Giovambattista de' Maffei, secondo eletto; the second declarant is ANIELLO DIGLIO, 46, contadino of strada Camellara, and BOTH men are entered «vicino della defunta». [PERSON NAME CORRECTED 15 Sep 2026: this archive established months ago that the strada Camellara household is CIOFFI, not Cossi, and applied it to the household name only — the children kept the retired spelling and were built as separate people. The act's own wording is quoted above unchanged.]	ANTENATI an_ua14327 img10r
Giuseppe Falco & Antonia di Guida	Maddalena Falco	child	death	31 May 1825	Arienzo, strada Camellara	«è morta nella sua propria casa MADDALENA FALCO, d'anni SETTE, nata in Arienzo, di professione Contadina, figlia di GIUSEPPE FALCO, di professione Contadino, e di ANTONIA DI GUIDA» — atto 30. THIS CLOSES A LIFE THE ARCHIVE HAD ONLY OPENED: her civil birth act of 7 June 1818 records her born on strada Camellara to Giuseppe, thirty-six, and Antonia, and she died a week short of her seventh birthday. A documented grandchild of Matteo Falco and Francesca Crisci, and a first cousin of Vincenzo Falco's children. Declared by CESARE COSSI, 30, and FRANCESCO COSSI, 34, both of strada Camellara — and Francesco Cossi is very likely the husband of the Maria Falco for whose three dead children Giuseppe Falco had stood in 1823, 1824 and 1825. The two houses declare for each other.	ANTENATI an_ua14327 img17l atto30
Giuseppe Falco & Antonia di Guida	Clemente Falco	child	death	19 Jun 1825	Arienzo, strada Camellara	«è morto nella sua propria casa CLEMENTE FALCO, di mesi QUINDICI, nato in Arienzo, di professione contadino, domiciliato ivi strada Camellara, figlio di GIUSEPPE FALCO, di professione contadino, e di ANTONIA DI GUIDA» — born about March 1824, a child of this house the archive did not have. HE DIED NINETEEN DAYS AFTER HIS SISTER MADDALENA, who was seven. Declared by MARCELLO COSSI, 35, and ANIELLO DIGLIO, 50, both of strada Camellara — Diglio is the same neighbour who stood with Giuseppe in April, when he was given as forty-six. **Verified against the image, work-list row 58 — and the act has a number this archive never recorded: it is ATTO 34.** «*è morto nella sua propria casa **CLEMENTE FALCO, di mesi QUINDICI**, nato in Arienzo … domiciliato **ivi strada Camellara**, figlio di **GIUSEPPE FALCO** … e di **ANTONIA DI GUIDA***». **Fifteen months, and the arithmetic closes exactly**: his birth act is 11 March 1824, which is fifteen months and eight days earlier. **Both ends of this child's life are now read from the image and they agree.** **His father is a CONTADINO here**, eleven weeks after being a **MASSARO** in the same volume.	ANTENATI an_ua14327 img20l
Giuseppe di Guida & Maddalena Rivetta	Giuseppe di Guida	father	named as declarant	6 Sep 1819	Arienzo, strada Maddalena	«e di Giuseppe di Guida, di anni sessantotto, di professione massaro di campagna, domiciliato in questo comune, strada Maddalena» — born about 1751. HE IS ANTONIA DI GUIDA'S FATHER: the parish register gives him nine children by Maddalena Rivetta between 1773 and 1791, Antonia among them.	ANTENATI an_ua14321 img29r
Giuseppe di Guida & Maddalena Rivetta	Maddalena Rivetta	mother	—	—	Arienzo	Named «Magdalena Rivetta» in the parish register throughout, and «Michedalena Rivetti» by the civil clerk of 1817 — the scribe's own line-break, «e Miche-/dalena», a Campanian blend. The parish spelling settles it.	3Q9M-CSD3-13K9-C
Giuseppe di Guida & Maddalena Rivetta	Antonia di Guida	child	baptism	31 Oct 1783	Arienzo	«baptizavit infantem natam ex JOSEPHO DI GUIDA, et MAGDALENA RIVETTA … quae nominata est ANTONIA. Matrina fuit PRUDENTIA PAPA» — READ FROM THE IMAGE. She married Giuseppe Falco on 4 Aug 1802, aged eighteen.	3Q9M-CSD3-13K9-C
Giuseppe di Guida & Maddalena Rivetta	Angelo Andrea di Guida	child	baptism	29 Nov 1791	Arienzo	«cui dedit nomen ANGELUS ANDREAS» — the same man whose civil death act of 21 Oct 1817 names these parents. About twenty-five when he died.	3Q9M-CSD3-13XT-X
Giuseppe di Guida & Maddalena Rivetta	Marcellina di Guida	child	baptism	22 Mar 1773	Arienzo	matrina Prudenzia Papa	3Q9M-CSD3-136X-V
Giuseppe di Guida & Maddalena Rivetta	Margherita di Guida	child	baptism	1774	Arienzo	the first of three Margherita; appears to carry an «obiit» margin	3Q9M-CSD3-13XH-H
Giuseppe di Guida & Maddalena Rivetta	Margherita di Guida	child	baptism	14 Mar 1779	Arienzo	the second Margherita	3Q9M-CSD3-13HP-X
Giuseppe di Guida & Maddalena Rivetta	Margherita di Guida	child	baptism	2 Jan 1781	Arienzo	the third Margherita	3Q9M-CSD3-13HG-H
Giuseppe di Guida & Maddalena Rivetta	Agostino di Guida	child	baptism	15 Apr 1786	Arienzo	the name is given again in 1789, so this child probably died	3Q9M-CSD3-1384-S
Giuseppe di Guida & Maddalena Rivetta	Vittoria di Guida	child	baptism	24 Jun 1787	Arienzo	matrina Prudenzia Papa	3Q9M-CSD3-13K8-R
Giuseppe di Guida & Maddalena Rivetta	Agostino Antonio di Guida	child	baptism	15 Jun 1789	Arienzo	matrina Fortunata Villano — the godmother who later stands for Antonia's own children in the Falco house	3Q9M-CSD3-138H-K
Giuseppe di Guida & Maddalena Rivetta	Pasquale di Guida	child	baptism	31 Jan (year unread)	Arienzo	matrina Prudenzia Papa	3Q9M-CSD3-13HP-F
Filippo di Guida & Margherita Rivetta	Vittoria di Guida	child	baptism	15 Feb 1779	Arienzo	A SECOND di Guida x Rivetta couple at Arienzo — the control on Antonia's parentage. Filippo with Margherita, against Giuseppe with Maddalena. The forenames separate them.	3Q9M-CSD3-138Q-4
Angelo Andrea di Guida & Teresa Vigliotta	Agostino di Guida	child	death	24 Jul 1844	Arienzo	«AGOSTINUS DI GUIDA vir GRATIAE RIVETTI, filius ANDREAE [et] THERESIAE VIGLIOTI, aetatis suae annorum 32» — born about 1812, five years before his father died	3Q9M-CSMY-B7HW-7
Angelo Andrea di Guida & Teresa Vigliotta	Maddalena di Guida	child	marriage	c. 1845	Arienzo	m. ANGELO CILLO, son of the late Antonio Cillo and Maria Antonia Romanella. NAMED FOR HER GRANDMOTHER, Maddalena Rivetta — which is what the whole di Guida reconstruction predicts	3Q9M-CSMY-B7S3-L
Pasquale Falco & Maria Amalia Guida	Pasquale Falco	father	named as declarant	25 Nov 1880	Arienzo, via Camellara	«Pasquale Falco, di anni quarantadue, giornaliere, domiciliato in questo Comune» — declaring the death of a neighbour, Francesco Maione, at via Camellara number three, beside Pasquale Carfora, 51. Forty-two in November 1880, so b. c.1838; he died 26 Sep 1883 «di anni quarantaquattro». The age series agrees	3QSQ-G97N-1ZVQ
Angelo Maione (dec. by 1880) & —	Francesco Maione	child	death	25 Nov 1880	Arienzo, via Camellara 3	«è morto Francesco Maione di anni ventitre, agricoltore, residente in Arienzo, nato in Arienzo dal fu ANGELO» — a Maione house ON via Camellara. NO kinship to Costanza Maione claimed: her father was ANIELLO	3QSQ-G97N-1ZVQ
Angelo Zampiello & Giuseppa Ferraro	Angelo Zampiello	father	—	b. 31 Aug 1895, Arpaia; d. 25 Apr 1972	Arpaia, Benevento	DOCUMENTED AS A PARENT by his daughter Tommasina's marriage act of 26 Aug 1939 at Arpaia, which names «Padre=Angelo Zampiello». His OWN birth act cannot be read: the Arpaia births of 1895 are one of the two volumes Antenati never digitised — the shelf-marks run consecutively and skip the year. His birth date rests on his memorial card and the family's papers, and his war service on the Croce al Merito di Guerra of 1938	ANTENATI an_ud1197203
Angelo Zampiello & Giuseppa Ferraro	Giuseppa Ferraro	mother	—	—	Arpaia, Benevento	DOCUMENTED by the same act — «Madre=Giuseppa Ferraro». The site has until now carried her from the family tree alone, spelled FERRARA; the civil act spells her FERRARO. Neither spelling is preferred here: Campanian clerks move between the two freely	ANTENATI an_ud1197203
Angelo Zampiello & Giuseppa Ferraro	Tommasina Zampiello	child	marriage	26 Aug 1939	Arpaia, Benevento	THE DOCUMENTED CHILD, and the act that documents the parents. «Tommasina Zampiello (Arpaia, 1921), Coniuge=Michele Ruggiero, Padre=Angelo Zampiello, Madre=Giuseppa Ferraro». The tree gives her b. 9 Feb 1921 and d. 2 Jun 2004; the act gives the year only	ANTENATI an_ud1197203
Angelo Zampiello & Giuseppa Ferraro	Caterina Zampiello	child	death	14 Feb 2004	Brisbane; b. 7 Jul 1925	TREE AND CEMETERY REGISTER ONLY — no birth act. She married RAFFAELE FALCO, son of Carminantonio and Filomena, and is buried beside him at Nudgee, V-0947 to his V-0946. The marriage itself is documented by NAA file J25 1972/4964, «Falco, Raffaele … wife Caterina [nee Zampiello]; and children Filomena and Antonio»	data/nudgee-burials.tsv + NAA J25 1972/4964
Angelo Zampiello & Giuseppa Ferraro	Francesca Zampiello	child	death	10 Sep 2022	Brisbane; b. 27 Apr 1928, Arpaia	TREE AND CEMETERY REGISTER ONLY — no birth act. She married CARMINE FALCO, Raffaele's brother, in 1955 at Benevento. TWO FALCO BROTHERS MARRIED TWO ZAMPIELLO SISTERS. Buried at Nudgee V-0949, two plots from her sister	data/nudgee-burials.tsv + data/direct-line.tsv
Angelo Zampiello & Giuseppa Ferraro	Raffaela Zampiello	child	death	4 Jul 2021	Brisbane; b. 28 Nov 1930	TREE ONLY. Married Michele Servodio	data/myheritage-facts.tsv
Angelo Zampiello & Giuseppa Ferraro	Rosina Zampiello	child	—	—	—	LIVING — named, and nothing more, under this archive's standing rule	data/myheritage-facts.tsv
Carmine Annecchino & Maria Carfora	Carmine Annecchino	father	—	—	Forchia, Benevento	GENERATION SEVEN'S WIFE'S FATHER, and named twice over: by the civil births of eight children, and — independently, from the other side of the world — by his daughter's Queensland death registration 1988/6856, which gives her father as «Carmine Anechino». CAUTION: this town holds MORE THAN ONE Carmine Annecchino. Another married Maria Giovanna Crisci and had a Maria Filomena in 1878 **AND HIS OWN FATHER'S DEATH ACT IS IN THE DOSSIER.** Item **4** of the eight documents read into this marriage is «*Nell'atto di morte dell'**AVO PATERNO** dello stesso*» — the groom's **paternal grandfather**. **That is a generation beyond Carmine Annecchino, and this archive does not have it.** The Arienzo processetto for 1860 holds the act that names him.	FamilySearch, Benevento Civil Registration (State Archive) 1810-1942, collection 2475030 — harvested to data/annecchino-benevento-fs.tsv
Carmine Annecchino & Maria Carfora	Maria Carfora	mother	—	—	Forchia, Benevento	Named as mother on all eight births. HER OWN BIRTH AND PARENTS REMAIN UNREACHABLE, and the Forchia name index now shows why: she appears there only ever as a MOTHER, never with her own act — and she is not the only Maria Carfora bearing children at Forchia in those years. One is mother to MICHELE ARCANGELO STROFFOLINO (1 Oct 1874) and ALFONSO STROFFOLINO (10 Jan 1883) — and that January 1883 birth is eight months before Giacinta Annecchino, so they CANNOT be the same woman. Two Maria Carfora of one town, overlapping. That is the reason the parents cannot be pinned, and it is why no candidate is adopted	FamilySearch, Benevento Civil Registration (State Archive) 1810-1942, collection 2475030 — harvested to data/annecchino-benevento-fs.tsv
Carmine Annecchino & Maria Carfora	Giacinta Annecchino	child	birth	18 Sep 1883	Benevento		FamilySearch, Benevento Civil Registration (State Archive) 1810-1942, collection 2475030 — harvested to data/annecchino-benevento-fs.tsv
Carmine Annecchino & Maria Carfora	Agata Annecchino	child	birth	8 Oct 1884	Forchia, Benevento	the first Agata	FamilySearch, Benevento Civil Registration (State Archive) 1810-1942, collection 2475030 — harvested to data/annecchino-benevento-fs.tsv
Carmine Annecchino & Maria Carfora	Giacomo Annecchino	child	birth	22 Jun 1887	Forchia, Benevento	the first Giacomo	FamilySearch, Benevento Civil Registration (State Archive) 1810-1942, collection 2475030 — harvested to data/annecchino-benevento-fs.tsv
Carmine Annecchino & Maria Carfora	Agata Annecchino	child	birth	29 Jan 1889	Forchia, Benevento	the name given again — so the 1884 child had almost certainly died	FamilySearch, Benevento Civil Registration (State Archive) 1810-1942, collection 2475030 — harvested to data/annecchino-benevento-fs.tsv
Carmine Annecchino & Maria Carfora	Lucia Annecchino	child	birth	2 Aug 1892	Forchia, Benevento	TWIN — registered the same day as Alfonso	FamilySearch, Benevento Civil Registration (State Archive) 1810-1942, collection 2475030 — harvested to data/annecchino-benevento-fs.tsv
Carmine Annecchino & Maria Carfora	Alfonso Annecchino	child	birth	2 Aug 1892	Forchia, Benevento	TWIN — registered the same day as Lucia	FamilySearch, Benevento Civil Registration (State Archive) 1810-1942, collection 2475030 — harvested to data/annecchino-benevento-fs.tsv
Carmine Annecchino & Maria Carfora	Alfonso Carmine Annecchino	child	birth	17 Jul 1894	Forchia, Benevento	the name given again, so the twin Alfonso had almost certainly died	FamilySearch, Benevento Civil Registration (State Archive) 1810-1942, collection 2475030 — harvested to data/annecchino-benevento-fs.tsv
Carmine Annecchino & Maria Carfora	Filomena Annecchino	child	birth	1897 — NO ACT FOUND	Forchia, Benevento	GENERATION SEVEN'S WIFE. Her act is missing, not her birth: her Queensland death registration gives 1897 and names this father, and her grave gives «1897, Forchia». AND THE SPACING SUPPORTS IT: her siblings run 1883, 1884, 1887, 1889, 1892, 1892, 1894 and then 1901 — a seven-year gap in a household that had been producing a child every two or three years. A birth in 1897 fills it. That is support, not proof	FamilySearch, Benevento Civil Registration (State Archive) 1810-1942, collection 2475030 — harvested to data/annecchino-benevento-fs.tsv
Carmine Annecchino & Maria Carfora	Giacomo Annecchino	child	birth	2 Feb 1901	Benevento	the name given again, so the 1887 Giacomo had almost certainly died. The last of the nine	FamilySearch, Benevento Civil Registration (State Archive) 1810-1942, collection 2475030 — harvested to data/annecchino-benevento-fs.tsv
Sabatino Annecchino & Mariantonia Carfora	Sabatino Annecchino	father	—	—	Forchia, Benevento	A SECOND Annecchino household at Forchia, and NO KINSHIP TO CARMINE IS CLAIMED	FamilySearch, Benevento Civil Registration (State Archive) 1810-1942, collection 2475030 — harvested to data/annecchino-benevento-fs.tsv
Sabatino Annecchino & Mariantonia Carfora	Mariantonia Carfora	mother	—	—	Forchia, Benevento	A SECOND Carfora woman married to an Annecchino man. Recorded and not interpreted	FamilySearch, Benevento Civil Registration (State Archive) 1810-1942, collection 2475030 — harvested to data/annecchino-benevento-fs.tsv
Sabatino Annecchino & Mariantonia Carfora	Maria Rosa Annecchino	child	birth	7 Mar 1861	Forchia, Benevento		FamilySearch, Benevento Civil Registration (State Archive) 1810-1942, collection 2475030 — harvested to data/annecchino-benevento-fs.tsv
Sabatino Annecchino & Mariantonia Carfora	Maria Pascalina Annecchino	child	birth	14 Sep 1863	Benevento		FamilySearch, Benevento Civil Registration (State Archive) 1810-1942, collection 2475030 — harvested to data/annecchino-benevento-fs.tsv
Sabatino Annecchino & Mariantonia Carfora	Maria Filomena Annecchino	child	birth	24 Dec 1864	Forchia, Benevento	A MARIA FILOMENA ANNECCHINO, thirty-three years before the one this line descends from. The archive has already had to tell these apart once	FamilySearch, Benevento Civil Registration (State Archive) 1810-1942, collection 2475030 — harvested to data/annecchino-benevento-fs.tsv
Sabatino Annecchino & Mariantonia Carfora	Maria Lucia Annecchino	child	birth	23 Jan 1866	Forchia, Benevento		FamilySearch, Benevento Civil Registration (State Archive) 1810-1942, collection 2475030 — harvested to data/annecchino-benevento-fs.tsv
Sabatino Annecchino & Mariantonia Carfora	Carmine Maria Annecchino	child	birth	13 Feb 1867	Forchia, Benevento	A CARMINE ANNECCHINO OF FORCHIA, AND HE IS NOT JOINED TO THE LINE. It is tempting — he is the right name in the right town — but he would have been SIXTEEN when Giacinta was born in September 1883. The archive does not make him generation seven's grandfather on a name and a town	FamilySearch, Benevento Civil Registration (State Archive) 1810-1942, collection 2475030 — harvested to data/annecchino-benevento-fs.tsv
Sabatino Annecchino & Mariantonia Carfora	Michele Maria Annecchino	child	birth	23 Sep 1870	Benevento		FamilySearch, Benevento Civil Registration (State Archive) 1810-1942, collection 2475030 — harvested to data/annecchino-benevento-fs.tsv
Carmine Antonio Falco & Giovanna Arricale	Carmine Antonio (Carminantonio) Falco	father	birth	10 Jul 1850	Arienzo	GENERATION FIVE. Son of Raffaele Falco and Angela Rosa Morgillo. MARRIED GIOVANNA ARRICALE ON 18 NOVEMBER 1872 AT ARIENZO — the date, not just the year. Named in his son's marriage dossier of 1897 and again in his daughter's banns of 1902 — «figlia di CARMINANTONIO, residente in Arienzo». THE TWO DOCUMENTS DISAGREE ABOUT HIS AGE: forty-six in August 1897, fifty-five in August 1902 — nine years of ageing in five years. The archive publishes the discrepancy rather than smoothing it	birth 6Y2Z-5G8Q + Arienzo banns of August 1902, 3QS7-8976-3K95
Carmine Antonio Falco & Giovanna Arricale	Giovanna Arricale	mother	—	b. 1848 (tree)	Arienzo	Named in both documents as the mother — «e figlia di ARRICALE GIOVANNA, contadina». HER PARENTS ARE READ FROM THE IMAGE: FRANCESCO ARRICALE, 24, contadino, and PASQUA FALCO, 25, both of STRADA CAPODICONCA, in her own birth act — atto 114 of 1848, born 22 December 1848. Confirmed independently by the indexed marriage record of 18 Nov 1872 in the Caserta SMCV Tribunale collection (1:2:HHBF-FZWK, image 3QS7-L976-QW8C). HER MOTHER WAS A FALCO — so generation five's groom and his bride's mother shared a surname. NO KINSHIP IS CLAIMED: Arienzo holds several Pasqua Falco in these years, mothers of Maione, Majone and Loffredo children among others, and this one is not identified beyond the act. HER SIBLINGS ARE NOT FINDABLE and the index is the reason: the Caserta collection covering 1809-1866 holds 1,086 Falco records for Arienzo and effectively NO Arricale at all, so it cannot show children of this couple. Use the full-text page transcripts for Arricale, not the name index The Arricale of Arienzo are a large and steady family of VATICALI — carriers — chiefly of strada Capodiconca, and the spelling wanders between Arricale, Arrigale and Arricole in the same decade and sometimes the same hand	Arienzo banns of August 1902, 3QS7-8976-3K95
Carmine Antonio Falco & Giovanna Arricale	Raffaele Falco	child	birth	6 Apr 1873	Arienzo	GENERATION SIX. DOCUMENTED: his birth extract was copied into his own marriage dossier of 1897, which gives his father Carminantonio aged twenty-two, of Via degli Orti. He married Costanza Maione	the 1897 processetto
Carmine Antonio Falco & Giovanna Arricale	Maria Giuseppa Falco	child	birth	19 Mar 1875	Arienzo	TREE ONLY. A CAUTION WORTH RECORDING: her birth date and her brother Giuseppe's are given as the SAME DAY AND MONTH eight years apart — 19 March 1875 and 19 March 1883. That may be true and it may be a tree artefact, and no act has been read for either	MyHeritage family tree (data/myheritage-facts.tsv) — TREE ONLY, no act read
Carmine Antonio Falco & Giovanna Arricale	Angela Rosa Falco	child	birth	31 Jan 1878	Arienzo	THE FIRST Angela Rosa — died 6 February 1879, at one year old. TREE ONLY	MyHeritage family tree (data/myheritage-facts.tsv) — TREE ONLY, no act read
Carmine Antonio Falco & Giovanna Arricale	Angela Rosa Falco	child	marriage	banns 24 and 31 Aug, 4 Sep 1902	Arienzo; groom of San Felice a Cancello	THE SECOND Angela Rosa, and the DOCUMENTED daughter. «FALCO ANGELA ROSA, di anni VENTIDUE, contadina, figlia di CARMINANTONIO … e figlia di ARRICALE GIOVANNA» — twenty-two in August 1902, which matches the tree's 30 October 1879 exactly. She married FRANCESCO ESPOSITO, 26, colono of San Felice a Cancello, son of Paolo Esposito and the late MARTA MORGILLO. SHE IS NAMED FOR HER GRANDMOTHER Angela Rosa Morgillo, generation four's wife, who died in April 1880 — about when this child was born	Arienzo banns of August 1902, 3QS7-8976-3K95
Carmine Antonio Falco & Giovanna Arricale	Giuseppe Falco	child	birth	19 Mar 1883	Arienzo	TREE ONLY — d. 1959. See the caution on Maria Giuseppa's date	MyHeritage family tree (data/myheritage-facts.tsv) — TREE ONLY, no act read
Antonio Arricale & Angela Rivetta	Antonio Arricale	father	—	—	Arienzo	THE FULLEST ARRICALE HOUSEHOLD the transcripts yield — four children across 1787-1802. NO CONNECTION TO GIOVANNA ARRICALE IS CLAIMED; she was a daughter of a Francesco, and nothing joins the two	data/arricale-from-transcripts.tsv — parsed from OCR page transcripts, NOT read from the image
Antonio Arricale & Angela Rivetta	Angela Rivetta	mother	—	—	Arienzo	Her surname wobbles across the readings — Riverra, Riverta, Rivesta, and once «Piveri». RIVETTA is the likeliest, being a common Arienzo surname, but NO FORM IS ADOPTED: the machine is not steady enough on this word to choose	data/arricale-from-transcripts.tsv — parsed from OCR page transcripts, NOT read from the image
Antonio Arricale & Angela Rivetta	Marcellus Arricale	child	baptism	1787	Arienzo		data/arricale-from-transcripts.tsv — parsed from OCR page transcripts, NOT read from the image
Antonio Arricale & Angela Rivetta	Joannes Arricale	child	baptism	1797	Arienzo		data/arricale-from-transcripts.tsv — parsed from OCR page transcripts, NOT read from the image
Antonio Arricale & Angela Rivetta	Angelo Raffaele Arricale	child	baptism	1802	Arienzo		data/arricale-from-transcripts.tsv — parsed from OCR page transcripts, NOT read from the image
Antonio Arricale & Angela Rivetta	Joseph Arricale	child	baptism	year not read	Arienzo		data/arricale-from-transcripts.tsv — parsed from OCR page transcripts, NOT read from the image
Francesco Arricale & Crescenza Crisci	Francesco Arricale	father	—	—	Arienzo	A FRANCESCO ARRICALE OF ARIENZO, AND HE IS NOT GIOVANNA'S FATHER. Hers was a Francesco married to PASQUA FALCO; this one married Crescenza Crisci. Right name, right town, right decade, wrong wife — recorded so the next reader does not join them	data/arricale-from-transcripts.tsv — parsed from OCR page transcripts, NOT read from the image
Francesco Arricale & Crescenza Crisci	Crescenza Crisci	mother	—	—	Arienzo		data/arricale-from-transcripts.tsv — parsed from OCR page transcripts, NOT read from the image
Francesco Arricale & Crescenza Crisci	Raffaele / Angela Arricale	child	baptism	29 Apr 1857	Arienzo	ONE ACT, TWO FILMINGS, TWO NAMES: one transcript reads the child RAPHAEL, the other ANGELA. Twins or the recogniser. Obstetrix Rosa Balletta on both. Not resolved	data/arricale-from-transcripts.tsv — parsed from OCR page transcripts, NOT read from the image
Francesco Arricale & Pasqua Falco	Francesco Arricale	father	named in his daughter's birth act	22 Dec 1848	Arienzo, strada Capodiconca	«e da detto FRANCESCO ARRICALE di anni VENTIQUATTRO, di professione CONTADINO, domiciliato in detta strada» — so born about 1824. GIOVANNA ARRICALE'S FATHER, read from the image at last. The Arricale of strada Capodiconca are the vaticali family this archive has described for months; he is a contadino	ANTENATI an_ua14445 (Arienzo, Nati 1848) img 116, atto 114 — READ FROM THE IMAGE
Francesco Arricale & Pasqua Falco	Pasqua Falco	mother	named in her daughter's birth act	22 Dec 1848	Arienzo, strada Capodiconca	«la stessa è nata da PASQUA FALCO moglie di Francesco Arricale, di anni VENTICINQUE, domiciliata STRADA CAPODICONCA» — so born about 1823. A FALCO WOMAN, and her daughter married a Falco man in 1872. NO KINSHIP IS CLAIMED and none is visible: her own parents are not in this act, and Arienzo holds several Pasqua Falco. HER OWN BIRTH IS NOT YET FOUND: aged 25 in Dec 1848, so born about 1823 — and the Tavola Alfabetica of Arienzo Nati 1823 (an_ua14420, image 114) has A PAPER SLIP LYING ACROSS THE COLUMN where FALCO falls. Not a nil, an obstruction — and the 1822 tavola (an_ua14419 img 140) is TORN at the same stretch. FamilySearch's separate filming holds no Pasqua Falco of Arienzo (control passed, 1,086 Falco at HTTP 200), and she is not in this archive's Arienzo death sweeps of 1816-1858. SHE STANDS ON TWO DOCUMENTS, BOTH HER DAUGHTER'S. What is left is reading, not searching: the 107 acts of 1823 or the 132 of 1822	ANTENATI an_ua14445 (Arienzo, Nati 1848) img 116, atto 114 — READ FROM THE IMAGE
Francesco Arricale & Pasqua Falco	Giovanna Arricale	child	birth	22 Dec 1848	Arienzo, strada Capodiconca	GENERATION FIVE'S WIFE. Born at ten o'clock in her father's house, atto 114 of 1848. THE MARGIN OF HER OWN BIRTH ACT RECORDS HER MARRIAGE: «18 Novembre 1872 … Giovanna Arricale con Carmine Antonio Falco», certified at Caserta 4 June 1884 — the register confirming from itself the date found independently in the FamilySearch index **Verified against the image, work-list row 58 — ATTO 114, IMAGE 115 RIGHT continuing on 116 LEFT.** «*è nata da **PASQUA FALCO moglie di FRANCESCO ARRICALE**, di anni **venticinque** … e da detto **FRANCESCO ARRICALE**, di anni **ventiquattro**, di professione contadino … nel giorno **ventidue** del mese di **Dicembre** … il nome di **GIOVANNA***». Declared by **ROSA MORGILLO, forty-eight, LEVATRICE** of strada San Filippo Neri — a midwife, not a parent — and witnessed by **ANTONIO SORGENTE, forty-eight**. **AND HER OWN BIRTH ACT CARRIES HER MARRIAGE IN THE MARGIN, WHICH THIS ARCHIVE HAD NOT TAKEN FROM IT**: «*A **18 Novembre 1872** l'Uff.le dello Stato Civ.le d'**ARIENZO** sposò **GIOVANNA ARRICOLA** con **CARMINE ANTONIO FALCO***», annotated at Caserta in 1884. **The date was already held — from the 1897 marriage dossier of her son Raffaele — and it is now held twice, from two documents that never met.** The margin spells her **ARRICOLA** where the act itself writes **ARRICALE**; the act governs.	ANTENATI an_ua14445 (Arienzo, Nati 1848) img 116, atto 114 — READ FROM THE IMAGE
Francesco Arricale & Pasqua Falco	Antonio Sorgente	witness	witness at the birth	22 Dec 1848	Arienzo, strada Porta di Sopra	«di anni quarantotto, di professione contadino, regnicolo»	ANTENATI an_ua14445 (Arienzo, Nati 1848) img 116, atto 114 — READ FROM THE IMAGE
Francesco Arricale & Pasqua Falco	Angelo Anzevino	witness	witness at the birth	22 Dec 1848	Arienzo, strada Terra Murata	«di anni quarantadue … regnicolo»	ANTENATI an_ua14445 (Arienzo, Nati 1848) img 116, atto 114 — READ FROM THE IMAGE
Giuseppe Falco & Gelsomina Vigliotta	Pasqua Falco	child	birth	30 Mar 1823	Arienzo, strada Costa	A NEW DAUGHTER for the OTHER Giuseppe Falco, found by reading the 1823 birth register end to end. «…nata da GELSOMINA VIGLIOTTA sua moglie legittima, di anni TRENTOTTO … nel giorno TRENTA del mese di MARZO … alle ore DIECI … il nome di PASQUA». Her mother's age agrees with this household's other act to within a year — thirty-two in 1816, thirty-eight in 1823. THE MARGIN RECORDS HER MARRIAGE: «A 30 Dic. 1880 l'uff. dello stato civile d'Arienzo … PASQUA FALCO con PASQUALE CARFORA», certified Caserta 27 Aug 1881. SHE IS NOT JOINED TO GIOVANNA ARRICALE'S MOTHER — but she is the ONLY Pasqua born at Arienzo in the whole window Giovanna's act implies: 1822 and 1823 were both read end to end, 239 acts, and 1822 holds no Pasqua at all. Joining them would marry the Camellara Falco to the strada Costa Falco on a forename and an age the clerks are known to have guessed by up to five years. See the corrections page **Verified against the image, work-list row 58, and the act has a number: ATTO 38, beginning on IMAGE 40 RIGHT and continuing on 41 LEFT.** «*è comparso **GIUSEPPE FALCO**, di anni **QUARANTADUE**, di professione **MASSARO DI CAMPAGNA**, domiciliato in questo Comune **strada Camellara**, quale ci ha presentato una **Femina** … nata da **GELSOMINA VIGLIOTTA** sua moglie legittima, di anni **trentotto** … il nome di **PASQUA***», before **VINCENZO MORGILLO Sindaco**, with **GIUSEPPE COSSI, calzolajo** of strada Camellara as witness. **And the margin is there and reads as published.** **One more point for the age series**: Giuseppe Falco is **forty-two and a massaro di campagna in March 1823** — against forty-eight and massaro in March 1824, forty and massaro on 2 April 1825, forty-five and contadino four days later, forty-six in 1826 and fifty-six and *possidente* in 1828.	ANTENATI an_ua14420 (Arienzo, Nati 1823) img 41 — READ FROM THE IMAGE
Vincenzo Falco & Andreana Crisci	Angelandrea Falco	child	birth	12 Sep 1826	Arienzo, strada Camellara	A NEW CHILD FOR GENERATION THREE, found through the 1826 register's own tavola. «…è nato da ANDREANA CRISCI, di anni VENTOTTO, domiciliata ivi STRADA CAMELLARA, e da VINCENZO FALCO marito della stessa, di anni TRENTADUE, di professione CONTADINO … nel giorno DODICI del mese di SETTEMBRE … alle ore ventidue, nella casa d'abitazione di detti conjugi … il nome di ANGELANDREA». NOT JOINED to the ANGELO Falco who married Maria Cimmino in 1847 or the ANDREA Falco who married Maria Carmela — this household already contains both, each known only from a marriage act, and «Angelandrea» may be either or neither **VERIFIED WORD FOR WORD, work-list row 58 — act 69, the second half of which is on image 71 LEFT.** «*è nato da **ANDREANA CRISCI**, di anni **VENTOTTO**, domiciliata **ivi strada Camellara**, e da **VINCENZO FALCO marito della stessa**, di anni **TRENTADUE**, di professione contadino, domiciliato con detta sua moglie, nel giorno **dodici** del mese di **Settembre** … nella casa d'abitazione di detti conjugi … il nome di **ANGELANDREA***». **THE MOTHER DECLARED THIS BIRTH HERSELF** — «*La stessa ha in oltre dichiarato di dare allo stesso il nome*» — with the father named only as «marito della stessa». **The witness is CLEMENTE SANSONE, twenty-six, contadino**, which is the surname settled from three other acts on 20 September 2026. **With this act the couple's ages line up against their baptisms**: he is thirty-two here against a baptism of 1 February 1792 (thirty-four), she twenty-eight against 30 November 1796 (twenty-nine). **Every volume but 1816 is within two years. 1816 is out by eleven and six.**	ANTENATI an_ua14423 (Arienzo, Nati 1826) atto 69, img 71 — READ FROM THE IMAGE
Vincenzo Falco & Andreana Crisci	Vincenzo Falco	father	named in a birth act	12 Sep 1826	Arienzo, strada Camellara	«VINCENZO FALCO marito della stessa, di anni TRENTADUE, di professione CONTADINO» — the FIRST BIRTH ACT to place generation three on strada Camellara with an age and a trade. Thirty-two in September 1826 gives b. c.1794; his baptism is 1 Feb 1792. Two years out, and the clerks' under-ageing is documented	ANTENATI an_ua14423 (Arienzo, Nati 1826) atto 69, img 71 — READ FROM THE IMAGE
Vincenzo Falco & Andreana Crisci	Andreana Crisci	mother	named in a birth act	12 Sep 1826	Arienzo, strada Camellara	«ANDREANA CRISCI, di anni VENTOTTO, domiciliata ivi strada Camellara» — twenty-eight in September 1826 gives b. c.1798; her baptism is 30 Nov 1796. Two years out, the same direction as her husband's, in the same act	ANTENATI an_ua14423 (Arienzo, Nati 1826) atto 69, img 71 — READ FROM THE IMAGE
Giuseppe Falco & Antonia di Guida	Maddalena Falco (the second)	child	birth	4 May 1827	Arienzo	AN EIGHTH CHILD, and the clearest necronym in this household. The 1827 tavola reads «52. Falco Maddalena | Falco Giuseppe, e Guida d'Antonia | A dì 4 Maggio 1827». THE FIRST MADDALENA DIED ON 31 MAY 1825, aged seven, on strada Camellara; this one was born TWENTY-THREE MONTHS LATER and given her name. From the tavola, which is contemporaneous and in the registrar's hand; the act itself (atto 52) has not been read	ANTENATI an_ua14424 (Arienzo, Nati 1827) Tavola Alfabetica Annuale, page VIII, img 150 — READ FROM THE IMAGE
Vincenzo Falco & Andreana Crisci	Sara Falco	child	birth	19 Dec 1828	Arienzo, strada Camellara	A NEW DAUGHTER FOR GENERATION THREE, found in the 1828 tavola and then read from the act itself. «…è nata da ANDREANA CRISCI, di anni VENTISETTE, domiciliata in STRADA CAMELLARA, e da VINCENZO FALCO marito della stessa, di anni TRENTASEI, di professione CONTADINO, domiciliato con detta sua moglie, nel giorno DICIANNOVE del mese di DECEMBRE … alle ore VENTUNO, nella casa d'abitazione di detti conjugi … il nome di SARA». DECLARED THE NEXT DAY BY THE MIDWIFE, «GELSOMINA RUGGIERO, di anni SESSANTA, di professione LEVATRICE, domiciliata in questo comune STRADA PORTA DI SOPRA» — a Gelsomina Ruggiero stood MATRINA at this couple's son Raffaele's baptism in 1818, and Andreana's own mother was a Ruggiero; NO KINSHIP IS CLAIMED, the name is common at Arienzo. Witnesses Pasquale Sansone, 38, contadino of strada Terra Murata, and Carlo Manna, 57, contadino of strada Camellara, both «asserito di non saper pure scrivere per non averlo mai imparato». Baptised at Sant'Andrea Apostolo, notamento returned 20 December. THE 1828 SCRIBE WRITES THE MOTHER'S SURNAME WITH A LIGATURE THIS READER COULD NOT SEPARATE FROM «CRISPI»; five other acts in this household give CRISCI, and the household is fixed by the husband and the street, not by the spelling	ANTENATI an_ua14425 (Arienzo, Nati 1828) atto 118, folio 325, img 121r-122l — READ FROM THE IMAGE
Vincenzo Falco & Andreana Crisci	Vincenzo Falco	father	named in a birth act	19 Dec 1828	Arienzo, strada Camellara	«VINCENZO FALCO marito della stessa, di anni TRENTASEI, di professione CONTADINO» — thirty-six in December 1828 gives b. c.1792, and HIS BAPTISM IS 1 FEBRUARY 1792. THE ONLY STATED AGE IN THIS HOUSEHOLD'S SERIES THAT MATCHES THE REGISTER EXACTLY. The same office made him THIRTY-TWO in September 1826: four years older in two years **Verified from the image, work-list row 58 — act 118, image 122 LEFT. And the mother declared this birth herself**, «*La stessa ha in oltre dichiarato di dare alla neonata il nome di SARA*», with the father named only as «marito della stessa» — as she did in 1826.	ANTENATI an_ua14425 (Arienzo, Nati 1828) atto 118, img 122l — READ FROM THE IMAGE
Vincenzo Falco & Andreana Crisci	Andreana Crisci	mother	named in a birth act	19 Dec 1828	Arienzo, strada Camellara	«ANDREANA CRISCI, di anni VENTISETTE, domiciliata in strada Camellara» — twenty-seven in December 1828 gives b. c.1801; her baptism is 30 November 1796, so she was THIRTY-TWO. She was given TWENTY-EIGHT in September 1826: THE REGISTER MAKES HER A YEAR YOUNGER TWO YEARS LATER **HER SURNAME WAS QUOTED HERE AS «CRISPI» UNTIL 20 SEPTEMBER 2026.** Magnified, the word is **CRISCI**: a capital **C**, a narrow **r** shoulder, an **i**, a long **ſ** with its descender, then **ci**. **A «p» would need a closed bowl to the right of its descender and there is none.** «Crispi» appears **nowhere else in this archive**, and she is Crisci in every other act she is in.	ANTENATI an_ua14425 (Arienzo, Nati 1828) atto 118, img 122l — READ FROM THE IMAGE
Giuseppe Falco & Antonia di Guida	Giovanni Falco	child	birth	6 Apr 1825	Arienzo, strada Camellara	THE CIVIL BIRTH ACT OF DON GIOVANNI FALCO, THE DEACON — NOT A NEW CHILD. The archive already held his PARISH BAPTISM of 6 April 1825, read from the image on 14 Sep 2026; this is the same day from the other archive, and it was checked against what was held before it was written down. WHAT THE CIVIL ACT ADDS, and the baptism could not: he was BORN that same day «alle ore DICIASSETTE, nella casa sua propria di abitazione», strada Camellara, and his father declared him at TWENTY-ONE HOURS THE SAME EVENING. «…è comparso GIUSEPPE FALCO, di anni QUARANTACINQUE, di professione CONTADINO, domiciliato in questo comune STRADA CAMELLARA, quale ci ha presentato un MASCHIO … che lo stesso è nato da ANTONIA DI GUIDA sua moglie legitima, di anni QUARANTA … il nome di GIOVANNI». Witnesses Arcangelo Giglio, 22, FALEGNAME of strada Sant'Andrea, and Domenico Papa, 50, contadino of strada Camellara. Officer Giovan Battista de Baptistis, secondo eletto; parish Sant'Andrea Apostolo, notamento returned the same 6 April	ANTENATI an_ua14422 (Arienzo, Nati 1825) atto 42, folio 301, img 44r-45l — READ FROM THE IMAGE
Giuseppe Falco & Antonia di Guida	Giuseppe Falco	father	named as declarant	6 Apr 1825	Arienzo, strada Camellara	«GIUSEPPE FALCO, di anni QUARANTACINQUE, di professione CONTADINO» — and «GIUSEPPE FALCO, di anni QUARANTA, di professione MASSARO» on 2 APRIL 1825, FOUR DAYS EARLIER, in the same comune before the same office. FIVE YEARS IN FOUR DAYS, both read from the image. The strongest single demonstration this archive holds that a stated age in these registers is an estimate — no inference is needed, the contradiction is internal to one week of one year	ANTENATI an_ua14422 atto 42 img 44r, against an_ua14327 img10r — BOTH READ FROM THE IMAGE
Alfonso Diglio & Maria Falco	Alfonso Diglio	father	named as declarant	30 May 1825	Arienzo, strada Camellara	«è comparso ALFONSO DIGLIO, di anni TRENTADUE, di professione CONTADINO, domiciliato in questo comune STRADA CAMELLARA, quale ci ha presentato una FEMINA» — thirty-two in May 1825 gives b. c.1793. THE DIGLIO ARE THE FALCO'S CAMELLARA NEIGHBOURS throughout this register: Aniello Diglio, 46, declared beside GIUSEPPE FALCO on 2 April 1825, and Cesare Diglio, 50, of strada Camellara witnessed this very act	ANTENATI an_ua14422 (Arienzo, Nati 1825) atto 72, folio 321, img 65r-66l — READ FROM THE IMAGE
Alfonso Diglio & Maria Falco	Maria Falco	mother	named in a birth act	30 May 1825	Arienzo, strada Camellara	«che la stessa è nata da MARIA FALCO sua moglie legitima, di anni TRENTATRE, domiciliata collo stesso» — A FOURTH MARIA FALCO, and the FIRST DOCUMENTED MARRIAGE TIE between a Falco woman and the Diglio. Thirty-three in May 1825 gives b. c.1792. SHE IS NOT the Maria Falco buried 24 July 1817 (daughter of Giuseppe Falco and Rosa Sossi, widow of Francesco Quotolo), NOR the Maria Falco already dead by February 1818 (wife of Nicola Majone), NOR the Maria Falco who was wife of FRANCESCO COSSI and living on 2 April 1825 — a woman cannot have two living husbands, and Francesco Cossi was alive that month. WHICH FALCO HOUSE SHE COMES FROM IS NOT ESTABLISHED. Pasquale Falco and Chiara Rivetti baptised a Maria on 30 October 1790, which would make her thirty-four here rather than thirty-three; that is within this register's documented error, and it is NOT ENOUGH TO JOIN THEM	ANTENATI an_ua14422 (Arienzo, Nati 1825) atto 72, img 66l — READ FROM THE IMAGE
Alfonso Diglio & Maria Falco	Clementina Diglio	child	birth	30 May 1825	Arienzo, strada Camellara	«…nel giorno TRENTA del mese di MAGGIO, anno corrente, alle ore CINQUE, nella casa sua propria di abitazione … di dare alla stessa il nome di CLEMENTINA». Witnesses Cesare Diglio, 50, contadino of strada Camellara, and Vincenzo Morgillo, 28, contadino of strada Monticello. Recorded because her mother is a Falco; NO KINSHIP TO THIS LINE IS CLAIMED	ANTENATI an_ua14422 (Arienzo, Nati 1825) atto 72, folio 321, img 65r-66l — READ FROM THE IMAGE
Giuseppe Falco & Antonia di Guida	Clemente Falco	child	birth	11 Mar 1824	Arienzo, strada Camellara	THE BIRTH ACT OF A CHILD THIS ARCHIVE KNEW ONLY BY HIS DEATH. «…è comparso GIUSEPPE FALCO, di anni QUARANTOTTO, di professione MASSARO, domiciliato in questo comune STRADA CAMELLARA, quale ci ha presentato un MASCHIO … che lo stesso è nato da ANTONIA DI GUIDA sua moglie legittima, di anni QUARANTA … nel giorno UNDICI del mese di MARZO … alle ore TRE DI NOTTE, nella casa sua propria di abitazione … il nome di CLEMENTE». Witnesses Fabrizio Sossi, 27, FERRARO of strada Porta di Sopra, and PASQUALE DIGLIO, 36, CALZOLAJO of strada Porta di Sopra. Officer Vincenzo Morgillo, sindaco. THE ARITHMETIC CLOSES EXACTLY: he died 19 June 1825 «di mesi QUINDICI», which from 11 March 1824 is fifteen months and eight days. Antonia di Guida is forty here and her baptism of 31 October 1783 makes her forty — the register right to the year **Verified against the image, work-list row 58 — and the act carries something this archive had not taken from it.** «*che lo stesso è nato da **ANTONIA DI GUIDA** sua moglie legittima, **di anni QUARANTA***». **Forty on 11 March 1824, so born about 1784.** His father Giuseppe Falco is «di anni **quarantotto**, di professione **MASSARO**, … **strada Camellara**», born about 1776. The boy was born at **three in the night** and named **CLEMENTE**; the witness is **Fabrizio Cioffi, twenty-eight, FERRARO** — a blacksmith, and the first tradesman of that surname in this archive.	ANTENATI an_ua14421 (Arienzo, Nati 1824) atto 26, folio 134, img 27r-28l — READ FROM THE IMAGE
Giuseppe Falco & Antonia di Guida	Giuseppe Falco	father	named as declarant	11 Mar 1824	Arienzo, strada Camellara	«GIUSEPPE FALCO, di anni QUARANTOTTO, di professione MASSARO» — and QUARANTA on 2 April 1825, and QUARANTACINQUE four days after that. FORTY-EIGHT, THEN FORTY, THEN FORTY-FIVE, ACROSS THIRTEEN MONTHS: he gets eight years younger and then five years older, all three figures read from the image, all three before the same office. The series is not drifting, it is being invented at the desk each time	ANTENATI an_ua14421 atto 26 img 27r — READ FROM THE IMAGE
Vincenzo Falco & Andreana Crisci	Giuseppe Nunzio Falco	child	birth	25 Mar 1824	Arienzo, strada Camellara	A NEW SON FOR GENERATION THREE — no Giuseppe and no Nunzio stood in this household before; the Nunziata here is a daughter, known from her 1855 marriage. «…è comparso VINCENZO FALCO, di anni TRENTATRE, di professione CONTADINO, domiciliato in questo comune STRADA CAMELLARA, quale ci ha presentato un MASCHIO … che lo stesso è nato da ANDREANA CRISPI sua moglie legitima, di anni VENTISETTE … nel giorno VENTICINQUE del mese di MARZO … alle ore VENTITRE E MEZZA, nella casa sua propria di abitazione … il nome di GIUSEPPE NUNZIO». Witnesses Pasquale Sorrino, 28, contadino of strada Santa Lucia, and Domenico Saccone, 28, contadino of strada Terra Murata. NO LATER TRACE OF HIM IS HELD: he is not among the children named in the marriage acts, and no death act has been found. The 1825 death register was read out act by act on 14 Sep 2026 and he is not in it **Verified against the image, work-list row 58.** Act 31, folio 139: the father is «**VINCENZO FALCO**, di anni **trentatre**» — born about 1791 — the mother «**ANDREANA CRISCI** … di anni **ventisette**», the birth at **half past eleven at night on 25 March**, and the witness **PASQUALE PORRINO, twenty-eight**. **Every word holds.**	ANTENATI an_ua14421 (Arienzo, Nati 1824) atto 31, folio 139, img 32r-33l — READ FROM THE IMAGE
Vincenzo Falco & Andreana Crisci	Andreana Crisci	mother	named in a birth act	25 Mar 1824	Arienzo, strada Camellara	«ANDREANA CRISPI, di anni VENTISETTE» — twenty-seven in March 1824 against a baptism of 30 November 1796 is EXACTLY RIGHT. Set beside the rest of her series it is the sharpest thing in it: 27 in 1824 (correct), 28 in 1826 (one year under), 27 in 1828 (five years under). SHE IS GIVEN THE SAME AGE FOUR YEARS APART, and the correct one comes first	ANTENATI an_ua14421 atto 31 img 33l — READ FROM THE IMAGE
Francesco Cioffi & Maria Falco	Giuseppa Cioffi	child	birth	18 Jun 1824	Arienzo, strada Camellara	A SECOND LIFE CLOSED FROM BOTH ENDS IN ONE VOLUME. «…è comparso FRANCESCO COSSI, di anni VENTISETTE, di professione CONTADINO, domiciliato in questo comune STRADA CAMELLARA, quale ci ha presentato una FEMINA … nata da MARIA FALCO sua moglie legittima, di anni VENTICINQUE … nel giorno DICIOTTO del mese di GIUGNO … alle ore TRE E MEZZA, nella casa sua propria di abitazione … il nome di GIUSEPPA». Witnesses Tomaso Esposito, 46, contadino of STRADA CAMELLARA, and Antonio Bernardo, 47, NEGOZIANTE of strada Terra Murata. She died 2 April 1825 «di mesi OTTO» — from 18 June 1824 that is nine and a half months, recorded as eight, and GIUSEPPE FALCO declared her death	ANTENATI an_ua14421 (Arienzo, Nati 1824) atto 73, folio 181, img 74r-75l — READ FROM THE IMAGE
Francesco Cioffi & Maria Falco	Francesco Cioffi	father	named as declarant	18 Jun 1824	Arienzo, strada Camellara	«FRANCESCO COSSI, di anni VENTISETTE, di professione CONTADINO, domiciliato in questo comune strada Camellara» — b. c.1797, and THE FAMILY IS ON STRADA CAMELLARA BY JUNE 1824. They were on strada Sant'Andrea in June 1823 when their daughter Antonia died; this dates the move to within twelve months	ANTENATI an_ua14421 atto 73 img 74r — READ FROM THE IMAGE
Francesco Cioffi & Maria Falco	Maria Falco	mother	named in a birth act	18 Jun 1824	Arienzo, strada Camellara	«MARIA FALCO sua moglie legittima, di anni VENTICINQUE» — twenty-five in June 1824 gives b. c.1799. THIS SEPARATES HER CLEANLY FROM THE FOURTH MARIA FALCO found the same day in the 1825 register, who was thirty-three in May 1825 and gives b. c.1792 and whose husband was ALFONSO DIGLIO. Seven years apart, two living husbands, two women. Neither is yet attached to a Falco household, and the two Pasquale-and-Chiara daughters called Maria (baptised 1789 and 1790) fit NEITHER of them well **Verified against the image, work-list row 58.** «*di anni **venticinque***» — twenty-five in June 1824, so born about **1799**. The child was born at **half past three** and named **GIUSEPPA**; the witness is **TOMASO SPOSITO, forty-six**, the same man who is **fifty** at Maria Falco of strada Camellara's death twenty-two months later. **Four years in under two**, one more time.	ANTENATI an_ua14421 atto 73 img 75l — READ FROM THE IMAGE
Arcangelo Crisci & Anna Falco	Arcangelo Crisci	father	marriage	3 May 1818	Arienzo	THE DATE OF A MARRIAGE THIS ARCHIVE HELD ONLY AS A FACT. The 1818 Tavola Alfabetica annuale de' Matrimonj pairs «ARCANGELO COSSI» with «ANNA FALCO», her parents given as «DI PASQUALE, e CHIARA RIVETTI» — no «fu» before either, and Pasquale Falco did not die until 1834. Married before the church 3 MAGGIO 1818. Anna was baptised 28 October 1795, so she married at TWENTY-TWO and was dead at twenty-four, on 23 August 1820. THE SURNAME IS WRITTEN COSSI HERE AND CRISCI IN THE 1820 ACTS — both read from the image, and this archive has already recorded that Cossi and Crisci are not reliably separable in this hand. The identification does not rest on it: there is one Anna Falco of Pasquale and Chiara, and one Arcangelo she was married to	ANTENATI an_ua14117 (Arienzo, Matrimonj indice 1818) img 1 — READ FROM THE IMAGE
Arcangelo Crisci & Anna Falco	Arcangelo Crisci	father	named in a marriage index	3 May 1818	Arienzo	«fu NICOLA, e CHIARA MAJONE» — HIS PARENTS, NAMED FOR THE FIRST TIME, and his father already dead by May 1818. Until now this man existed in the archive only as «Arcangelo Crisci, contadino of strada Camellara», husband of Anna Falco, from the acts that buried his two-day-old son and then his wife	ANTENATI an_ua14117 (Arienzo, Matrimonj indice 1818) img 1 — READ FROM THE IMAGE
Crescenzo Rivetti & Angela Falco	Giovanni Rivetti	child	marriage	23 Dec 1821	Arienzo	A GRANDSON OF MATTEO FALCO, AND A SECOND CHILD FOR THIS MARRIAGE. «7. RIVETTI GIOVANNI ed ATTARELLI MARIANGELA | Arienzo | RIVETTI CRESCENZO, e FALCO ANGELA | A dì 23 Xbre 1821». Until today this couple had exactly one recorded child, Angelandrea Rivetti, who died in 1819. His mother Angela Falco — daughter of Matteo Falco and Francesca Crisci — was still alive at this wedding; she died ten months later, on 17 October 1822	ANTENATI an_ua14120 (Arienzo, Matrimonj indice 1821) img 1 atto 7 — READ FROM THE IMAGE
Crescenzo Rivetti & Angela Falco	Pasquale Rivetti (of Crescenzo, m. 1824)	child	marriage	29 Jul 1824	Arienzo	A THIRD CHILD, AND A SECOND GRANDSON OF THE FOUNDER. «18. RIVETTI PASQUALE | Arienzo | RIVETTI CRESCENZO, e FALCO ANGELA | A 29 Luglio 1824», his bride VETRONE AGNESE of Serfasali, daughter of Luigi Vetrone and Priscilla Attarelli. HE MARRIED AFTER BOTH HIS PARENTS WERE DEAD — his father in December 1816, his mother in October 1822. CAUTION: the same 1824 tavola holds a SECOND Pasquale Rivetti, act 23, son of PAOLO Rivetti and Angela Repetuto — and Paolo Rivetti was Crescenzo's brother. Two first cousins of one name marrying in one year; they are told apart only by the parents' column  [DISAMBIGUATED 15 Sep 2026: his grandfather was also PASQUALE RIVETTI — Crescenzo Rivetti was «figlio del fu Pasquale Rivetti e di Giovanna Perrotta» — so the plain name merged grandson with grandfather and made a man his own ancestor. The 1824 tavola also holds a SECOND Pasquale Rivetti, atto 23, first cousin to this one, son of Paolo Rivetti and Angela Repetuto.]	ANTENATI an_ua14123 (Arienzo, Matrimonj indice 1824) img 2 atto 18 — READ FROM THE IMAGE
Pasquale Falco & Chiara Rivetti	Maria Falco	child	death	25 Apr 1826	Arienzo, strada Camellara	**THE FOURTH MARIA FALCO, IDENTIFIED** — and the open question this archive had published about her is answered by her own death act. «è morta nella sua propria casa MARIA FALCO d'anni TRENTADUE, moglie di ALFONSO DIGLIO, nata in Arienzo, di professione Contadina, domiciliata ivi, FIGLIA DI PASQUALE FALCO, di professione Contadino, domiciliato ivi, E DI CHIARA RIVETTI, domiciliata ivi» — atto 22. A SECOND DAUGHTER OF GENERATION TWO, and a sister of Vincenzo Falco and of Anna Falco. Aged thirty-two, so born about 1794 — which sits between, and matches neither of, the two Maria Falco baptisms of 1789 and 1790 in this house. Either an age given loosely, or a third daughter of the name. (The identifying sentence was in `data/households.tsv` and not in the file the site builds from; recovered by work-list row 75.)	ANTENATI an_ua14328 (Arienzo, Morti 1826) atto 22, img 13l — READ FROM THE IMAGE
Pasquale Falco & Chiara Rivetti	Pasquale Falco	father	named in a death act	25 Apr 1826	Arienzo	«figlia di PASQUALE FALCO, di professione contadino, domiciliato ivi» — NO «defunto», AND THIS SCRIBE MARKS THE DEAD: the same opening carries «figlio di Giuseppe di Blasio DEFUNTO» and «e di Anna Daddio DEFUNTA». So the silence is meaningful HERE, which is not the same as saying it is meaningful anywhere — see the archive's “quondam is not evidence”. He died 1 October 1834	ANTENATI an_ua14328 (Arienzo, Morti 1826) atto 22, img 13l — READ FROM THE IMAGE
Pasquale Falco & Chiara Rivetti	Chiara (Clara) Rivetti	mother	named in a death act	25 Apr 1826	Arienzo	«e di CHIARA RIVETTI, domiciliata ivi» — again with no «defunta» on a page where the scribe uses it. She outlived this daughter by seventeen years and died in 1843	ANTENATI an_ua14328 (Arienzo, Morti 1826) atto 22, img 13l — READ FROM THE IMAGE
Alfonso Diglio & Maria Falco	Maria Falco	mother	death	25 Apr 1826	Arienzo, strada Camellara	«MARIA FALCO d'anni trentadue, MOGLIE DI ALFONSO DIGLIO … figlia di PASQUALE FALCO … e di CHIARA RIVETTI» — a daughter of the direct line's generation two. Declared by **ANGELO SANSONE, forty-six**, and **TOMASO SPOSITO, fifty**, both contadini of strada Camellara, each as «vicino», not «parente». (Sansone was published at forty-five until 20 September 2026; the act reads «*di anni quarantasei*».) **Her household lasted at most a few years**: she died **eleven months after her daughter Clementina was born**, and **eleven months before Alfonso Diglio married again**. (Recovered from `data/households.tsv` by work-list row 75.)	ANTENATI an_ua14328 (Arienzo, Morti 1826) atto 22, img 13l — READ FROM THE IMAGE
Alfonso Diglio & Anna Maria Crisci	Alfonso Diglio	father	marriage	2 Apr 1827	Arienzo	«11. DIGLIO ALFONZO | Arienzo | DIGLIO CESARE, e M[anna] SARA | A 2 Aprile 1827», his bride ANNA MARIA CRISCI, daughter of Salvatore Crisci and Maddalena [?]. HIS PARENTS NAMED FOR THE FIRST TIME — and CESARE DIGLIO, 50, of strada Camellara was a WITNESS at his daughter Clementina's birth in May 1825, which is a grandfather standing for his granddaughter. A SECOND MARRIAGE, eleven months after Maria Falco died. THE IDENTIFICATION RESTS ON THE FATHER'S NAME AND THE STREET, not on the forename alone	ANTENATI an_ua14126 (Arienzo, Matrimonj indice 1827) img 1 atto 11 — READ FROM THE IMAGE
Crescenzo Rivetti & Angela Falco	Lucia Rivetti	child	marriage	7 Feb 1825	Arienzo	A FOURTH CHILD, AND A DAUGHTER. «5. CIMMINO ANTONIO ed RIVETTI LUCIA | Arienzo | … RIVETTI CRESCENZO, e FALCO ANGELA | A 7 Febrajo 1825» — her husband Antonio Cimmino, son of Francesco Cimmino and Maria Rosa Varrecchia. Her mother Angela Falco, daughter of the founder, had died 17 October 1822, so LUCIA MARRIED AS AN ORPHAN, both parents gone	ANTENATI an_ua14124 (Arienzo, Matrimonj indice 1825) img 1 atto 5 — READ FROM THE IMAGE
Antonio Lettieri & Giovanna Falco	Giovanna Falco	mother	named in a marriage index	2 Feb 1826	Paolisi	A FALCO WOMAN IN A TOWN THIS ARCHIVE HAS ONLY JUST PUT ON ITS MAP. «LETTIERI LUDOVICO | PAOLISI | LETTIERI ANTONIO, e FALCO GIOVANNA | A dì 2 Febrajo 1826», his bride Carmela Cossi of Arienzo. A son marrying in 1826 puts her birth around 1770-1785 — THE FOUNDERS' GENERATION, not the Giovanna Falco baptised 1797 to Gioacchino, nor the Giovanna born 1805 to Giuseppe, both far too young. SHE MAY BE A DAUGHTER OF MATTEO FALCO AND FRANCESCA CRISCI AND IS NOT CLAIMED AS ONE: no act read so far names her parents	ANTENATI an_ua14125 (Arienzo, Matrimonj indice 1826) img 1 — READ FROM THE IMAGE
Giuseppe Falco & Antonia di Guida	Giovanna Falco	child	marriage	6 Sep 1829	Arienzo	HALF OF THE «TWO DAUGHTERS» QUESTION, ANSWERED. «10. CRISCI ANIELLO | Arienzo | CRISCI CRESCENZO, e QUOTOLO ANGELA» ed «FALCO GIOVANNA | Arienzo | FALCO GIUSEPPE, e GUIDA ANTONIA | A 6 7bre 1829». Baptised 1805, so she married at TWENTY-FOUR. The month glyph was settled against the «10 Xbre 1829» two rows below, whose X is unmistakable and quite unlike this 7. SHE DID NOT DIE YOUNG AND SHE DID NOT LEAVE: she married into the CRISCI, the family that is already the Falco's nearest neighbour on strada Camellara and already their in-laws once, through her cousin Anna Falco in 1818	ANTENATI an_ua14128 (Arienzo, Matrimonj indice 1829) img 1 atto 10 — READ FROM THE IMAGE
Aniello Crisci & Giovanna Falco	Aniello Crisci	father	marriage	6 Sep 1829	Arienzo	«CRISCI ANIELLO … CRISCI CRESCENZO, e QUOTOLO ANGELA» — his parents named. A SECOND FALCO-CRISCI MARRIAGE in eleven years: Anna Falco, daughter of Pasquale, married an Arcangelo of the same surname in 1818, and Giovanna, daughter of Giuseppe, marries Aniello here. The two brides were FIRST COUSINS	ANTENATI an_ua14128 (Arienzo, Matrimonj indice 1829) img 1 atto 10 — READ FROM THE IMAGE
Pasquale Falco & Chiara Rivetti	Francescantonio Falco	child	marriage	16 Jul 1832	Arienzo	A NEW SON FOR GENERATION FOUR, AND THE MAN BEHIND A NAME THIS ARCHIVE COULD NOT PLACE. «8. FALCO FRANCESCANTONIO | Arienzo | FALCO PASQUALE, e RIVETTI CHIARA» ed «FALCO RAFFAELA | Arienzo | FALCO GIUSEPPE, e GUIDA ANTONIA | A 16 detto [Luglio] 1832». He is the «FRANCESCO FALCO» of Raffaela's death act of 1854, whose household this archive has held for a day with THREE DEAD CHILDREN and no identity for the father. Pasquale Falco and Chiara Rivetti had no son of this name on record before	ANTENATI an_ua14131 (Arienzo, Matrimonj indice 1832) img 1 atto 8 — READ FROM THE IMAGE
Giuseppe Falco & Antonia di Guida	Raffaela Falco	child	marriage	16 Jul 1832	Arienzo	SHE MARRIED HER FIRST COUSIN. «FALCO RAFFAELA | FALCO GIUSEPPE, e GUIDA ANTONIA» married «FALCO FRANCESCANTONIO | FALCO PASQUALE, e RIVETTI CHIARA» — and GIUSEPPE AND PASQUALE FALCO WERE BROTHERS, both sons of Matteo Falco. Born about 1820, she married at about TWELVE TO FOURTEEN by that reckoning, which is young enough to doubt: her death act of 20 April 1854 gives thirty-four, so b. c.1820, and the two figures cannot both be right. THE MARRIAGE IS READ FROM THE IMAGE; HER BIRTH YEAR IS NOT. Her brother Crescenzo's marriage act carries a papal dispensation «super quarto gradu consanguinitatis», so the house was marrying cousins in this generation as a matter of course	ANTENATI an_ua14131 (Arienzo, Matrimonj indice 1832) img 1 atto 8 — READ FROM THE IMAGE
Francesco Falco & Raffaela Falco	Francescantonio Falco	father	identified	16 Jul 1832	Arienzo, strada Camellara	THE «FRANCESCO FALCO» OF THIS HOUSEHOLD IS FRANCESCANTONIO FALCO, SON OF PASQUALE FALCO AND CHIARA RIVETTI. The archive has carried this household since 13 September 2026 with the note that «her husband was also a Falco, which at Arienzo is common enough to prove nothing on its own». The 1832 marriage index proves it: same bride, same parents, and the groom's parentage stated. Their three recorded children — Carmina d. 19 Dec 1832, Clemente d. 14 Aug 1853, Pasqualina d. 14 Sep 1836 — are therefore GRANDCHILDREN OF MATTEO FALCO TWICE OVER, through both of his sons	ANTENATI an_ua14131 (Arienzo, Matrimonj indice 1832) img 1 atto 8 — READ FROM THE IMAGE
Pasquale Falco & Chiara Rivetti	Michelangelo Falco	child	marriage	Dec 1828	Arienzo	AN UNATTACHED FALCO HOUSEHOLD, JOINED TO GENERATION FOUR. «10. FALCO MICHELANGELO | Arienzo | FALCO PASQUALE, e RIVETTI CHIARA» ed «VIGLIOTTI ANTONIA | Arienzo | VIGLIOTTI FRANCESCO, e REPETELLI VITTORIA | Xbre 1828» — the DAY is hidden behind the fold shadow in this filming, the month is unmistakable. This archive has carried «Michelangelo Falco (strada Camellara)» and «Michelangelo Falco & Mariantonia Vigliotta» as households with NO PARENTS FOR HIM. He is Pasquale Falco's son, and therefore VINCENZO FALCO'S BROTHER — which is why Vincenzo, 38, declared their daughter Anna's death on 4 May 1831 «come PARENTE della defunta». A relationship word the archive recorded in 1831 and could not explain until now	ANTENATI an_ua14127 (Arienzo, Matrimonj indice 1828) img 2 atto 10 — READ FROM THE IMAGE
Michelangelo Falco & Mariantonia Vigliotta	Mariantonia Vigliotta	mother	marriage	Dec 1828	Arienzo	«VIGLIOTTI ANTONIA … VIGLIOTTI FRANCESCO, e REPETELLI VITTORIA» — HER PARENTS, named for the first time. The archive has called her Mariantonia Vigliotta from her children's death acts; the marriage index writes her ANTONIA VIGLIOTTI, and both spellings are kept **HER PARENTS, READ FROM THE IMAGE 20 September 2026**: «***VIGLIOTTI ANTONIA** | ivi | **VIGLIOTTI FRANCESCO, e REPETELLI VITTORIA***». **FRANCESCO VIGLIOTTI and VITTORIA REPETELLI**, neither of whom this archive held. The index writes her **ANTONIA VIGLIOTTI**; the death acts write her **MARIANTONIA VIGLIOTTA**. **She is not the Antonia Vigliotti who married MICHELE FALCO** — see the note on her husband.	ANTENATI an_ua14127 (Arienzo, Matrimonj indice 1828) img 2 atto 10 — READ FROM THE IMAGE
Giuseppe Falco & Antonia di Guida	Matteo Falco (the second)	child	marriage	24 Jan 1834	Arienzo	A NINTH CHILD, AND THE SECOND NECRONYM IN THIS HOUSEHOLD. «3. FALCO MATTEO | Arienzo | FALCO GIUSEPPE, e GUIDA ANTONIA | A 24 Gennajo 1834», his bride CRISCI ALESSANDRA. THE FIRST MATTEO — baptised 1807, named for his grandfather the founder — DIED 28 AUGUST 1809, so the name was given again to a later son, exactly as MADDALENA was given again in 1827 after the first Maddalena died in 1825. His bride's mother is written «[Quo]TOLO ANGELA», and ANIELLO CRISCI, who married this man's sister Giovanna in 1829, was son of «CRISCI CRESCENZO, e QUOTOLO ANGELA». THEY MAY BE BROTHER AND SISTER AND IT IS NOT CLAIMED: the father's forename here is obscured by the fold, and Angela Quotolo is not a rare name at Arienzo	ANTENATI an_ua14133 (Arienzo, Matrimonj indice 1834) img 1 atto 3 — READ FROM THE IMAGE
Matteo Falco & Alessandra Crisci	Alessandra Crisci	mother	marriage	24 Jan 1834	Arienzo	«CRISCI ALESSANDRA … CRISCI [?], [QUO]TOLO ANGELA» — the father's forename is not legible, lost to the page-fold shadow in this filming. A THIRD FALCO-CRISCI MARRIAGE IN SIXTEEN YEARS: Anna Falco in 1818, Giovanna Falco in 1829, Matteo Falco here. The Crisci are the Falco's nearest neighbours on strada Camellara and by 1834 their relations three times over	ANTENATI an_ua14133 (Arienzo, Matrimonj indice 1834) img 1 atto 3 — READ FROM THE IMAGE
Giuseppe Falco & Antonia di Guida	Francesca Maria Lucia Falco	child	marriage	5 Jan 1839	Arienzo	THE OTHER HALF OF THE «TWO DAUGHTERS» QUESTION — AND IT CLOSES IT. «1. CRISCI RAFFAELE | Arienzo | CRISCI GIUSEPPE, e [Quo]TOLA PAOLA» ed «FALCO FRANCESCA | Idem | FALCO GIUSEPPE, [GUI]DA ANTONIA | A 5 GENNAJO 1839». Baptised 1812, so she married at TWENTY-SIX. Her sister Giovanna married a Crisci in 1829 and her brother Matteo married a Crisci in 1834: THREE OF GIUSEPPE FALCO'S CHILDREN MARRIED INTO ONE NEIGHBOURING HOUSE. The index gives her simply as FRANCESCA; the baptism this archive holds names her FRANCESCA MARIA LUCIA, and there is no second Francesca in the household	ANTENATI an_ua14137 (Arienzo, Matrimonj indice 1839) img 1 atto 1 — READ FROM THE IMAGE
Raffaele Crisci & Francesca Falco	Raffaele Crisci	father	marriage	5 Jan 1839	Arienzo	«CRISCI RAFFAELE … CRISCI GIUSEPPE, e [QUO]TOLA PAOLA» — his parents named. THE FOURTH FALCO-CRISCI MARRIAGE IN TWENTY-ONE YEARS, and the third into Giuseppe Falco's house alone	ANTENATI an_ua14137 (Arienzo, Matrimonj indice 1839) img 1 atto 1 — READ FROM THE IMAGE
Antonio Lettieri & Giovanna Falco	Nunzia Lettieri	child	marriage	1 Feb 1837	Arienzo	A SECOND CHILD FOR THE PAOLISI COUPLE. «5. MARTONE GIUSEPPE | Arienzo | Martone Pasquale, e Cioffi Lucia | 1° Febrajo [1837]» ed «LETTIERI NUNZIA | Arienzo | LETTIERI ANTONIO, e FALCO GIOVANNA». Her brother Ludovico married at Arienzo in 1826. THE MOTHER IS STILL UNATTACHED TO ANY FALCO HOUSEHOLD — two children marrying at Arienzo between 1826 and 1837 puts her birth about 1770-1785, the founders' generation, and no act yet names her parents	ANTENATI an_ua14135 (Arienzo, Matrimonj indice 1837) img 2 — READ FROM THE IMAGE
Vincenzo Falco & Andreana Crisci	Angelandrea Falco	child	marriage	Mar 1847	Arienzo	THE ACT THAT LIFTS A REFUSAL THIS ARCHIVE MADE ON PURPOSE. «3. FALCO ANGELANDREA | Arienzo | FALCO VINCENZO, e CRISCI ANDREANA» ed «CIMMINO MARIA | Arienzo | CIMMINO ALESSANDRO, e SOLLI [ROSA]», the church date given as «**29 MARZO**» [1847] — READ AGAIN 20 Sep 2026 at 3,000 px, where the second digit carries a full descender loop; the act number **4** two rows above it on the same page has none. This archive published it as «24 MARZO». When Angelandrea's birth act of 12 September 1826 was published, it was DELIBERATELY NOT JOINED to «the ANGELO Falco who married Maria Cimmino in 1847 or the ANDREA Falco who married Maria Carmela», because the household held all three names and each of the other two was known only from a parish marriage act. THE CIVIL INDEX SETTLES ONE HALF: the man who married MARIA CIMMINO, daughter of Alessandro and Rosa Solli, is written ANGELANDREA — the exact name of the 1826 birth act — so ANGELO of the parish act and ANGELANDREA of the birth act are ONE MAN, married at TWENTY. The ANDREA who married Maria Carmela, daughter of Onofrio and Angela Imbimbo, REMAINS A SEPARATE SON and is still not joined to anything. DATE DISCREPANCY RECORDED, NOT RECONCILED: this tavola gives the church wedding as 24 March 1847 and the parish record held here gives 17 April 1847 — the same kind of civil-versus-parish disagreement already documented for Raffaele Falco's marriage of 1844	ANTENATI an_ua14145 (Arienzo, Matrimonj indice 1847) img 1 atto 3 — READ FROM THE IMAGE
Vincenzo Falco & Andreana Crisci	Andrea Falco	child	marriage	24 May 1846	Arienzo	DATED AT LAST, AND THE BRIDE'S SURNAME SUPPLIED. «14. FALCO ANDREA | Arienzo | FALCO VINCENZO, e CRISCI ANDREANA» ed «BUONO MARIA CARMELA | Arienzo | BUONO ONOFRIO, ed IMBIMBO [ANGELA] | 24 MAGGIO 1846». The archive held this marriage from a Latin parish act with NO DATE and NO SURNAME for the bride — «Andream Falco Vincentii et Andreanae Crisci filium» m. «Maria Carmela, dau of Onofrio & Angela Imbimbo». Her family name is BUONO. AND IT SETTLES THE OTHER HALF OF THE ANGELO/ANDREA/ANGELANDREA TANGLE: Andrea married Maria Carmela Buono in MAY 1846 and Angelandrea married Maria Cimmino in MARCH 1847 — two men, two years, two wives, both sons of this house	ANTENATI an_ua14144 (Arienzo, Matrimonj indice 1846) img 2 atto 14 — READ FROM THE IMAGE
Giuseppe Falco & Antonia di Guida	Crescenzo Falco	child	marriage	3 Feb 1845	Arienzo	A FOURTEEN-YEAR WINDOW CLOSED TO A DAY. «3. FALCO CRESCENZO | Arienzo | FALCO GIUSEPPE, e GUIDA [ANTONIA]» ed «MORGILLO ANGELA MARIA | Arienzo | MORGILLO GENNARO, e …» — 3 FEBRAJO 1845. The archive dated this marriage «c. 1831-46» from the parish act's papal dispensation «super quarto gradu consanguinitatis» granted by «Papa nostro GREGORIO» — Gregory XVI reigned 1831 to 1846, and that was the whole of the evidence. It is 3 February 1845, and the bride's father is GENNARO MORGILLO. THE DISPENSATION ITSELF IS NOT EXPLAINED BY THIS ENTRY: a fourth degree of consanguinity between a Falco of strada Camellara and a Morgillo is not yet traced	ANTENATI an_ua14143 (Arienzo, Matrimonj indice 1845) img 1 atto 3 — READ FROM THE IMAGE
Domenico Crisci & Margarita Falco	Angelo Crisci	child	marriage	29 Nov 1819	Arienzo	A CHILD FOR A HOUSEHOLD THAT HAD NONE. «ANGELO CRISCI ed ANNA RIVETTI | Arienzo | DI DOMENICO, e MARGARITA FALCO | A dì 29 NOVEMBRE [1819]» — his bride «Di Antonio, e Marchilia Auorolo». The archive holds MARGARITA FALCO, daughter of Francesco Falco and Maria Angela Ulivieccio, who died 13 May 1836 aged sixty as «moglie di DOMENICO CRISCI», and it holds her among the TWELVE PEOPLE IN THIS ARCHIVE WITH NO PARENT, NO SPOUSE, NO CHILD AND NO SIBLING attached. She has a son. AND SHE IS THE EARLIEST FALCO-CRISCI MARRIAGE FOUND: born about 1776, she married a Crisci a generation before Anna, Giovanna, Matteo and Francesca did	ANTENATI an_ua14118 (Arienzo, Matrimonj indice 1819) img 1 — READ FROM THE IMAGE
Pietro Falco & [Carbone] (Airola)	Francesco Falco	child	marriage	23 Aug 1848	Airola	A FALCO FROM ANOTHER TOWN, RECORDED SO THAT NOBODY JOINS HIM BY MISTAKE. «20. FALCO FRANCESCO | AIROLA | FALCO PIETRO, e CARBONE […]» ed «RIVETTI GIUSEPPA | Arienzo | RIVETTI GIOVANNI, ed ALTARELLI […] | 23 AGOSTO 1848». His patria is AIROLA, not Arienzo, and his father PIETRO FALCO appears nowhere in this archive. NO KINSHIP TO THIS LINE IS CLAIMED OR SUSPECTED; he is here because the surname is the same and the archive's rule is that the surname identifies nobody	ANTENATI an_ua14146 (Arienzo, Matrimonj indice 1848) img 2 atto 20 — READ FROM THE IMAGE
Crescenzo Rivetti & Angela Falco	Angela Maria Rivetti	child	marriage	26 Nov 1816	Arienzo	A FIFTH CHILD, AND THE ONE WHOSE TIMING MATTERS. «26. CLEMENTE COSSI, ed | Arienzo | Di CRISTOFARO, ed ORSOLA CARFORA» ed «ANGELA MARIA RIVETTI | Arienzo | Di [C]RESCENZO, ed ANGELA FALCO | A dì 26 NOVEMBRE 1816». HER FATHER DIED FIVE DAYS LATER, on 1 December 1816 — the act that Giuseppe Falco and Gioacchino Falco declared as «parenti», and the only record from which this archive knew the marriage existed at all. She married out of a house that was about to lose its head	ANTENATI an_ua14115 (Arienzo, Matrimonj indice 1816) img 1 atto 26 — READ FROM THE IMAGE
Alfonso Diglio & Maria Falco	Alfonso Diglio	father	marriage	19 Nov 1813	Arienzo	THE MISSING MARRIAGE, FOUND. «13. ALFONSO DIGLIO | Arienzo | Di CESARE, ed ANNA MANNA» ed «MAGGIA FALCO | Arienzo | Di PASQUALE, e CHIARA RIVETTI | A 19 9bre 1813». THE BRIDE'S GIVEN NAME IS WRITTEN «MAGGIA» HERE and MARIA everywhere else — in her own death act of 25 April 1826, which names the same husband and the same two parents. The identification does not rest on the forename: one Alfonso Diglio, son of Cesare, one wife, one set of parents. The spelling is reported as found and NOT reconciled, the same treatment given to the Cossi/Crisci pair. She married at TWENTY-THREE or TWENTY-FOUR (baptised 1789 or 1790), bore Clementina in May 1825 and died eleven months later	ANTENATI an_ua14112 (Arienzo, Matrimonj indice 1813) img 1 atto 13 — READ FROM THE IMAGE
Alfonso Diglio & Maria Falco	Alfonso Diglio	father	named in a marriage index	19 Nov 1813	Arienzo	«Di CESARE, ed ANNA MANNA» — CESARE DIGLIO, who witnessed his granddaughter Clementina's birth act in May 1825 aged fifty, and ANNA MANNA. THIS CORRECTS A READING PUBLISHED HERE YESTERDAY: the 1827 tavola entry for Alfonso's SECOND marriage was read as «Diglio Cesare, e M[anna] SARA», and the mother's forename was wrong. It is ANNA. The 1813 entry is the clearer hand and is twelve years closer to the fact	ANTENATI an_ua14112 (Arienzo, Matrimonj indice 1813) img 1 atto 13 — READ FROM THE IMAGE
Sebastiano Falco & Colomba Montefusco	Luigi Falco	child	marriage	19 Mar 1815	Arienzo	A FALCO HOUSEHOLD THIS ARCHIVE HAS NEVER SEEN. «8. LUIGI FALCO | Arienzo | Di SEBASTIANO, e COLOMBA MONTEFUSCO» ed «GIUSTINA PETRILLO | Arienzo | Fu SABATINO, e BRIGIDA COSSI | A 19 detto [1815]». NEITHER SEBASTIANO FALCO NOR COLOMBA MONTEFUSCO APPEARS ANYWHERE IN THIS ARCHIVE — not in the households, not in the register, not in the people file. NOT THE LUIGI FALCO OF STRADA CAMELLARA, who was baptised in December 1819 to Vincenzo Falco and Andreana Crisci and could not marry in 1815. NO KINSHIP TO THIS LINE IS CLAIMED. Recorded because the archive's standing position is that the surname identifies nobody, and the way to hold that position is to name the other houses rather than ignore them **THE ACT ITSELF WAS READ ON 20 SEPTEMBER 2026, AND IT DISAGREES WITH THE INDEX ABOUT HER FORENAME.** «*L'anno milleottocento quindici, a' dì DICIANNOVE del mese di MARZO, alle ore tredici … è comparso LUIGI FALCO di anni DICIOTTO COMPITI, di professione SAPUNARO, domiciliato nel comune de' SEI CASALI, strada CROCE DI SAN FELICE, MINORE, assistito da SEBASTIANO FALCO suo padre della stessa professione e domicilio, e da COLOMBA MONTEFUSCO sua madre di anni CINQUANTACINQUE, di professione FILATRICE … È comparsa egualmente STELLA PETRILLO di anni DICIOTTO, domiciliata in questa suddetta comune, STRADA DEL BORGO, di professione FILATRICE, MINORE, assistita da BRIGIDA COSSI sua madre di anni CINQUANTASEI, di professione contadina, domiciliata colla figlia, essendo morto il padre SABBATINO PETRILLO*». **The parents match the index exactly, so the woman is the same; the forename does not.** The act reads **STELLA**, the index reads **GIULIA**, and this archive had published **«Giustina»**, which is neither. See /corrections.	ANTENATI an_ua14114 (Arienzo, Matrimonj indice 1815) img 4-5 atto 8 — READ FROM THE IMAGE
Giuseppe Migliore & Giovanna Falco	Maria Michela Migliore	child	marriage	14 Jan 1819	Arienzo	A SECOND GIOVANNA FALCO OF THE FOUNDERS' GENERATION — OR THE SAME ONE, TWICE MARRIED, AND THE ARCHIVE DOES NOT SAY WHICH. «PASCALE LETTIERI | Arienzo | Fu AGOSTINO, e ROSA SPOSITO» ed «MARIA MICHELA MIGLIORE | Arienzo | DI GIUSEPPE, e GIOVANNA FALCO | A dì 14 GENNAJO [1819]». The «DI» before Giuseppe, where this scribe writes «FU» for the dead all down the same column, puts GIUSEPPE MIGLIORE ALIVE in January 1819. THE OTHER GIOVANNA FALCO in these indexes is the wife of ANTONIO LETTIERI of Paolisi, whose children married at Arienzo in 1826 and 1837. Two husbands. EITHER TWO WOMEN OF ONE NAME IN ONE GENERATION, OR ONE WOMAN WIDOWED AND REMARRIED BETWEEN 1819 AND 1826 — nothing read so far decides it, and neither is claimed. Note also that the groom here is a LETTIERI and so is the other Giovanna Falco's husband	ANTENATI an_ua14118 (Arienzo, Matrimonj indice 1819) img 2 — READ FROM THE IMAGE
Vincenzo Falco & Andreana Crisci	Vincenzo Falco	father	marriage	15 Oct 1814	Arienzo	GENERATION THREE'S OWN WEDDING DAY, WHICH THIS ARCHIVE HAS NEVER HAD. «16. VINCENZO FALCO, ed | Arienzo | PASQUALE, e CHIARA RIVETTI | A 15 OTTOBRE 1814» ed «ANDREANA CRISCI | Arienzo | ARCANGELO, e SARA RUGGIERO». The households row for this marriage has carried an em-dash in the date column since the archive began; the parish act («Vincentium Falco filium Paschalis, e Clarae Rivetta, e Andreanam Crisci filiam Arcangeli, e [Rosae] Ruggiero») gives the parties and no day. He was TWENTY-TWO — baptised 1 February 1792 — and she was SEVENTEEN, baptised 30 November 1796 CONFIRMED BY THE CIVIL ACT ITSELF on 20 September 2026 — Arienzo Matrimoni 1814, atto 16, which gives the same day and month and adds the ages, the street and both sets of parents in the room.	ANTENATI an_ua14113 (Arienzo, Matrimonj indice 1814) img 3 atto 16 — READ FROM THE IMAGE
Vincenzo Falco & Andreana Crisci	Sara Ruggiero	mother of the bride	named in a marriage index	15 Oct 1814	Arienzo	«ARCANGELO, e SARA RUGGIERO» — SARA, not ROSA. The archive's only previous source for this woman is the parish marriage act, whose machine transcript gives «e [ROSAE] Ruggiero» WITH THE FORENAME IN BRACKETS, the archive's own mark for a reading it did not trust. The civil index is unambiguous. AND IT EXPLAINS A NAME: the daughter born to this couple on 19 DECEMBER 1828 was called SARA — the only Sara in the household, and this archive found her only yesterday. She was named for her mother's mother. The midwife who declared that birth was GELSOMINA RUGGIERO, sixty, and a Gelsomina Ruggiero stood MATRINA at this couple's son Raffaele's baptism in 1818; the Ruggiero kinship is now MORE likely and is STILL NOT CLAIMED	ANTENATI an_ua14113 (Arienzo, Matrimonj indice 1814) img 3 atto 16 — READ FROM THE IMAGE
Giuseppe Falco & Antonia di Guida	Giovanni Falco (the elder)	child	death	27 Nov 1841	Arienzo	READ FROM THE IMAGE AT LAST, and the machine transcript was right. «Anno Domini 1841 die vero 27. NOVEMBRIS obiit JOANNES FALCO filius JOSEPHI et ANTONIAE DI GUIDA, aetate sua ANNORUM 24 CIRCITER, omnibus Sacramentis munitus et in commendatione animae adjutus, cujus cadaver IN SODALITATE S. MARIAE GRATIARUM jacet» — the margin gives the Italian form, GIOVANNI FALCO. THE «24 CIRCITER» IS CONFIRMED, so this man was born about 1817 and CANNOT be DON GIOVANNI FALCO the deacon, whose birth of 6 April 1825 is fixed by his civil act AND his parish baptism and who died in 1849. THIS HOUSEHOLD HAD TWO LIVING SONS NAMED GIOVANNI between 1825 and 1841, which the archive's necronym rule does not explain: the elder was alive when the younger was named. HE DIED FORTIFIED WITH ALL THE SACRAMENTS, which the register does not say of everyone. AND THERE IS NO CIVIL DEATH ACT FOR HIM — all ninety acts of the Arienzo 1841 death register were read on 14 September 2026 and hold no Falco at all	FamilySearch 3Q9M-CSMY-B7WY-G, Registri ecclesiastici di Arienzo, film 007786827 — READ FROM THE IMAGE
Giuseppe Falco & Antonia di Guida	Giovanni Falco (the elder)	child	burial	27 Nov 1841	Arienzo, Sodalitas S. Mariae Gratiarum	«cujus cadaver IN SODALITATE S[ANCTAE] MARIAE GRATIARUM jacet» — the CONFRATERNITY OF SANTA MARIA DELLE GRAZIE. THE SAME BURIAL PLACE recorded for «FRANCISCA CRISCI, VIDUA […] FALCO» on 31 December 1805, the woman who may be the founder's wife and whose identification is an open question here. A confraternity buried many families and this is NOT offered as evidence of kinship; it is recorded because the archive holds only two burials with a named place and both are in this one	FamilySearch 3Q9M-CSMY-B7WY-G — READ FROM THE IMAGE
Giuseppe Falco & Antonia di Guida	Giovanni Falco	child	death	26 Nov 1849	Arienzo, strada Camellara	«…è morto nella sua propria casa DON GIOVANNI FALCO, nato in Arienzo, di anni VENTICINQUE, di professione DIACONO … figlio di GIUSEPPE FALCO di professione COLONO … e di ANTONIA DI GUIDA» — 26 November 1849, ore ventidue. THE ONLY MAN IN THIS FAMILY KNOWN TO HAVE TAKEN ORDERS, from a household of contadini on strada Camellara. Born 6 April 1825 by both his civil act and his parish baptism, so he was TWENTY-FOUR YEARS AND SEVEN MONTHS, and the act rounds it to twenty-five. NOT the Giovanni Falco of this house who was buried on 27 November 1841 «annorum 24 circiter» — two brothers of one name, alive together for sixteen years. The declarants are GENNARO CIOFFI, 52, and FRANCESCO CIOFFI, 56, both contadini of strada Camellara. The act also keeps GIUSEPPE FALCO ALIVE in November 1849 at about seventy, with no «fu» before his name. ADDED TO THE HOUSEHOLD FILE 15 Sep 2026: the act was read from the image on 13 September and had lived only in this archive's corrections log since	ANTENATI an_ua14351 (Arienzo, Morti 1849) atto 66, img 42 — READ FROM THE IMAGE
Francesco Falco & Raffaela Falco	Pasquale Falco	child	death	30 Oct 1838	Arienzo	A FOURTH CHILD FOR THE FIRST-COUSIN MARRIAGE, and the third of them to die small. «71. FALCO PASQUALE | Arienzo | contadino | FALCO FRANCESCO, e FALCO RAFFAELA | A 30 detto [OTTOBRE] 1838» — the row above it is dated 10 Ottobre, which fixes the month. This household is FRANCESCANTONIO FALCO, son of Pasquale Falco and Chiara Rivetti, and RAFFAELA FALCO, daughter of Giuseppe Falco and Antonia di Guida — first cousins, married 16 July 1832. Their children now run CARMINA (d. 19 Dec 1832), PASQUALINA (d. 14 Sep 1836), PASQUALE (d. 30 Oct 1838) and CLEMENTE (d. 14 Aug 1853). FROM THE INDEX, NOT THE ACT: atto 71 has not been read, and no age is recorded here	ANTENATI an_ua14299 (Arienzo, Morti indice 1838) atto 71 — READ FROM THE IMAGE
Michelangelo Falco & Mariantonia Vigliotta	Matteo Falco	child	WITHDRAWN from this household	24 Aug 1842	Arienzo	**THIS CHILD IS NOT RECORDED AS THIS COUPLE'S, AND THE ROW IS LEFT STANDING RATHER THAN DELETED.** Arienzo Morti 1842 act 55 reads «*figlio di **MICHELE FALCO** … e di **ANTONIA VIGLIOTTA***», and **MICHELE FALCO is a son of RAFFAELE**, not the MICHELANGELO of this household, who is a son of **PASQUALE** — settled on 20 September 2026 from the 1828 marriage index and the 1850 marriage act, both magnified. **He is published under MICHELE FALCO & ANTONIA VIGLIOTTA.** He had stood in both households at once, which is how a child gets counted twice.	ANTENATI an_ua14303 (Arienzo, Morti indice 1842) atto 55 — READ FROM THE IMAGE
Francesco Cioffi & Maria Falco	Giuseppe Cioffi (the second)	child	death	5 Dec 1830	Arienzo	«50. CIOFFI GIUSEPPE | Arienzo | contadino | CIOFFI FRANCESCO, e FALCO MARIA | A 5 Xbre 1830» — A SECOND GIUSEPPE. The first died on 25 March 1824, aged five, so this child was born after that and named for him. The seventh necronym documented in this family. FROM THE INDEX, NOT THE ACT: atto 50 is unread and no age is given here	ANTENATI an_ua14292 (Arienzo, Morti indice 1830) atto 50 — READ FROM THE IMAGE
Francesco Cioffi & Maria Falco	Mariantonia Cioffi (the second)	child	death	3 Dec 1832	Arienzo	«64. CIOFFI MARIANTONIA | Arienzo | contadina | CIOFFI FRANCESCO, e FALCO MARIA | A 3 detto» — A SECOND MARIANTONIA, the first having died on 23 October 1828. THE MONTH IS FIXED BY THE DITTO CHAIN: act 62 on the same page reads «A 2 Xbre 1832», act 63 «A detto dì», and act 64 «A 3 detto» — so 3 DECEMBER 1832. FROM THE INDEX, NOT THE ACT	ANTENATI an_ua14294 (Arienzo, Morti indice 1832) atto 64 — READ FROM THE IMAGE
Carlantonio Morgillo & Rosa Falco	Raffaela Morgillo	child	death	9 Mar 1832	Arienzo	A CONFLICT, PUBLISHED AS ONE. The 1832 death index reads «14. MORGILLO RAFFAELA | Arienzo | contadina | MORGILLO CARLANTONIO, e FALCO ROSA | A 9 MARZO 1832». This archive already holds, from the act, «RAFFAELE MORGILLO, 22, CONTADINO, figlio di Carlantonio Morgillo», died 9 MAY 1832. SAME DAY OF THE MONTH, DIFFERENT MONTH, DIFFERENT ENDING, DIFFERENT SEX. Either this couple lost two children nine weeks apart, or one record has been read two ways — «Marzo» and «Maggio» begin alike, and so do «Raffaela» and «Raffaele». THE ACT IS THE STRONGER SOURCE for the age and the trade; the index is a clerk's copy. NOT RESOLVED: reading atto 14 of 1832 and comparing it with the act already held would settle it in one pass	ANTENATI an_ua14294 (Arienzo, Morti indice 1832) atto 14 — READ FROM THE IMAGE
Michele Falco & Maria Giovanna Ambrogio	Maria Falco	child	death	4 Mar 1859	Arienzo	A FALCO HOUSEHOLD NEW TO THIS ARCHIVE. «19. FALCO MARIA | Arienzo | contadina | MICHELE, ed AMBROGIO GIOV[ANN]A | 4 MARZO [1859]». NO AMBROGIO HAS EVER APPEARED HERE AS A FALCO WIFE. This is NOT Michele Falco & Vincenza Esposito, nor Michelangelo Falco & Mariantonia Vigliotta, both of whom this archive holds; the mother's surname separates them. FROM THE BOUND INDEX, NOT THE ACT: atto 19 is unread and no age is given	ANTENATI an_ua14361 (Arienzo, Morti 1859) tavola bound at the front, img 4l, atto 19 — READ FROM THE IMAGE
Michele Falco & Maria Giovanna Ambrogio	Raffaele Falco	child	death	17 Aug 1859	Arienzo	«60. FALCO RAFFAELE | Arienzo | contadino | MICHELE, ed AMBROGIO MARIA GIOVANNA | 17 detto [AGOSTO 1859]» — a second child of the same house, dead five months after his sister. The mother is written more fully here, MARIA GIOVANNA AMBROGIO, which is what fixes the household's name. FROM THE INDEX, NOT THE ACT	ANTENATI an_ua14361 (Arienzo, Morti 1859) tavola, img 4l, atto 60 — READ FROM THE IMAGE
Michelangelo Falco & Mariantonia Vigliotta	Carmela Falco	child	death	4 Aug 1859	Arienzo	A FOURTH CHILD. «55. FALCO CARMELA | Arienzo | contad[ina] | MICHELE, e VIGLIATO ANT[ONI]A | 4 AGOSTO [1859]». THE SAME SHORTENING AS THE 1842 ACT AND THE SAME CAUTION: the head of this house is MICHELANGELO FALCO and his wife MARIANTONIA VIGLIOTTA, and the index gives both forenames clipped. VIGLIOTTA — here written VIGLIATO — is the half that identifies. A separate Michele Falco married to an Antonia is not impossible, and only the act settles it. Her siblings are two ANNA (d. 1831, d. 1834) and MATTEO (d. 1842)	ANTENATI an_ua14361 (Arienzo, Morti 1859) tavola, img 4l, atto 55 — READ FROM THE IMAGE
Vincenzo Falco & Andreana Crisci	Sara Falco	child	marriage	14 Feb 1855	Arienzo, strada Camellara	SHE LIVED, AND SHE MARRIED. Found in the 1828 tavola three days ago and known only as a birth, Sara Falco is the bride of «ATTO DI SOLENNE PROMESSA DI MATRIMONIO, Num. d'ordine 6», 14 FEBRUARY 1855 at sixteen hours, before CARLO CARFORA, sindaco of Arienzo: «…sono comparsi nella Casa Comunale ANTONIO MAURO MAGGIORE, nato in ARIENZO, di professione FRUTTAJOLO, domiciliato STRADA CROCE, figlio di DOMENICO di professione simile … e di VINCENZA GROSSO … e SARA FALCO MAGGIORE, nata in ARIENZO, domiciliata STRADA CAMELLARA, figlia di VINCENZO di professione COLONO … e di ANDREANA…». THE MARGIN CERTIFIES THE CHURCH: the parroco of Sant'Andrea returned the certificate for the celebration on the FIFTEENTH of February. She was TWENTY-SIX, born 19 December 1828 — and her father is a COLONO here where every earlier act makes him a contadino	ANTENATI an_ua14259 (Arienzo, Matrimoni 1855) atto 6, img 8r — READ FROM THE IMAGE
Antonio Mauro & Sara Falco	Antonio Mauro	father	marriage	14 Feb 1855	Arienzo, strada Croce	«ANTONIO MAURO MAGGIORE, nato in Arienzo, di professione FRUTTAJOLO, domiciliato STRADA CROCE, figlio di DOMENICO di professione simile, domiciliato ivi, e di VINCENZA GROSSO» — A TRADE THIS ARCHIVE HAS NOT MET. Nine generations of bracciali, contadini, coloni and massari, one deacon, and now a FRUITSELLER. No Mauro has stood in these households before	ANTENATI an_ua14259 (Arienzo, Matrimoni 1855) atto 6, img 8r — READ FROM THE IMAGE
Vincenzo Falco & Andreana Crisci	Sara Ruggiero	mother of the bride	named as MATRINA	c. 1810s-1820s	Arienzo, Sant'Andrea Apostolo	SHE IS THE THREAD THROUGH THE WHOLE FALCO CONNECTION. «Matrina fuit SARA RUGGIERO» appears on TEN PAGES of the Arienzo parish baptism harvest, standing godmother to children of AT LEAST SIX FALCO HOUSEHOLDS: PASQUALE FALCO & CHIARA RIVETTI (generation four); GIUSEPPE FALCO & GELSOMINA VIGLIOTTA of strada Costa; GIOACCHINO FALCO & VITTORIA CIMMINO; DOMENICO CRISCI & MARGARITA FALCO, on three separate pages; ANTONIO MORGILLO & ROSA FALCO — the founders' daughter; and VINCENZO FALCO & ANDREANA CRISCI, which is her OWN DAUGHTER. A Giuseppe Falco and Antonia di Guida baptism carries her too. AT TRANSCRIPT STRENGTH ONLY: every one of these is a machine reading and the OCR mangles the names — «Andreana Cini», «Tesummina Vigliotta», «Cara Ricesta». NONE HAS BEEN READ FROM THE IMAGE. Arks: 3Q9M-CSD3-132K-G, 13L4-T, 132G-3, 1325-J, 13CP-4, 13DW-3, 13N4-R, 13NC-8, 13NK-T	FamilySearch Arienzo parish baptisms, ten pages of the harvest — MACHINE TRANSCRIPTS, NOT READ FROM THE IMAGE
Arcangelo Crisci & Sara Ruggiero	Arcangelo Crisci	father	named as declarant	1817	Arienzo, strada Camellara	ANDREANA CRISCI'S FATHER, WITH AN AGE AT LAST. «è comparso ARCANGELO CRISCI di anni CINQUANTADUE di professione CONTADINO domiciliato in detto comune, STRADA CAMELLARA» — fifty-two in 1817 gives b. c.1765. HE IS NOT THE ARCANGELO CRISCI WHO MARRIED ANNA FALCO. The same 1817 volume holds a SECOND Arcangelo Crisci, «di anni TRENTA», contadino of STRADA CAPODICONCA, married to MARIA MARTONE — twenty-two years younger, a different street, a different wife. Both read from the image	ANTENATI an_ua14414 (Arienzo, Nati 1817) img 33l — READ FROM THE IMAGE
Arcangelo Crisci & Sara Ruggiero	Sara Ruggiero	mother	named in a birth act	1817	Arienzo, strada Camellara	«e da SARA RUGGIERO sua moglie legittima D'ANNI QUARANTACINQUE» — FORTY-FIVE IN 1817, so b. c.1772, and STILL BEARING CHILDREN AT FORTY-FIVE. Her daughter Andreana was baptised 30 November 1796, when she was about twenty-four. This is the first age this archive has ever had for her; two days ago she was a bracketed «[Rosae]» in a machine transcript	ANTENATI an_ua14414 (Arienzo, Nati 1817) img 33l — READ FROM THE IMAGE
Arcangelo Crisci & Sara Ruggiero	Lorenzo Antonio Crisci	child	birth	1 Sep 1817	Arienzo, strada Camellara	«*a cui si è dato il nome di **LORENZO ANTONIO***» — **ACT 63, image 33 left, born 1 SEPTEMBER 1817** at eighteen hours, «*nella sua propria casa da lui dichiarante, e da **SARA RUGGIERO** sua moglie legittima d'anni **quarantacinque**, un **Maschio***», declared the same day at twenty-one hours by **ARCANGELO CRISCI, fifty-two, contadino of STRADA CAMELLARA**, before **SALVATORE SCARPATI, Secondo Eletto**. **A NAMED BROTHER FOR ANDREANA CRISCI AT LAST.** This page recorded him as «[son] Crisci» and said plainly that «*the child's given name is further down the act and was NOT REACHED in this pass*». **It was reached on 20 September 2026**, in the course of work-list row 58, and magnified: **Lorenzo Antonio.** **The act also carries the clerk's own correction**: the year is written **1816** and struck, with **«diciassette»** written above it. The act beside it, three leaves on, does the same.	ANTENATI an_ua14414 (Arienzo, Nati 1817) img 33l — READ FROM THE IMAGE
Giuseppe Falco & Gelsomina Vigliotta	Pasqua Falco	child	marriage	9 Sep 1856	Arienzo	SHE MARRIED, AND THE ARCHIVE'S REFUSAL TO JOIN HER TO ANOTHER WOMAN IS VINDICATED. «Atto di solenne promessa di matrimonio, Num. d'ordine 29», 9 SETTEMBRE 1856: «…sono comparsi ANGELO MAJONE … figlio di FRANCESCO MAJONE DEFUNTO … e di MARTA DIGLIO DEFUNTA … e PASQUA FALCO, di anni TRENTATRE, nata in ARIENZO, domiciliata in Arienzo, figlia di GIUSEPPE FALCO di professione CONTADINO domiciliato in Arienzo, e di GELSOMINA VIGLIOTTA DEFUNTA». Thirty-three in September 1856 gives b. c.1823, and her birth act of 30 March 1823 is already held. THE MARGIN CERTIFIES THE CHURCH on the thirteenth of September. SHE IS NOT CALLED A WIDOW — and that is the whole point **Verified from the image, work-list row 58.** «*di anni **TRENTATRE**, nata in ARIENZO*» — **thirty-three in September 1856 gives about 1823, and her birth act is 30 March 1823.** Exact. **AND HER FATHER IS NOT MARKED DEAD.** «*figlia di **GIUSEPPE FALCO**, di professione contadino, domiciliato in Arienzo*» — no «defunto», in an act that writes it three times over for the groom's parents and for her own mother. **So Giuseppe Falco was living on 9 September 1856**, twenty-one months later than this archive's previous latest sighting of him, his own remarriage of 13 December 1854.	ANTENATI an_ua14260 (Arienzo, Matrimoni 1856) atto 29, img 55r, folio 48 — READ FROM THE IMAGE
Angelo Majone & Pasqua Falco	Angelo Majone	father	marriage	9 Sep 1856	Arienzo	«ANGELO MAJONE, nato in Arienzo, di professione CONTADINO, domiciliato in Arienzo, figlio di FRANCESCO MAJONE defunto, di professione contadino, e di MARTA DIGLIO defunta» — both his parents already dead. A MAJONE MARRIES A FALCO, and generation six's wife is COSTANZA MAIONE; this archive also holds an «Angelo Maione, dec. by 1880». NO CONNECTION IS CLAIMED between them — Majone is among the commonest surnames at Arienzo and this archive has already been caught once by a Majone collision **Verified from the image, work-list row 58 — and the act gives him an age this archive had not recorded: «di anni QUARANTA».** Forty in September 1856, so born about **1816**. The church celebration followed later the same month before **ALFONSO VERDICCHIO** and **PASQUALE LAUDATO**; **the day word will not separate at this resolution and is not guessed.**	ANTENATI an_ua14260 (Arienzo, Matrimoni 1856) atto 29, img 55r — READ FROM THE IMAGE
Giuseppe Falco & Gelsomina Vigliotta	Giuseppe Falco	father	marriage	13 Dec 1854	Arienzo; living Santa Maria a Vico	HIS PARENTS, NAMED FOR THE FIRST TIME — AND HE REMARRIED. «Atto di solenne promessa di matrimonio, Num. d'ordine 3», 13 DICEMBRE 1854: «…sono comparsi GIUSEPPE FALCO maggiore, di anni SETTANTUNO, nato in ARIENZO, di professione COLONO, domiciliato in SANTA MARIA A VICO, figlio del fu FRANCESCO di professione simile domiciliato in Arienzo, e della fu MARIANGELA GIULIANI, domiciliata ivi, VEDOVO DI GELSOMINA VIGLIOTTI; ed ANGELA CARFORA maggiore, di anni CINQUANTANOVE, nata in Arienzo…». Seventy-one in December 1854 gives b. c.1783. THE ARCHIVE HOLDS A «FRANCESCO FALCO & MARIA ANGELA ULIVIECCIO» whose daughter Margarita married Domenico Crisci; whether MARIANGELA GIULIANI is that woman under another surname is NOT ESTABLISHED and is not claimed	ANTENATI an_ua14258 (Arienzo, Matrimoni 1854) atto 3, img 7r — READ FROM THE IMAGE
Giuseppe Falco & Gelsomina Vigliotta	Gelsomina Vigliotta	mother	death window	before 13 Dec 1854	Arienzo	«VEDOVO DI GELSOMINA VIGLIOTTI» in her husband's remarriage act of 13 December 1854, and «GELSOMINA VIGLIOTTA DEFUNTA» in her daughter Pasqua's marriage act of 9 September 1856. TWO INDEPENDENT ACTS, TWO YEARS APART, BOTH READ FROM THE IMAGE. Her death is therefore before December 1854 and is not yet found; the Arienzo death registers 1844-1858 have been read out, so she should be in them	ANTENATI an_ua14258 atto 3 and an_ua14260 atto 29 — BOTH READ FROM THE IMAGE
Giuseppe Falco & Antonia di Guida	Crescenzo Falco	child	birth	11 Oct 1819	Arienzo, strada Camellara	HIS BIRTH DATE, FOUND AT LAST — he was held by his marriages alone. Civil act 99, folio 239: «è comparso GIUSEPPE FALCO, di anni QUARANTA, di professione CONTADINO, domiciliato in questo comune, STRADA CAMELLARA … ad ore cinque è nato nella sua propria casa da lui dichiarante, e da ANTONIA DI GUIDA sua moglie legitima d'anni TRENTUNO, un MASCHIO». THE GIVEN NAME DID NOT RESOLVE IN THE CIVIL HAND at the leaf's maximum resolution. It is supplied by the PARISH page, which was already harvested into this repository and never parsed: `3Q9M-CSD3-13CH-7`, an October 1819 baptism «et Josepho Falco et Anto[nia] di [Guida] Conjugibus», margin «Cresantios» = CRESCENTIUS. Two independent sources, same parents, same month. Graded PROBABLE on the civil act and PROVEN on the join.	ANTENATI an_ua14416 img51r act99
Giuseppe Falco & Antonia di Guida	Giuseppe Falco	father	named as declarant	11 Oct 1819	Arienzo, strada Camellara	Aged FORTY, contadino. He was given as THIRTY-SIX on 7 June 1818, sixteen months earlier — four years of ageing in sixteen months, from one clerk's desk. A fresh instance of the stated-age problem, in the household that supplies most of them.	ANTENATI an_ua14416 img51r act99
Giuseppe Falco & Antonia di Guida	Antonia di Guida	mother	named in a birth act	11 Oct 1819	Arienzo, strada Camellara	«d'anni TRENTUNO» — thirty-one, so b. c.1788. This archive has already established that the civil clerks' age for her is about five years out; the figure is recorded, not believed.	ANTENATI an_ua14416 img51r act99
Giuseppe Falco & Gelsomina Vigliotta	Domenico Clemente Falco	child	birth	18 Mar 1819	Arienzo, strada Camellara	A NECRONYM, THREE DAYS AFTER A DOUBLE BURIAL. Act 33, folio 206: «è comparso GIUSEPPE FALCO … di professione MASSARO DI CAMPAGNA, domiciliato in detto comune, STRADA CAMELLARA … ad ore sette e mezza è nato … e da GELSOMINA VIGLIOTTA sua moglie legitima … un MASCHIO … a cui si è dato il nome di DOMENICO CLEMENTE». THIS ARCHIVE ALREADY HELD THAT THIS COUPLE BURIED TWO CHILDREN ON 15 MARCH 1819 — Domenico, aged two years and four months, and his sister Rosaria eleven hours later. Three days after, a son was born and given the dead boy's name.	ANTENATI an_ua14416 img18r act33
Giuseppe Falco & Gelsomina Vigliotta	Domenico Clemente Falco	child	marriage	6 Aug 1856	not established — «S[?] …a Vico»	FROM THE MARGIN OF HIS OWN BIRTH ACT, not from any marriage register: «*Con atto **6 agosto 1856** at[to] **21** in **S[?] …a Vico** il Falco sposò **DOMENICA VIGLIOTTI** [di] **Gaspare**(?)*». **THE COMUNE IS NOT ESTABLISHED.** At five times magnification the place reads «*S[?]basia a Vico*» and resolves no further. **SANTA MARIA A VICO IS THE OBVIOUS CANDIDATE AND IS EXCLUDED BY ITS OWN REGISTER**: `an_ua55736`, *Matrimoni* 1856, **act 21 is Don Domenico de Lucia, 29, of San Felice, promised 14 June 1856** — no Falco, and no act of 6 August (act 31 is 3 August, act 32 is 9 August). **What is certain is the annotation itself**: a Falco of this house married a DOMENICA VIGLIOTTI on 6 August 1856, recorded as act 21 somewhere «…a Vico». The bride's father reads **Gaspare** rather than the Giuseppe first published. Note that the groom's own mother is a **VIGLIOTTA**; whether the two families are one is NOT established. **IT IS THE FIRST TIME THIS ARCHIVE USED A BIRTH-ACT MARGIN AS A SOURCE**, and the rule it produced — that a civil birth act can carry the child's later marriage, in another comune, where no local register shows it — has since found Pasqua Falco's marriage of 1880, Giovanna Arricale's of 1872 and **both** of Domenica Falco's, of 1874 and 1881.	ANTENATI an_ua14416 img18r act33 (marginal annotation)
Giuseppe Falco & Gelsomina Vigliotta	Giuseppe Falco	father	named as declarant	18 Mar 1819	Arienzo, strada Camellara	MASSARO DI CAMPAGNA, and on STRADA CAMELLARA — this archive has the household at STRADA COSTA in 1816. Either they moved, or the street is not the identifier here. He is NOT the Giuseppe Falco of the same street who declared a birth seven months later: that one is a CONTADINO married to ANTONIA DI GUIDA. Two Giuseppe Falco on one street in one year, separated by trade and by wife.	ANTENATI an_ua14416 img18r act33
Giuseppe Falco & Gelsomina Vigliotta	Gelsomina Vigliotta	mother	named in a birth act	18 Mar 1819	Arienzo, strada Camellara	Alive and bearing a child on 18 March 1819, three days after burying two. Her age is given in this act; it is recorded rather than relied on.	ANTENATI an_ua14416 img18r act33
Vincenzo Falco & Andreana Crisci	Luigi (Aloysius) Falco	child	birth	21 Dec 1819	Arienzo, strada Camellara	THE CIVIL ACT BEHIND A BAPTISM THIS ARCHIVE ALREADY HELD — not a new child. Act 133: «è comparso VINCENZO FALCO, di anni VENTISEI, di professione CONTADINO, domiciliato in questo comune, STRADA CAMELLARA … ad ore dieci è nato nella sua propria casa da lui dichiarante e da ANDREANA CRISCI sua moglie legitima d'Anni VENTIDUE, un MASCHIO … a cui si è dato il nome di LUIGI». The parish entry gave only «Dec 1819» and «nominatus est Aloysius»; this gives the day, the hour, the street and both parents' ages. **ACT NUMBER CORRECTED 20 Sep 2026, from 133 to 134.** The leaf reference was right and the number was not: image 71 left is headed «*Numero d'ordine **CENTOTRENTAQUATTRO***». **Act 133 is on the facing leaf, image 70 right, and it is a different family — «*è comparso **VINCENZO MAURO**, di anni ventisette, di professione viaticale, domiciliato in questo comune strada Sant'Andrea … da **ANDREANA CARFORA** sua moglie legittima, d'anni ventisei, un Maschio***». **Same day, same clerk, a Vincenzo and an Andreana in each** — which is exactly the kind of neighbour an archive chasing act 133 would have taken for its own.	ANTENATI an_ua14416 img71l act134
Vincenzo Falco & Andreana Crisci	Vincenzo Falco	father	named as declarant	21 Dec 1819	Arienzo, strada Camellara	«di anni VENTISEI» — twenty-six. He was given as TWENTY-SEVEN on 10 May 1818, nineteen months earlier: HE GETS YOUNGER BY A YEAR WHILE NINETEEN MONTHS PASS. His baptism of 1 February 1792 makes him twenty-seven here, so both civil figures are wrong and the register is the reason the archive dates him from the font instead.	ANTENATI an_ua14416 img71l act134
Vincenzo Falco & Andreana Crisci	Andreana Crisci	mother	named in a birth act	21 Dec 1819	Arienzo, strada Camellara	«d'Anni VENTIDUE» — twenty-two, so b. c.1797. This is the Andreana Crisci who married Vincenzo Falco in December 1814, on his own street and in his own house; she is not the other Andreana Crisci this archive keeps separate.	ANTENATI an_ua14416 img71l act134
Giuseppe Falco & Antonia di Guida	Crescenzo Falco	child	marriage	2 Feb 1845	Arienzo, strada Sant'Andrea	THE CIVIL ACT BEHIND THE CHURCH DATE, AND IT DATES HIS BIRTH. «*sono comparsi nella Casa Comunale **CRESCENZO FALCO maggiore di anni VENTICINQUE nato in ARIENZO**, di professione **colono**, domiciliato **IVI strada Sant'Andrea**, figlio di **GIUSEPPE FALCO** di professione simile domiciliato **ivi**, e di **ANTONIA DI GUIDA** di professione contadina domiciliata **ivi***» — TRANSCRIPTION CORRECTED 16 Sep 2026: this archive wrote «domiciliato **in** strada Sant'Andrea» and the act reads «domiciliato **ivi** strada Sant'Andrea». The dropped word matters, because «ivi» in these forms means THE COMUNE and not the street — the bride in this very act is «domiciliata **ivi strada Cappuccini**», one word and two streets. So GIUSEPPE FALCO and ANTONIA DI GUIDA are recorded here as domiciled AT ARIENZO, and THE ACT DOES NOT GIVE THEIR STREET. Anything this archive concluded about the household leaving strada Camellara rests on a word that was never there — bride **ANGELA MARIA MORGILLO**, 23, contadina, of strada Cappuccini, «*figlia di **GENNARO MORGILLO DEFUNTO** … e di **MARIA FELICIA SANSONE** … **defunta***». The INDICAZIONE records the church celebration: **3 February 1845**, parish of **Sant'Andrea Apostolo**, witnesses **Luigi Verdicchio** and **Nunzio Rivetti**. TWENTY-FIVE ON 2 FEBRUARY 1845 puts his birth between 3 February 1819 and 2 February 1820 — and his civil birth act is 11 October 1819. **RE-READ IN FULL, 20 September 2026, work-list row 58 — and one thing in it was nearly "corrected" and is right.** The act says «**maggiore** di anni venticinque», and «maggiore di anni X» is elsewhere a statement of legal majority, not of age; on that reading the act would bound his birth on one side only and «it dates his birth» would be false. **The control is four lines below, in the same sentence: the bride is «maggiore di anni VENTITRE».** No age of majority is twenty-three. **So «maggiore» is a status and the number is the age**, for both of them, and the inference stands. Everything else verifies: act 3, «Domenico Zinelli Sindaco», Arienzo, **distretto di CASERTA**, ore ventuno; «domiciliato **ivi** strada Sant'Andrea»; the church celebration on **3 February** before **LUIGI VERDICCHIO** and **NUNZIO RIVETTI**.	ANTENATI an_ua14249 img4r act3
Giuseppe Falco & Antonia di Guida	Giuseppe Falco	father	named as living	2 Feb 1845	Arienzo, strada Sant'Andrea	Given with a trade and a domicile and NOT marked «defunto» — in an act that marks BOTH of the bride's parents dead in the same sentence. He was already known alive in November 1849 from his son the deacon's death act; this is an independent sighting on a form that states death explicitly rather than leaving it to be inferred.	ANTENATI an_ua14249 img4r act3
Giuseppe Falco & Antonia di Guida	Antonia di Guida	mother	named as living	2 Feb 1845	Arienzo, strada Sant'Andrea	HER LATEST DATED SIGHTING BY TWENTY-FIVE YEARS. This archive held her on one dated document — her son Crescenzo's birth act of 11 October 1819. Here she is «*di professione contadina domiciliata ivi*», alive, in an act that writes «DEFUNTO» and «DEFUNTA» for the bride's father and mother. HER DEATH HAS BEEN HUNTED THROUGH THE PARISH REGISTER AND NOT FOUND; the window now opens on 2 February 1845 instead of October 1819.	ANTENATI an_ua14249 img4r act3
Giuseppe Falco & Antonia di Guida	Angela Maria Morgillo	married in	marriage	2 Feb 1845	Arienzo, strada Cappuccini	Crescenzo Falco's bride: twenty-three, contadina, born in Arienzo, and an orphan — «*figlia di GENNARO MORGILLO defunto, di professione colono … e di MARIA FELICIA SANSONE, di professione contadina … defunta*». The church act carries a dispensation «*super quarto gradu consanguinitatis*», so she and Crescenzo were third cousins.	ANTENATI an_ua14249 img4r act3
Giuseppe Falco & Gelsomina Vigliotta	Pasqua Falco	child	marriage	30 Dec 1880	Arienzo	HER SECOND MARRIAGE, FROM THE MARGIN OF HER OWN BIRTH ACT — a document written fifty-seven years before it. «*A 30 Dic.re 1880 l'Uf.le dello Stato Civile d'**ARIENZO** sposò **PASQUA FALCO** con **PASQUALE CARFORA*** — 27 Agosto 1881». She married **ANGELO MAJONE on 9 September 1856** at thirty-three; this makes her **fifty-seven** and, on the ordinary reading, a widow of Majone. THE ANNOTATION SITS ON ACT 38 OF 1823, her own — born 30 March 1823 to Giuseppe Falco, «*il nome di PASQUA*» — so the identification is physical rather than inferred. **CARFORA is a surname this archive hunts elsewhere** — Maria Carfora of Forchia, generation seven's grandmother, whose parents remain unreachable. **Pasquale Carfora is NOT claimed as kin to her**: the name is dense at Forchia and present at Arienzo, and nothing here joins them.	ANTENATI an_ua14420 img40r-41l act38 (marginal annotation)
Giuseppe Falco & Gelsomina Vigliotta	Pasqua Falco	child	named as living	30 Dec 1880	Arienzo	Alive and marrying at fifty-seven. This archive's latest dated sighting of her had been her first wedding in 1856.	ANTENATI an_ua14420 img40r-41l act38 (marginal annotation)
Gennaro Morgillo & Maria Felicia Sansone	Gennaro Morgillo	father	death window	before 2 Feb 1845	Arienzo	NAMED ONLY BY HIS DAUGHTER'S MARRIAGE, and already dead when it happened: «*figlia di **GENNARO MORGILLO DEFUNTO**, di professione **colono***». Not claimed as kin — recorded because the Falco married the Morgillo repeatedly and this archive cannot yet tell those Morgillo houses apart. **A CANDIDATE FOR HIS DEATH ACT, FOUND ON 20 SEPTEMBER 2026 IN THE ARCHIVE'S OWN FILES.** Arienzo Morti 1843, act 33 — `an_ua14345` img24R — records **GENNARO MORGILLO, fifty-three, COLONO of strada Camellara, «vedovo di Felicia S___», son of ANGELO MORGILLO defunto, colono**, dead **4 August 1843**. That is eighteen months before this marriage, it agrees on the trade, on the wife's forename and on her being dead first, and the bride's **strada Cappuccini** is the hill where that Angelo Morgillo's house stood. **It is graded PROBABLE and no more**, because Morgillo is the commonest surname in these registers. **AND THE WIFE'S SURNAME NOW AGREES TOO.** The 1843 word was published as «Sompone» and read on 20 September as **«Sanſone»** — SANSONE — against a control on the same street: Arienzo Morti 1826 act 22, declared by **ANGELO SANSONE** of strada Camellara, whose surname is written in the same hand-shape, long ſ and all. **What this archive had taken for a «p» is a long s.** So the mother named here is the woman named there. **The 1845 processetto would settle it in one line**, by quoting the death act's number.	ANTENATI an_ua14249 img4r act3
Gennaro Morgillo & Maria Felicia Sansone	Maria Felicia Sansone	mother	death window	before 2 Feb 1845	Arienzo	«*e di **MARIA FELICIA SANSONE**, di professione **contadina** … **defunta***» — from her daughter's marriage act of 2 February 1845. **PUBLISHED HERE AS «SANSONE» UNTIL 20 SEPTEMBER 2026, AND WITH IT THE CLAIM THAT THE SURNAME «HAD NEVER APPEARED IN THIS ARCHIVE AT ALL».** The letter is a long **ſ**, not a **z**, and the test is on the same leaf: **«Crescenzo», in the groom's own name, has a z** — a compact loop that drops below the line and has no ascender. **The letter in this surname rises above the x-height before it descends.** A z in this hand does not do that. **So the surname was not new.** **ANGELO SANSONE**, contadino of **strada Camellara**, declares the death of Maria Falco, wife of Alfonso Diglio, on 25 April 1826 — and his surname is written in the same shape. **Three acts now agree: 1826, 1843 and 1845, all SANSONE.** Not claimed as kin.	ANTENATI an_ua14249 img4r act3
Gennaro Morgillo & Maria Felicia Sansone	Angela Maria Morgillo	child	marriage	2 Feb 1845	Arienzo, strada Cappuccini	Twenty-three, contadina, born in Arienzo, and an orphan of both parents when she married **CRESCENZO FALCO**. The church act carries a dispensation «*super quarto gradu consanguinitatis*», so she and her husband were third cousins — the fourth Falco marriage inside the fourth degree this archive holds.	ANTENATI an_ua14249 img4r act3
Giuseppe Falco & Gelsomina Vigliotta	Domenica Vigliotti	married in	marriage	6 Aug 1856	not established — «S[?] …a Vico»	«*il Falco sposò **DOMENICA VIGLIOTTI** [di] **Gaspare**(?)*» — from the margin of her husband's birth act. **Her father's forename was first published as Giuseppe and re-reads as GASPARE at five times magnification; neither is certain.** **And the comune is not established**: Santa Maria a Vico, the obvious candidate, is excluded by its own 1856 register, whose act 21 is a de Lucia. Nothing else about her is known. **AND A REFUSAL THAT BELONGS BESIDE HER.** The groom's own mother is a **VIGLIOTTA**. **Whether Vigliotti and Vigliotta are one family here is NOT established, and nothing in this margin joins them.** (Written into `data/households.tsv` and not into the file the site builds from; recovered by work-list row 75.)	ANTENATI an_ua14416 img18r act33 (marginal annotation)
Giuseppe Falco & Gelsomina Vigliotta	Pasquale Carfora	married in	marriage	30 Dec 1880	Arienzo	«*l'Uf.le dello Stato Civile d'Arienzo sposò PASQUA FALCO con **PASQUALE CARFORA***» — her second husband, married when she was fifty-seven. **NOT claimed as kin to the Carfora of Forchia** whom this archive hunts elsewhere; the surname is common in both towns and nothing joins them.	ANTENATI an_ua14420 img40r-41l act38 (marginal annotation)
Francesco Cossi & Teresa Morgillo (strada Cossi)	Francesco Cossi	father	named as declarant	19 Feb 1819	Arienzo, strada Cossi	THE CONTROL THAT SEPARATES THE TWO SURNAMES. «*è comparso **FRANCESCO COSSI**, di anni **trenta**, di professione **contadino**, domiciliato in detto comune, **strada COSSI***» — the same word twice in one sentence, as a name and as a street, which checks the reading with no judgement at all. Thirty in 1819, so b. c.1789. **The strada Camellara FRANCESCO CIOFFI is twenty-seven in 1824, b. c.1797. Different men, different ages, different streets.** Not kin to the Falco; recorded to hold the two families apart.	ANTENATI an_ua14416 img13l act22
Francesco Cossi & Teresa Morgillo (strada Cossi)	Teresa Morgillo	mother	named in a birth act	19 Feb 1819	Arienzo, strada Cossi	«*e da **TERESA MORGILLO** sua moglie legitima d'anni **ventotto***» — twenty-eight, so b. c.1791. She is the wife of the strada Cossi Francesco, NOT of the strada Camellara Francesco Cioffi, whose wife is **MARIA FALCO**.	ANTENATI an_ua14416 img13l act22
Michele Falco & Antonia Vigliotta	Michele Falco	father	marriage	12 Feb 1850	Arienzo, strada Camellara	THE ACT THAT JOINS TWO HOUSEHOLDS THIS ARCHIVE KEPT APART. «*sono comparsi nella Casa Comunale **MICHELE FALCO maggiore, di anni QUARANTATRE, nato in ARIENZO, di professione COLONO, domiciliato in STRADA CAMELLARA, figlio di **RAFFAELE FALCO DEFUNTO**, di professione simile, domiciliato ivi, e di **CHIARA RIVETTI DEFUNTA**, di professione filatrice … **VEDOVO DI ANTONIA VIGLIOTI** … e **GIOVANNA D'AMBROGIO MAGGIORE, di anni TRENOVE**, di professione contadina*». **HER AGE IS THIRTY-NINE, NOT NINETEEN** — re-read at the leaf's full 3,200 pixels on 20 September 2026. The numeral's initial is a tall ascender crossed by a diagonal, a **t**; this hand's **d**, in «CHIARA RIVETTI DEFUNTA» four lines above it in the same pen, is a small closed bowl. «Trenove» is the clerk's contraction of *trentanove*. **And the act says so twice**: she is «MAGGIORE», of age, and no consent of her mother is taken — a nineteen-year-old would have been «MINORE», as Andreana Crisci is in 1814. So she was born about **1811**, not about 1831. **«Michele Falco & Antonia Vigliotta» and «Michele Falco & Maria Giovanna d'Ambrogio» are ONE MAN AND TWO MARRIAGES.** The d'Ambrogio household was known only by a daughter **Antonia born 19 November 1850** — nine months after this wedding. **Verified against the image, work-list row 58 — act 6, and every word holds.** «*L'anno mille ottocento **cinquanta**, il dì **dodici** del mese di **Febrajo**, alle ore **sedici**, avanti di Noi **ARCANGELO DE FUSCO Sindaco***». **The bride's parents had never been recorded here**: **DOMENICO D'AMBROGIO defunto**, contadino, and **CARMINA MANNA**, **filatrice**, and she is of **strada Sant'Andrea**. The church celebration followed the same day at **Sant'Andrea Apostolo**, before **ALFONSO VERDICCHIO** and a **CLEMENTE MOR[GILLO]**. **THE QUESTION IS ANSWERED, 20 September 2026, AND THEY ARE TWO MEN.** The 1828 marriage index was read from the image at last: «*10. **FALCO MICHELANGELO** | Arienzo | **FALCO PASQUALE, e RIVETTI CHIARA*** … ***VIGLIOTTI ANTONIA** | ivi | **VIGLIOTTI FRANCESCO, e REPETELLI VITTORIA*** … **Xbre 1828**». And the 1850 act's father was magnified for the first time: «*figlio di **RAFFAELE FALCO Defunto***», a capital **R**. **MICHELANGELO FALCO is a son of PASQUALE. MICHELE FALCO is a son of RAFFAELE.** Two fathers, two men — **and both of them married a woman called ANTONIA VIGLIOTTI.** That coincidence is now documented from two marriage records rather than guessed at, and it is what had the two households tangled together.	ANTENATI an_ua14254 img11r act6
Michele Falco & Antonia Vigliotta	Antonia Vigliotta	mother	death window	before 12 Feb 1850	Arienzo	«*VEDOVO DI ANTONIA VIGLIOTI*» — she was dead by 12 February 1850. Her daughter Chiara died in 1846 aged seven and her daughter Carmela on 4 August 1859, which is AFTER this date and therefore a child of the first marriage buried nine years into the second.	ANTENATI an_ua14254 img11r act6
Michele Falco & Antonia Vigliotta	Raffaele Falco	grandfather	death window	before 12 Feb 1850	Arienzo, strada Camellara	MICHELE FALCO'S FATHER, NAMED FOR THE FIRST TIME: «*figlio di **RAFFAELE FALCO DEFUNTO**, di professione **simile** [colono], domiciliato **ivi** [strada Camellara]*». A generation this archive did not have for this house. NOT joined to the direct line's Raffaele Falco of 1818, who was thirty-one and alive in 1850.	ANTENATI an_ua14254 img11r act6
Michele Falco & Antonia Vigliotta	Chiara Rivetti (of Raffaele Falco)	grandmother	death window	before 12 Feb 1850	Arienzo	«*e di **CHIARA RIVETTI DEFUNTA**, di professione **filatrice***». **A NAME THIS ARCHIVE ALREADY HAS, AND THIS IS ALMOST CERTAINLY NOT HER.** Generation two's wife CHIARA RIVETTI was the widow of **PASQUALE** Falco, died 13 September 1843 aged eighty, and bore Pasquale children from 1789 to 1802 — so she cannot have been married to a Raffaele Falco when this Michele was born about 1807. **Either a second Chiara Rivetti, on a street where the Rivetti are dense, or Michele's stated age is badly wrong. Nothing is merged and nothing is chosen.**	ANTENATI an_ua14254 img11r act6
Michele Falco & Maria Giovanna Ambrogio	Giovanna d'Ambrogio	mother	marriage	12 Feb 1850	Arienzo	NINETEEN, contadina, marrying a widower of forty-three. She is the «Maria Giovanna d'Ambrosio» of the household this archive recorded separately from the Vigliotta one; **the 1859 death index clipped her name, and this act gives it whole.** Her daughter Antonia was born 19 November 1850, nine months later.	ANTENATI an_ua14254 img11r act6
Vincenzo Falco & Andreana Crisci	Luigi (Aloysius) Falco	child	death	16 Dec 1864	Arienzo, Contrada Capodiconca	READ FROM THE IMAGE — this record was a FamilySearch index stub («Entry for Luigi Falco and Vincenzo Falco») until 16 September 2026. Arienzo *Morti 1864*, **atto 91**: «*…è morto nella sua casa **LUIGI FALCO = MARITO DI CAROLINA CIMMINO** — nato in **Arienzo**, di anni **QUARANTUNO**, di professione **INDUSTRIANTE**, domiciliato **Contrada Capodiconca**, figlio di **VINCENZO**, di professione **colono**, domiciliato **alla CAMELLARA**, e di **ANDREANA CRISCI**, domiciliata ivi*». Declared by **Fabrizio Crisci**, 62, *cantiniere*, and **Francesco di Lucia**, 40, *trainante*, both of Capodiconca. **HE WAS MARRIED**, which this archive did not know, and **he had left strada Camellara** — an *industriante* of Capodiconca while his father was still a *colono* of Camellara. **The stated age is wrong by three**: born 21 December 1819, he died five days short of forty-five and the act says forty-one. **VERIFIED AGAINST THE IMAGE, 20 September 2026, work-list row 58 — and the act number was the folio.** This page cited **atto 47**; **47 is the figure stamped in the leaf's margin**, and the act is headed «**Num. d'ordine 91**». The facing page of the same opening is **«Num. d'ordine 92»**, which settles it. **The stamped figure in this volume counts pages, not acts** — the same trap the 1820 death register set, where folio 5 carries act 6 and folio 25 carries act 47. **One quotation is tightened.** The act writes «*e di **ANDREA CRISCI**, domiciliata ivi*» — the clerk drops the **-na**. This archive quoted «ANDREANA CRISCI» inside the guillemets. **The woman is the same and the guillemets are for what is written.**	ANTENATI an_ua14366 img51r atto47
Vincenzo Falco & Andreana Crisci	Carolina Cimmino	married in	named as living	16 Dec 1864	Arienzo, Contrada Capodiconca	«*MARITO DI **CAROLINA CIMMINO***» — Luigi Falco's widow, and a person this archive did not know existed. Nothing else about her is established: no marriage act, no parents, no age. **The Arienzo civil marriage record is complete 1809–1858 and holds no Falco–Cimmino wedding**, so they married after 1858 or not at Arienzo.	ANTENATI an_ua14366 img51r atto47
Vincenzo Falco & Andreana Crisci	Vincenzo Falco	father	named as living	16 Dec 1864	Arienzo, strada Camellara	GENERATION THREE, ALIVE AT SEVENTY-TWO — twenty years later than any sighting this archive had. «*figlio di **VINCENZO**, di professione **colono**, domiciliato **alla Camellara***», with **no «fu» and no «defunto»**. **THE FORM MARKS THE DEAD AND THIS REGISTER USES IT**: on the same opening, act 41 gives «*figlio di **fu** Nicola … e della **fu** Colomba Capezzo*», act 43 «*figlia del **fu** Giuseppe … e della **fu** Cecilia Silvestri*», act 45 «*figlia del **fu** Don Stefano … e della **fu** Donna Faustina Cimmino*», act 49 «*figlio del **fu** Filippo … e della **fu** Lucrezia Varrecchia*». Four dead parents marked on one sheet, and these two not. His baptism of 1 February 1792 makes him seventy-two.	ANTENATI an_ua14366 img51r atto47
Vincenzo Falco & Andreana Crisci	Andreana Crisci	mother	named as living	16 Dec 1864	Arienzo, strada Camellara	«*e di **ANDREANA CRISCI**, domiciliata **ivi***» — alive, unmarked, on the same evidence as her husband. Her latest previous sighting was her son Raffaele's marriage act of 7 March 1844.	ANTENATI an_ua14366 img51r atto47
Sabatino Annecchino & Mariantonia Carfora	Sabatino Annecchino	father	marriage	21 Jan 1860	Arienzo	**THE MARRIAGE, FOUND** — this archive held the household from its children alone. **RE-READ IN FULL FROM THE IMAGE, 20 September 2026, work-list row 58**, and the reading below replaces one that put a «fu» in front of four names the act never puts one in front of. «*L'anno mille ottocento **sessanta**, il dì **VENTUNO** di **Gennajo**, alle ore ventitre, avanti di Noi **Stefano Sargenti**, uffiziale dello Stato Civile di **ARIENZO**, distretto di **CASERTA** … sono comparsi nella Casa Comunale **SABBATINO ANNECCHINO**, di anni **trentaquattro**, nato in **FORCHIA**, di professione **contadino**, domiciliato in **Forchia**, figlio di **CARMINE ANNECCHINO defunto** … e di **ROSA CEGLIA defunta** … e **MARIA ANTONIA CARFORA**, di anni **ventinove**, nata in **ARIENZO**, domiciliata in Arienzo, figlia di **VALERIO CARFORA**, di professione contadino, domiciliato **ivi**, e di **PASQUA MORGILLO defunta***». **THREE THINGS CHANGE.** The act is of **21 January**, not the twentieth — «*il dì **ventuno***». The groom's own spelling is **SABBATINO**, with two b. And **the bride's father is not marked dead**: see Valerio Carfora below. The church celebration followed on **22 January**, before witnesses read here as **PASQUALE LAUDATO** and **ANTONIO CRISCI** — the last surname is **Crisci**, with no descender, and was published as «Crispi». **How the three lines divide into two witnesses is not certain**: the clerk writes «*Pasquale Lau=/dato, di Antonio/ Crisci*» with no conjunction, and it may be one man «Pasquale Laudato di Antonio» and a second surnamed Crisci. **Left as it reads.**	ANTENATI an_ua14264 img5r act3
Sabatino Annecchino & Mariantonia Carfora	Carmine Annecchino	grandfather	death window	before 21 Jan 1860	Forchia	SABATINO'S FATHER, AND A GENERATION THIS ARCHIVE DID NOT HAVE. «*figlio di **fu CARMINE ANNECCHINO**, di professione **contadino***» — dead before January 1860, of Forchia. **NOT the Carmine Annecchino who married Maria Carfora and fathered Filomena in 1897**; that one was bearing children from 1883 and is two generations later. **The name recurs in this family**, which is worth holding onto rather than resolving.	ANTENATI an_ua14264 img5r act3
Sabatino Annecchino & Mariantonia Carfora	Rosa Ceglia	grandmother	death window	before 21 Jan 1860	Forchia	«*e di **ROSA CEGLIA defunta***» — Sabatino Annecchino's mother, dead before January 1860. **CEGLIA HAS NEVER APPEARED IN THIS ARCHIVE**, under any spelling.	ANTENATI an_ua14264 img5r act3
Sabatino Annecchino & Mariantonia Carfora	Mariantonia Carfora	mother	marriage	21 Jan 1860	Arienzo	«*MARIA ANTONIA CARFORA, di anni **ventinove**, **nata in ARIENZO***» — so born about 1831, and **an Arienzo woman, not a Forchia one**. This archive had her only as a mother of four daughters born 1861–1866.	ANTENATI an_ua14264 img5r act3
Sabatino Annecchino & Mariantonia Carfora	Valerio Carfora	grandfather	named as living	21 Jan 1860	Arienzo	**MARIA ANTONIA CARFORA'S FATHER — AND HE WAS ALIVE, WHICH THIS ARCHIVE HAD SAID HE WAS NOT.** «*figlia di **VALERIO CARFORA**, di professione **contadino**, domiciliato **ivi***» — and **there the sentence stops**. The act writes «**defunto**» after Carmine Annecchino, «**defunta**» after Rosa Ceglia and «**defunta**» after Pasqua Morgillo. **It writes nothing after him.** **And the act proves it a second time, in its own list of documents.** Item **6** of the eight papers read into the marriage is «*Nel **CONSENSO DEL PADRE** della stessa, **dato nell'atto***» — the bride's father consented **in person, in the act**, on 21 January 1860. **A dead man does not consent.** **THE FORENAME RESOLVES, AND IT WAS NEVER ILLEGIBLE — IT WAS SPLIT.** This archive recorded «*the word reads «[L/t]erio» at four times magnification and is left unread rather than guessed*». **The word is not one word.** It wraps across the column: the line ends «*figlia di **Va***» and the next begins «***lerio** Carfora*». **VALERIO** — and no other Italian forename ends in *-lerio*. **The archive magnified the second half of a word and called the whole of it illegible.** **So the Carfora are an Arienzo family as well as a Forchia one**, and **Valerio Carfora, contadino of Arienzo, was living there in January 1860** — a man to look for, not a death to look for.	ANTENATI an_ua14264 img5r act3
Sabatino Annecchino & Mariantonia Carfora	Pasqua Morgillo	grandmother	death window	before 21 Jan 1860	Arienzo	«*e di **PASQUA MORGILLO defunta***» — Maria Antonia Carfora's mother, **dead before 21 January 1860**, and the only one of the bride's two parents the act does mark. **A CARFORA–MORGILLO marriage at Arienzo**, in the generation born about 1800. **Her death act is in the marriage's own dossier**: item **7** of the eight documents read into the act is «*Nell'atto di morte della madre della stessa*». **The Arienzo processetto for 1860 would hand over the date, the street and her parents in one page.**	ANTENATI an_ua14264 img5r act3
Vincenzo Falco & Andreana Crisci	Stanislao Falco	child	marriage	19 Sep 1861	Arienzo	A CHILD OF GENERATION THREE THIS ARCHIVE DID NOT HAVE. «*sono comparsi nella Casa Comunale **STANISLAO FALCO**, di anni **VENTIQUATTRO**, nato in **ARIENZO**, di professione **PASTORE**, domiciliato in Arienzo, figlio di **VINCENZO FALCO**, di professione contadino, domiciliato in Arienzo, e di **ANDREANA CRISCI**, domiciliata ivi; e **FILOMENA DI LUCIA**, di anni ventitré, nata in Arienzo, figlia di fu [?] di Lucia, **muratore**, e di **MARTA di NIZZO***». Church celebration **23 September 1861**, parish of **Sant'Andrea Apostolo**. **A PASTORE — a shepherd — in a house of contadini.** Twenty-four in September 1861 gives **b. c.1837**, which would make Andreana Crisci about forty at his birth: late, but this register's ages are good to about three years and no better, and she was bearing children into 1828 on the archive's own reckoning.	ANTENATI an_ua14265 img18r act16
Vincenzo Falco & Andreana Crisci	Vincenzo Falco	father	named as living	19 Sep 1861	Arienzo	ALIVE AT SIXTY-NINE, three years before the other sighting. «*figlio di **VINCENZO FALCO**, di professione **contadino**, domiciliato in **Arienzo***» — **no «fu», no «defunto»**, in an act that marks the bride's father dead in the very next clause («*figlia di **fu** [?] di Lucia*»).	ANTENATI an_ua14265 img18r act16
Vincenzo Falco & Andreana Crisci	Andreana Crisci	mother	named as living	19 Sep 1861	Arienzo	«*e di **ANDREANA CRISCI**, domiciliata **ivi***» — alive, unmarked, on the same evidence. This is the Andreana Crisci who married Vincenzo Falco in December 1814, not the other woman of the name this archive keeps separate.	ANTENATI an_ua14265 img18r act16
Vincenzo Falco & Andreana Crisci	Filomena di Lucia	married in	marriage	19 Sep 1861	Arienzo	Stanislao Falco's bride: **twenty-three**, born Arienzo, so b. c.1838. **Her parents are LUIGI DI LUCIA, *muratore*, and MARTA DI NIZZO** — the father's forename is illegible on the marriage act itself and comes from the **NOTIFICAZIONI register bound into the same volume**, which gives the same couple in a clerk's cleaner hand: «*matrimonio tra **STANISLAO FALCO** figlio di **VINCENZO** e di **ANDREANA CRISCI**, e **FILOMENA DI LUCIA** figlia di **LUIGI** e di **MARTA DI NIZZO***». Her father was already dead at the wedding. Her father is a ***muratore*** — a mason, **a lettered-adjacent trade in this corpus**, where nearly every man is a contadino, colono or bracciale.	ANTENATI an_ua14265 img18r act16
Vincenzo Falco & Andreana Crisci	Andrea Falco	child	marriage	21 May 1846	Arienzo, strada Camellara	THE REGISTER ACT BEHIND THE INDEX ENTRY. Act 14: «*sono comparsi nella Casa Comunale **ANDREA FALCO maggiore**, di anni **VENTIQUATTRO**, nato in **Arienzo**, di professione **contadino**, domiciliato in **strada Camellara**, figlio di **VINCENZO FALCO**, di professione **colono**, domiciliato ivi, e di **ANDREANA CRISCI**, di professione **FILATRICE**, domiciliata ivi; e **MARIA CARMELA BUONO maggiore**, di anni ventiquattro, di professione filatrice, nata in Arienzo, domiciliata in **strada Porta di Sopra***». Church **24 May 1846** at Sant'Andrea, which is the date the index gave. Witnesses Agostino di Giglio and **Gennaro Laudato**. **TWENTY-FOUR IN MAY 1846 GIVES b. c.1822** — four years before Angelandrea, and the two are separate men on the ages alone.	ANTENATI an_ua14250 img15r act14
Vincenzo Falco & Andreana Crisci	Angelandrea Falco	child	marriage	29 Mar 1847	Arienzo, strada Camellara	**«MINORE» — AND THAT ONE WORD CONFIRMS HIS BIRTH ACT.** Act on img4r: «*sono comparsi nella Casa Comunale **ANGELANDREA FALCO MINORE**, di anni **venti[…]**, nato in Arienzo, di professione **contadino**, domiciliato in **strada Camellara**, figlio di **VINCENZO FALCO**, **colono**, e di **ANDREANA CRISCI**, **filatrice** … e **MARIA CIMMINO maggiore** … nata in Arienzo, domiciliata in **strada Capodiconca**, figlia di **ALESSANDRO CIMMINO**, contadino*». Church **29 March 1847** at Sant'Andrea. Witnesses **Gennaro Laudato** and Francesco de Angelis. **MAJORITY WAS TWENTY-ONE**, so «minore» puts him under it — and his birth act of **12 September 1826** makes him twenty years and six months. The numeral itself carries a flourish and is not read beyond «venti[…]»; **the word «minore» is what bounds him, and it is unambiguous.** **A DATE CONFLICT, RECORDED NOT RESOLVED:** this archive also holds «Angelo Falco … m. Maria Cimmino» on **17 April 1847** from a parish ark — the same bride, three weeks later. Both are kept. **AND THE ACT'S OWN INDICAZIONE COLUMN SETTLES THE CHURCH DATE, READ 20 SEPTEMBER 2026**: «*Il Parroco di SANT'ANDREA … ha certificato, che la celebrazione del matrimonio è seguita nel giorno **VENTINOVE** del mese di MARZO anno corrente*» — the priest's own certificate, copied into the register, spelling the day out in words. **The same day as the civil promise.** The index's date was read here as «24 MARZO» and it is 29; under this system the church cannot precede the promise, so a 24 was impossible on its face. For contrast, act 20 of 1848 in the next volume has the promise on **19 August** and the church on **23 August** — four days later, which is the usual shape.	ANTENATI an_ua14251 img4r
Vincenzo Falco & Andreana Crisci	Vincenzo Falco	father	named as living	21 May 1846	Arienzo, strada Camellara	A SIGHTING IN THE 1844–1861 GAP. «*figlio di **VINCENZO FALCO**, di professione **COLONO**, domiciliato ivi*» — no «fu», in an act whose own next clause marks the bride's father when he is dead. Named the same way again on 29 March 1847.	ANTENATI an_ua14250 img15r act14
Vincenzo Falco & Andreana Crisci	Andreana Crisci	mother	named as living	21 May 1846	Arienzo, strada Camellara	**HER TRADE, FOR THE FIRST TIME: FILATRICE — a spinner.** «*e di **ANDREANA CRISCI**, di professione **filatrice**, domiciliata ivi*». Alive and unmarked, and given the same way again on 29 March 1847. This archive had her age five times and her occupation never.	ANTENATI an_ua14250 img15r act14
Vincenzo Falco & Andreana Crisci	Maria Carmela Buono	married in	marriage	21 May 1846	Arienzo, strada Porta di Sopra	Andrea Falco's bride: twenty-four, **filatrice**, born Arienzo, of **strada Porta di Sopra**, daughter of **ONOFRIO BUONO** and **ANGELA IMBIMBO** — the parents from the index, now with her own age, trade and street. **Verified against the image, work-list row 58 — act 14, folio 187, before TOMASO ANZEVINO Sindaco — and the act gives her father two things the index did not.** «*figlia di **ONOFRIO BUONO Defunto**, di professione **BARBIERE**, domiciliato ivi, e di **ANGELICA IMBIMBO**, di professione filatrice, domiciliata ivi*». **He was a BARBER and he was already DEAD** in May 1846. **And her mother's forename is ANGELICA, not «Angela»** — the act's own form. The church celebration followed on **24 May** before **AGOSTINO DI GIGLIO** and **GENNARO LAUDATO**.	ANTENATI an_ua14250 img15r act14
Pietro Falco & [Carbone] (Airola)	Camilla Carbone	mother	named in a marriage act	19 Aug 1848	Airola	**HER FORENAME AT LAST — CAMILLA.** The index gave only «*CARBONE […]*», which is why this household carries a bracket in its name. The register act reads «*e di **CAMILLA CARBONE detta […]**, di professione **FILATRICE**, domiciliata ivi*» — **and she carries a «detta» alias that does not resolve.** She is alive in August 1848; her husband **PIETRO FALCO** is «**defunto**». **NO KINSHIP TO THIS LINE IS CLAIMED**: the patria is AIROLA.	ANTENATI an_ua14252 img21r act20
Pietro Falco & [Carbone] (Airola)	Francesco Falco	child	marriage	19 Aug 1848	Airola / Arienzo	THE REGISTER ACT BEHIND THE INDEX. Act 20, civil **19 August 1848**, church **23 August** at Sant'Andrea — the index's date. «*FRANCESCO FALCO maggiore, di anni **trentuno**, **nato in AIROLA**, di professione contadino … figlio di **PIETRO FALCO DEFUNTO** … e di **CAMILLA CARBONE** … e **GIUSEPPA RIVETTI MINORE**, di anni ventisei, contadina, **nata in Arienzo***». Witnesses **Alfonso Verdicchio** and **Salvatore Laudato**. **Thirty-one in 1848 gives b. c.1817.** The bride's parents are **GIOVANNI RIVETTI and [—] ALTARELLI**, exactly as the index read them. **Still no kinship claimed to this line.**	ANTENATI an_ua14252 img21r act20
Aniello Carfora & Orsola Porrino (strada Camellara)	Aniello Carfora	father	named as declarant	10 Jan 1831	Arienzo, strada Camellara	«*è comparso **ANIELLO CARFORA**, di anni **trentuno**, di professione **contadino**, domiciliato in questo Comune **STRADA CAMELLARA**, quale ci ha presentato un **Maschio***» — atto of 10 January 1831. **A CARFORA HOUSEHOLD ON THE FALCO'S OWN STREET**, thirty years before the marriage act that first told this archive the Carfora were an Arienzo family at all. Thirty-one here, so born about 1800 — the same generation as «[?]erio Carfora», Maria Antonia's father. **He is not that man**: this one's wife is Orsola Porrino. THIS HOUSEHOLD IS NOT JOINED TO ANY OTHER IN THIS ARCHIVE. It is recorded because work-list row 63 asked whether the Carfora were an Arienzo family at all, and the answer is that they were — three separate Carfora households appear in a single year of one register. Whether any of them is the house of «[?]erio Carfora and Pasqua Morgillo» is NOT established and is not claimed. **Verified against the image, work-list row 58 — and the act has a number this archive never recorded: it is ATTO 6.** The parish named in the second column is **SANT'ANDREA APOSTOLO DI ARIENZO**. The witness to the presentation is **MARCELLO RIVETTI, forty-eight**, contadino — a Rivetti of the right generation on the Falco's street, recorded and not claimed.	ANTENATI an_ua14428 (Arienzo, Nati 1831) img 7r-8l — READ FROM THE IMAGE
Aniello Carfora & Orsola Porrino (strada Camellara)	Orsola Porrino	mother	named in a birth act	10 Jan 1831	Arienzo, strada Camellara	«*che lo stesso è nato da **ORSOLA PORRINO** sua moglie legittima, di anni **trenta**, domiciliata collo stesso*» — born about 1801. **Not Pasqua Morgillo**, which is what would have made this the household row 63 is looking for.	ANTENATI an_ua14428 (Arienzo, Nati 1831) img 7r-8l — READ FROM THE IMAGE
Aniello Carfora & Orsola Porrino (strada Camellara)	Antonio Carfora	child	birth	10 Jan 1831	Arienzo, strada Camellara	«*il Sacramento del Battesimo è stato amministrato a **ANTONIO CARFORA** nel giorno **dieci Gennajo** corrente anno*» — a boy, presented the same day he was baptised. **He is NOT the Antonio Carfora, 26, who declares a daughter in November of this same year**; that man was born about 1805 and this one is a newborn. Two Antonio Carfora in one volume. **CHECKED AND CONFIRMED, 20 September 2026 — and the check nearly produced a false correction.** Reading the second column down as far as the usual band goes, it appeared to be nothing but the printed formula about the parish returning the *notamento*, which never names a child — and this quotation looked constructed out of the column's printed HEADING. **It is not.** Lower down the same column, past where the band stopped, the act says it in full: «*… del controscritto atto di nascita, in piè del quale ha indicato, che il **Sacramento del Battesimo è stato amministrato a ANTONIO CARFORA** — — — nel giorno **Dieci Gennajo corrente***». **The archive was right and the reader was wrong**, and the reason is the rule this archive already has: **a band is not a page.** The same near-miss would have retracted three true quotations in one morning.	ANTENATI an_ua14428 (Arienzo, Nati 1831) img 7r-8l — READ FROM THE IMAGE
Raffaele Carfora & Francesca Cioffi	Raffaele Carfora	father	named as declarant	12 Sep 1831	Arienzo	«*è comparso **RAFFAELE CARFORA**, di anni **trentasette**, di professione **contadino**, domiciliato in questo Comune*» — 12 September 1831, born about 1794. A second Carfora household at Arienzo in one year. THIS HOUSEHOLD IS NOT JOINED TO ANY OTHER IN THIS ARCHIVE. It is recorded because work-list row 63 asked whether the Carfora were an Arienzo family at all, and the answer is that they were — three separate Carfora households appear in a single year of one register. Whether any of them is the house of «[?]erio Carfora and Pasqua Morgillo» is NOT established and is not claimed. **Verified against the image, work-list row 58. It is ATTO 76 — and the street this archive left off the quotation is STRADA SIGNORINDICO**, which its own register already knows in twenty-three other entries (spelt there *Signorindio*). **That matters for the question this household was recorded to answer**: Raffaele Carfora is NOT on strada Camellara, where Aniello and Antonio Carfora are. Two Carfora houses on the Falco street and a third somewhere else.	ANTENATI an_ua14428 (Arienzo, Nati 1831) img 78r-79l — READ FROM THE IMAGE
Raffaele Carfora & Francesca Cioffi	Francesca Cioffi	mother	named in a birth act	12 Sep 1831	Arienzo	«*che lo stesso è nato da **FRANCESCA CIOFFI** sua moglie legittima, di anni **ventotto**, domiciliata collo stesso*» — born about 1803. **CIOFFI, read with the test this archive was forced to write**: the dotted i after the C, the round o, the tall ff ligature. Not Cossi and not Crisci. **No connection to the Cioffi of strada Camellara is claimed** — the surname is common here and this act does not join them.	ANTENATI an_ua14428 (Arienzo, Nati 1831) img 78r-79l — READ FROM THE IMAGE
Raffaele Carfora & Francesca Cioffi	Pietro Carfora	child	birth	12 Sep 1831	Arienzo	«*il Sacramento del Battesimo è stato amministrato a **PIETRO CARFORA** nel giorno dodici Settembre corrente anno*» — a boy.	ANTENATI an_ua14428 (Arienzo, Nati 1831) img 78r-79l — READ FROM THE IMAGE
Antonio Carfora & Giuseppa Perreca (strada Camellara)	Antonio Carfora	father	named as declarant	4 Nov 1831	Arienzo, strada Camellara	«*è comparso **ANTONIO CARFORA**, di anni **ventisei**, di professione **contadino**, domiciliato in questo Comune **strada Camellara**, quale ci ha presentato una **Femina***» — **A SECOND CARFORA HOUSE ON STRADA CAMELLARA**, in the same year as Aniello's. Twenty-six here, so born about 1805. THIS HOUSEHOLD IS NOT JOINED TO ANY OTHER IN THIS ARCHIVE. It is recorded because work-list row 63 asked whether the Carfora were an Arienzo family at all, and the answer is that they were — three separate Carfora households appear in a single year of one register. Whether any of them is the house of «[?]erio Carfora and Pasqua Morgillo» is NOT established and is not claimed. **Verified against the image, work-list row 58. It is ATTO 85**, and every word of the reading holds — twenty-six, contadino, strada Camellara, a girl.	ANTENATI an_ua14428 (Arienzo, Nati 1831) img 87r-88l — READ FROM THE IMAGE
Antonio Carfora & Giuseppa Perreca (strada Camellara)	Giuseppa Perreca	mother	named in a birth act	4 Nov 1831	Arienzo, strada Camellara	«*che la stessa è nata da **GIUSEPPA PERRECA** sua moglie legittima, di anni **ventitre**, domiciliata collo stesso*» — born about 1808. **Not Pasqua Morgillo.**	ANTENATI an_ua14428 (Arienzo, Nati 1831) img 87r-88l — READ FROM THE IMAGE
Antonio Carfora & Giuseppa Perreca (strada Camellara)	Maria Rosa Carfora	child	birth	4 Nov 1831	Arienzo, strada Camellara	«*il Sacramento del Battesimo è stato amministrato a **MARIA ROSA CARFORA** nel giorno **quattro Novembre** corrente anno*» — a girl, born at Arienzo in the very year **MARIA ANTONIA CARFORA** was born, on the very street the Falco lived on. **SHE IS NOT MARIA ANTONIA.** The name in the register is Maria Rosa, read at magnification; her mother is Giuseppa Perreca and not Pasqua Morgillo; and this archive does not turn one girl into another because the year and the street are right.	ANTENATI an_ua14428 (Arienzo, Nati 1831) img 87r-88l — READ FROM THE IMAGE
Antonio Carfora & Giuseppa Perreca (strada Camellara)	Antonio Carfora	father	named as declarant	26 Nov 1841	Arienzo, strada Camellara	«*sono comparsi **ANTONIO CARFORA**, di anni **trentasei**, di professione **contadino**, regnicolo, domiciliato in **strada Camellara**, e **NICOLA MORGILLO**, di anni cinquanta, di professione **calzolajo**, regnicolo, domiciliato in strada Camellara*» — atto 82 of the 1841 death register, the death of Alessandro Martone, five years old. **TEN YEARS ON, TO THE YEAR.** He was twenty-six on strada Camellara in November 1831 and he is thirty-six on strada Camellara in November 1841, in a register series this archive has spent two months proving invents ages. **The same man, the same street, two volumes, found from opposite directions on the same day** — the 1831 birth volume was swept for row 63 and this act came out of the 1841 death volume swept for row 56. And he is standing beside a **MORGILLO**, which is the surname of the woman «[?]erio Carfora» married.	ANTENATI an_ua14343 (Arienzo, Morti 1841) atto 82, img 50l — READ FROM THE IMAGE
Matteo Falco & Alessandra Crisci	Matteo Falco	father	named as declarant	13 Sep 1846	Arienzo, strada Camellara	«*avanti di noi **DOMENICO FINELLI Sindaco** ed Uffiziale dello Stato Civile del comune di **Arienzo**, distretto di Caserta, provincia di Terra di Lavoro, è comparso **MATTEO FALCO**, di anni **trentotto**, di professione **COLONO**, domiciliato in **strada Camellara**, quale ci ha presentato una **FEMINA***» — **THE FIRST DOCUMENT THIS ARCHIVE HOLDS OF THIS MAN APART FROM HIS WEDDING LINE IN AN INDEX.** Thirty-eight in September 1846 gives **born about 1808**, and he married in January 1834 at about twenty-six. A **colono of strada Camellara** — the Falco street. **Not to be confused with the founder Matteo Falco, who died 18 July 1802**, nor with the propertied Matteo Falco of strada Porta di Sopra.	ANTENATI an_ua14443 (Arienzo, Nati 1846) img 70r-71l — READ FROM THE IMAGE
Matteo Falco & Alessandra Crisci	Alessandra Crisci	mother	named in a birth act	13 Sep 1846	Arienzo, strada Camellara	«*che la stessa è nata da **ALESSANDRA [surname]** sua moglie legittima, di anni **trentasei**, domiciliata collo stesso*» — born about 1810, twelve years married. **HER SURNAME IS NOT LEGIBLE ON THIS FILMING and is deliberately left unread.** The word is a single flourished capital and a tail that runs into «sua», and this is the exact trio — **Crisci, Cossi, Cioffi** — that has caught this archive three times in one week. **The identification does not need it**: a Matteo Falco of strada Camellara whose wife is called **Alessandra**, in a town where this archive holds one Matteo Falco married to an Alessandra, and whose daughter marries a **GUIDA** exactly as the family tree says. **Two hooks, neither of them the surname.** **THE REFUSAL STANDS, AND IT IS NARROWED, 20 September 2026.** Re-read at the leaf's full resolution, the word has **a narrow shoulder where an r belongs, no round o, and no tall double ascender**. **By this archive's own three-way test — Cioffi's double-f with its long descender, Cossi's short double-s with no ascender, Crisci's narrow r and no round o — CIOFFI IS EXCLUDED and COSSI is unlikely.** What is left is **CRISCI**, which is what the household is called on other evidence. **It is not declared settled**: the archive refused this word deliberately and a marginal reading is not grounds to overrule a considered refusal. **The refusal is narrowed, not withdrawn.**	ANTENATI an_ua14443 (Arienzo, Nati 1846) img 70r-71l — READ FROM THE IMAGE
Matteo Falco & Alessandra Crisci	Domenica Falco	child	birth	13 Sep 1846	Arienzo, strada Camellara	«*il Sacramento del Battesimo è stato amministrato a **DOMENICA FALCO***», born **13 September 1846** — **A DOCUMENTED CHILD OF THIS HOUSEHOLD, READ FROM THE REGISTER ITSELF.** The tree carried nine children for Matteo and Alessandra with **not one document against any of them**; three were matched this morning from machine transcriptions of certified copies, and this is **the first read from the act**. The tree calls her **«Domenica Falco (Guida)»** — and the margin of this very act says why.	ANTENATI an_ua14443 (Arienzo, Nati 1846) img 70r-71l — READ FROM THE IMAGE
Matteo Falco & Alessandra Crisci	Domenica Falco	child	marriage, from the margin	10 Oct 1874	Arienzo	**THE MARGIN OF HER BIRTH ACT CARRIES HER WEDDING, TWENTY-EIGHT YEARS LATER.** Written vertically down the left edge: «*(1) **a 10 Ottobre 1874** l'Uff[icial]e dello Stato Civile d'**Arienzo** sposò **DOMENICA FALCO** con **PASQUA[LE]…ANTONIO GUIDA***», and beneath it the registrar's own dating, «*Caserta **31 Luglio 1884***». **The husband's forename is cut by the binding** — «Pasqua…» on one line and «…lantonio» on the next, so **Pasqualantonio**, the Neapolitan compound — but **GUIDA is clear**, and the tree had already called her «Domenica Falco (Guida)» from nothing but family memory. **THIS IS A MARRIAGE OF 1874, IN A SERIES ANTENATI STOPS FILMING IN 1865.** The margin reaches nine years past the end of the registers. **AND THERE IS A SECOND MARGIN ON THE SAME ACT, WHICH THIS ARCHIVE HAD NOT READ.** In the right-hand column, below the registrar's signature: «*(1) **A 25 Marzo 1881** l'Uff.le dello Stato Civ.le d'**ARIENZO** sposò **DOMENICA FALCO** con **PASQUALE SACCAVINO*** — **Caserta 16 Giugno 1884***». **SHE MARRIED TWICE.** The first margin, down the left edge, gives **10 October 1874** and **Pasqualantonio Guida**; this one gives **25 March 1881** and **PASQUALE SACCAVINO**, dated at Caserta seven weeks before the other. **So Pasqualantonio Guida died between October 1874 and March 1881**. **One birth act, two marriages, both after the year Antenati stops filming the series.** The margin method reaches **thirty-five years** past the register it is written in — and the second margin was on the page the whole time this archive was quoting the first.	ANTENATI an_ua14443 img 71l, LEFT MARGIN — READ FROM THE IMAGE
Crescenzo Crisci & Angela Quotolo	Crescenzo Crisci	father	death	4 Nov 1825	Masseria di Domenico de Luca, luogo detto Fabrica, Comune di Nola	«*è morto nella **Masseria di Domenico de Luca** … nel luogo detto **Fabrica**, nominato **CRESCENZO CRISCI**, di anni **cinquantatré**, **marito di ANGELA QUOTOLO**, nato in **ARIENZO** … di professione **colono**, domiciliato ivi*» — **HE DIED AWAY FROM HOME, AND THAT IS WHY THIS ACT EXISTS.** The Comune of **Nola** drew it (its act 179 of 1825, on 5 November) and sent a certified copy to Arienzo, which copied it whole into the **«Diversi»** register — the volume for births at sea, recognitions, adoptions, **people who died outside their own domicile**, and stillbirths. **A SERIES THIS ARCHIVE HAD NEVER OPENED**, found on 17 September 2026 while hunting for something else. Fifty-three in November 1825, so born about 1772. Declared at Nola by two of his own brothers, **DOMENICO CRISCI**, colono, and **GABRIELE CRISCI**, both living at Arienzo.	ANTENATI an_ua14071 (Arienzo, Diversi 1825) atto 1, img 2r — READ FROM THE IMAGE
Crescenzo Crisci & Angela Quotolo	Angela Quotolo	mother	named as widow	4 Nov 1825	Arienzo	«*marito di **ANGELA QUOTOLO***» — named as his wife and not marked dead, so living and widowed on 4 November 1825. **This archive already held her**, but only as a name in a marriage index: the mother of Aniello Crisci, who married Giovanna Falco in 1829. She now has a dated document.	ANTENATI an_ua14071 (Arienzo, Diversi 1825) atto 1, img 2r — READ FROM THE IMAGE
Crescenzo Crisci & Angela Quotolo	Alessandro Crisci	grandfather	death window	before 4 Nov 1825	Arienzo	«*figlio di **ALESSANDRO CRISCI DEFUNTO***» — a Crisci generation this archive did not have. **NOT the Alessandro Crisci, 49, a bracciale, who declares a death in the 1818 register**: that man was alive in 1818 and this one is «defunto» by 1825, which is possible but not established, and the archive does not merge two men on a forename and a surname.	ANTENATI an_ua14071 (Arienzo, Diversi 1825) atto 1, img 2r — READ FROM THE IMAGE
Crescenzo Crisci & Angela Quotolo	Carmina Sorrino	grandmother	named as living	4 Nov 1825	Arienzo	«*e di **CARMINA SORRINO**, domiciliata nel medesimo Comune di Arienzo*» — named without «fu» and given a domicile, so alive in November 1825. **NOT the Carmina Sorrino, 18, of strada Santa Lucia, who died in the register this archive has already read** — that one was a girl of eighteen and the daughter of Agata della Vita. Two women of one name, kept apart.	ANTENATI an_ua14071 (Arienzo, Diversi 1825) atto 1, img 2r — READ FROM THE IMAGE
Crescenzo Crisci & Angela Quotolo	Aniello Crisci	child	named as a surviving minor	4 Nov 1825	Arienzo	«*ha lasciato superstiti quattro figli, cioè **ANIELLO d'anni QUINDICI***» — **so born about 1810, and NINETEEN when he married GIOVANNA FALCO on 6 September 1829.** This archive held that marriage from an index and had no age for him at all.	ANTENATI an_ua14071 (Arienzo, Diversi 1825) atto 1, img 2r — READ FROM THE IMAGE
Crescenzo Crisci & Angela Quotolo	Sante Crisci	child	named as a surviving minor	4 Nov 1825	Arienzo	«*SANTE d'anni DODICI*» — born about 1813. New to this archive.	ANTENATI an_ua14071 (Arienzo, Diversi 1825) atto 1, img 2r — READ FROM THE IMAGE
Crescenzo Crisci & Angela Quotolo	Carmina Crisci	child	named as a surviving minor	4 Nov 1825	Arienzo	«*CARMINA d'anni DIECI*» — born about 1815, named for her grandmother Carmina Sorrino. New to this archive.	ANTENATI an_ua14071 (Arienzo, Diversi 1825) atto 1, img 2r — READ FROM THE IMAGE
Crescenzo Crisci & Angela Quotolo	Maria Crisci	child	named as a surviving minor	4 Nov 1825	Arienzo	«*e **MARIA CRISCI d'anni CINQUE***» — born about 1820. New to this archive. **SHE WAS PUBLISHED HERE AS «MARIA ROSA» UNTIL 20 SEPTEMBER 2026.** There is no *Rosa* in the act. The clerk closes the list of children by giving the last one the family surname — «*Carmina d'anni dieci, e **Maria Crisci** d'anni cinque*» — and **this archive read the surname as a second forename.**	ANTENATI an_ua14071 (Arienzo, Diversi 1825) atto 1, img 2r — READ FROM THE IMAGE
Crescenzo Crisci & Angela Quotolo	Crescenzo Crisci	father	the list is of MINORS, and that matters elsewhere	4 Nov 1825	Arienzo	**READ THE ARITHMETIC OF THIS ACT BEFORE USING IT.** It names **four** surviving children, aged **fifteen, twelve, ten and five**, and it makes their father **fifty-three**. A man of fifty-three whose eldest living child is fifteen either married at thirty-eight or **has older children who are not on this list** — and these acts list the children who need a tutor, which is to say the minors. **So this is not a complete list of his children and must not be read as one.** **IT BEARS ON ALESSANDRA CRISCI.** She married **MATTEO FALCO** on 24 January 1834, and the marriage index gives her parents as «*CRISCI [forename lost to the fold shadow], [QUO]TOLO ANGELA*». This archive filed that as **a resemblance and not a fact**, because Angela Quotolo is not a rare name here and the father's forename cannot be read — **and that still stands.** What this act removes is the obvious objection to it: that Alessandra is not among his children. **She would not be, if she was already grown.** A resemblance with a hole in it is now a resemblance without one, and it is still not a fact.	ANTENATI an_ua14071 (Arienzo, Diversi 1825) atto 1, img 2r — READ FROM THE IMAGE
Arcangelo Crisci & Sara Ruggiero	Arcangelo Crisci	father	marriage	26 Mar 1793	Arienzo, Sant'Andrea Apostolo	**THE MARRIAGE, FOUND — AND IT NAMES BOTH THEIR FATHERS.** «*Anno D[omi]ni Millesimo Septingentesimo nonagesimo tertio **1793**, die vero **vigesima sexta 26 M[ensis] Martii**, praemissis tribus denunciationibus de more, decreto Episcopalis Curiae **Sanctae Agathae Gothorum** … R[everen]dus D. **Joseph Crisci Coadjutor** in matrimonio conjunxit nondum uxoratos **ARCHANGELUM CRISCI FILIUM NICOLAI**, et **SARAM RUGGIERO FILIAM PASCHALIS**, utrosque hujus Archipresbyteralis [Ecclesiae] **S. Andreae** … presentibus testibus **Paschale Crisci q[uondam] Josephi**, **Josepho di Lucia de Francisco**, et aliis. **Antonius Archip[resbyter] Romano***». **He was about twenty-eight** (fifty-two in 1817) and **she about twenty-one** (forty-five in 1817); their daughter **ANDREANA CRISCI**, who married Vincenzo Falco, was baptised **30 November 1796** — three and a half years after this wedding. **The identification rests on the COUPLE, not the forename**: this archive holds a second Arcangelo Crisci, the one who married Anna Falco, and it is the pairing with Sara Ruggiero that separates them. **ATTESTED TWICE ON ONE PAGE**: the same leaf carries the year's index line «*Archangelus Crisci e Sara Ruggiero **1793***» above the act itself. **Both readings are machine transcriptions of the parish hand and the image has not been read.**	FAMILYSEARCH full text, Arienzo parish marriages — 3Q9M-CSMY-B7Q8-4 (MACHINE TRANSCRIPTION; the image is not yet read)
Arcangelo Crisci & Sara Ruggiero	Nicola Crisci	grandfather	named as the groom's father	26 Mar 1793	Arienzo	«*ARCHANGELUM CRISCI **FILIUM NICOLAI***» — **Andreana Crisci's paternal grandfather**, and a Crisci generation this archive did not have. Not marked «quondam», so **living in March 1793**. The register already holds a **Nicola Crisci, 32, a bottegajo**, declaring a birth in 1816 — **far too young to be this man** and not joined to him.	FAMILYSEARCH full text, Arienzo parish marriages — 3Q9M-CSMY-B7Q8-4 (MACHINE TRANSCRIPTION; the image is not yet read)
Arcangelo Crisci & Sara Ruggiero	Pasquale Ruggiero	grandfather	named as the bride's father	26 Mar 1793	Arienzo	«*SARAM RUGGIERO **FILIAM PASCHALIS***» — **SARA RUGGIERO'S FATHER AT LAST.** She has stood in this archive as a godmother on ten pages of the baptism harvest, at the fonts of at least six Falco households, with no birth, no death, no parents and no marriage. This is the first record to say where she came from. Not marked «quondam», so **living in March 1793**. **Not to be confused with the Pasquale Ruggiero, *rivendolo*, in the 1825 register** — a different man, a generation later, not joined.	FAMILYSEARCH full text, Arienzo parish marriages — 3Q9M-CSMY-B7Q8-4 (MACHINE TRANSCRIPTION; the image is not yet read)
Arcangelo Crisci & Sara Ruggiero	Sara Ruggiero	mother	death window	between 1817 and 1 Jun 1820	Arienzo	**A THREE-YEAR DEATH WINDOW, WHERE THIS ARCHIVE HAD NONE.** She bore a son in **1817**, aged forty-five, and by her daughter's wedding on **1 June 1820** she is «*q[uonda]m Sara Ruggiero*» — dead. **So she died between 1817 and June 1820, aged about forty-five to forty-eight.** Her son-in-law's 1846 marriage act calls her «quondam» again, which corroborates without narrowing.	FAMILYSEARCH full text, Arienzo parish marriages — 3Q9M-CSMY-B7HM-1 (MACHINE TRANSCRIPTION; the image is not yet read)
Arcangelo Crisci & Sara Ruggiero	Angela Rosa Crisci	child	marriage	1 Jun 1820	Arienzo, Sant'Andrea Apostolo	**A DAUGHTER THIS ARCHIVE DID NOT HAVE, and a sister of Andreana Crisci.** «*Anno D[omi]ni Millesimo octingentesimo vigesimo **1820**, die vero **prima Mensis Junii** … R. D. **Blasius Marius Arricale** Substitutus in Matrimonium benedixit nondum uxoratos **Angelum Clementem Frasca filium Joannis et Catharinae di Rosa, ex Parrocchia **SANCTAE AGNETIS**, ed **ANGELAM ROSAM CRISCI filiam Archangeli, e q[uonda]m SARA RUGGIERO**, meam Parochianam … presentibus testibus Angelo Martone, Petro d'Addio*». **The «quondam» before her mother is what dates Sara Ruggiero's death.**	FAMILYSEARCH full text, Arienzo parish marriages — 3Q9M-CSMY-B7HM-1 (MACHINE TRANSCRIPTION; the image is not yet read)
Arcangelo Crisci & Sara Ruggiero	Lorenzo Crisci	child	marriage	25 Mar 1846	Arienzo, Sant'Andrea Apostolo	**A SON THIS ARCHIVE DID NOT HAVE.** «*Anno D[omi]ni Millesimo octingentesimo quadragesimo sexto **1846**, die vero **vigesima quinta 25 Martii** … **LAURENTIUS CRISCI filium Archangeli, et quondam SARA RUGGIERO** conjuge, et **MARIAM ANGELICAM RUOTOLO, ANTONII et MARIAE JOANNAE CARFORA filiam***» — and the bride's mother is a **CARFORA**, the surname this archive spent three failed searches chasing at the wrong comune. **No kinship to Maria Carfora of Forchia is claimed; it is recorded because the name is one this archive watches.**	FAMILYSEARCH full text, Arienzo parish marriages — 3Q9M-CSMY-B74M-S (MACHINE TRANSCRIPTION; the image is not yet read)
Giuseppe Falco & Antonia di Guida	Maddalena Falco	child	baptism	7 Jun 1818	Arienzo, Sant'Andrea Apostolo	**THE BAPTISM, FOUND — AND IT WAS NEVER ON THE LEAF THIS ARCHIVE KEPT RENDERING.** «*[Anno] D[omi]ni **1818**, die vero **septima 7 Junii**, R[everendu]s D[ominu]s **D. BLASIUS MANSIONARIUS ARRICALE Substitutus** baptizavit infantem **natam** ex **JOSEPHO FALCO et ANTONIA DI GUIDA** conjugibus hujus Parochiae, cui dedit nomen **MAGDALENA**. **Matrina fuit DOROTHEA D'ADDIO**. HYACINTHUS Archip[resbyter] MORGILLO*». **Same day as her civil birth act**, which this archive already held. **The godmother is the same Dorotea d'Addio who stood at Gioacchino Falco's font in 1779** — forty years of one woman at this family's baptisms. **WHY TWO PASSES FAILED.** Work-list row 16 was rendering `3Q9M-CSD3-1381-R`, and it is the right leaf for the **margin label** — «Maddalena Falco» is written there. **The act itself is on a different ark**, `3Q9M-CSD3-13LG-7`. **The index entry and the act are on separate leaves, and the row had the index one.**	FAMILYSEARCH full text, Arienzo parish baptisms — 3Q9M-CSD3-13LG-7 (MACHINE TRANSCRIPTION; the image is not yet read)
Giuseppe Falco & Antonia di Guida	Mattheus (Matteo) Falco	child	baptism — the date, at last	9 Apr 1807	Arienzo, Sant'Andrea Apostolo	**THE DAY, WHERE THIS ARCHIVE HAD ONLY THE YEAR.** «*Anno D[omi]ni **1807**, die vero **nona 9 Aprilis**, R[everen]dus Mag[iste]r **di Luca Verdicchio** de nostra licentia baptizavit infantem natum ex **JOSEPHO FALCO et ANTONIA DI GUIDA** conjugibus hujus Parrocchiae, cui imposuit nomen **MATTHEUS**; **Matrina fuit FORTUNATA VILLANO**. HYACINTHUS Archipr. MORGILLO*». **HE IS NOT THE MATTEO WHO MARRIED ALESSANDRA CRISCI IN 1834**, and this archive already knows why: **this child died on 28 August 1809.** The 1807 baptism was held here with the bare date «1807» and the note «named for his grandfather»; it now has a day, a priest and a godmother.	FAMILYSEARCH full text, Arienzo parish baptisms — 3Q9M-CSD3-13DN-H (MACHINE TRANSCRIPTION; the image is not yet read)
Giuseppe Falco & Gelsomina Vigliotta	Domenico Clemente Falco	child	baptism	18 Mar 1819	Arienzo, Sant'Andrea Apostolo	**THE PARISH BAPTISM BESIDE THE CIVIL ACT THIS ARCHIVE ALREADY HELD.** «*Anno D[omi]ni millesimo octingentesimo decimonono **1819**, die vero **decimaoctava 18 mensis Martii** … baptizavit infantem natum ex **JOSEPHO FALCO** e **GELSUMINA [VIGLIOTTA]** conjugibus ex sua Parochia, et vocavit … **DOMINICUS CLEMENS**. **Matrina fuit … d'Addio**. HYACINTHUS Archip. MORGILLO*». **READ THE DATES TOGETHER AND THEY ARE HARD TO READ AT ALL.** This household buried **DOMENICO** and **ROSARIA** on **15 March 1819**, eleven hours apart. **Three days later they baptised this boy and called him Domenico.** The mother was at full term when the two elder children died.	FAMILYSEARCH full text, Arienzo parish baptisms — 3Q9M-CSD3-138T-F (MACHINE TRANSCRIPTION; the image is not yet read)
Vincenzo Falco & Andreana Crisci	Vincenzo Falco	father	civil marriage act	15 Oct 1814	Arienzo, strada Camellara	THE CIVIL MARRIAGE ACT ITSELF, READ 20 SEPTEMBER 2026 — AND IT IS ACT 16, NOT ACT 26. «NUMERO D'ORDINE 16. L'anno mille ottocento [tredici struck, QUATTORDICI written above] a' dì QUINDICI 15 del mese di OTTOBRE, ad ore ventitre, nella casa Comunale avanti di noi VINCENZO MORGILLO Sindaco ed uffiziale dello Stato Civile del Comune di CORPO D'ARIENZO, Provincia di Terra di Lavoro, è comparso VINCENZO FALCO di anni VENTITRE, di professione CONTADINO, domiciliato in questo Comune, strada CAMELLARA, figlio maggiore di PASQUALE FALCO di anni cinquanta, della stessa professione, nello stesso domicilio, qui presente e dando il suo consenso.» THE REGISTER'S OWN ORDER PROVES THE MONTH WITHOUT READING A SINGLE LETTER OF IT: act 14 is 2 October, act 15 is 6 October and act 17 is 2 December, so act 16 falls between 6 October and 2 December and a December date is impossible. The volume runs to act 17 and stops; there is no act 26 in it. This confirms the 1814 marriage index, which was read first and independently, and it retires the «act 26 of 15 December 1814» this archive published from September 2026 — three elements of one line misread off this same image: the act number, the month, and the groom's age.	ANTENATI an_ua14218 (Arienzo, Stato civile napoleonico, Matrimoni 1814) img 9, left page, atto 16 — READ FROM THE IMAGE
Vincenzo Falco & Andreana Crisci	Pasquale Falco	father of the groom	named as consenting father	15 Oct 1814	Arienzo, strada Camellara	«figlio maggiore di PASQUALE FALCO di anni CINQUANTA, della stessa professione, nello stesso domicilio, QUI PRESENTE E DANDO IL SUO CONSENSO». Generation four's father, aged fifty on 15 October 1814 — so born about 1764 — a contadino, living in the same house as his son on strada Camellara, and in the room. The age is the register's, and this archive's own demonstration that clerks guessed ages applies to it. He is buried at Arienzo on 1 October 1834.	ANTENATI an_ua14218 (Arienzo, Stato civile napoleonico, Matrimoni 1814) img 9, left page, atto 16 — READ FROM THE IMAGE
Vincenzo Falco & Andreana Crisci	Pasquale Falco	father of the groom	signed his own name	8 Sep 1814	Arienzo, strada Terra Murata (the notary’s house)	THE ONLY AUTOGRAPH OF ANYONE IN THIS LINE. At the foot of notarial act 85 the notary writes «quindi si è firmato soltanto il detto PASQUALE FALCO, avendo la detta CHIARA RIVETTI dichiarato di NON SAPERE SCRIVERE» — and below it, in a large, slow, unjoined hand quite unlike the notary's, stands «PASCALE FALCO». He spells it Pascale. Beside him the two witnesses sign: «Giacinto Manno t[estimoni]o» and «io Pascale Guidato». THE DATE IS 8 SEPTEMBER 1814, NOT 8 DECEMBER: the act is headed «Il giorno OTTO 8 del Mese di SETTEMBRE dell'Anno Milleottocento, e quattordici 1814», and the registration endorsement at its foot reads «Reg[istra]to in Arienzo li DODICI SETTEMBRE 1814». Consent on 8 September, banns on 11 and 18 September, marriage on 15 October — the sequence only closes once the December is gone.	ANTENATI an_ua14154 (Arienzo, Processetti matrimoniali 1814, bundle 16) imgs 269-270 — READ FROM THE IMAGE
Vincenzo Falco & Andreana Crisci	Chiara Rivetti	mother of the groom	declared she could not write	8 Sep 1814	Arienzo, strada Terra Murata (the notary’s house)	«avendo la detta CHIARA RIVETTI dichiarato di NON SAPERE SCRIVERE». Her husband signed; she could not. The notary names them «li conjugi PASQUALE FALCO DEL FU MATTEO, e CHIARA RIVETTI DEL FU NICOLA, domiciliati in questa suddetta Comune Corpo d'Arienzo, strada CAMELLARA» — the act that names Matteo Falco and proves him dead, and that gives Chiara's own father as NICOLA RIVETTI, also dead by then.	ANTENATI an_ua14154 (Arienzo, Processetti matrimoniali 1814, bundle 16) imgs 269-270 — READ FROM THE IMAGE
Vincenzo Falco & Andreana Crisci	Arcangelo Crisci	father of the bride	named as consenting father	15 Oct 1814	Arienzo, strada Camellara	«figlia minore assistita da ARCANGELO CRISCI suo padre di anni QUARANTAQUATTRO, domiciliato in questa medesima Comune, e Strada, di professione contadino» — so born about 1770. THIS IS THE ELDER OF THE TWO ARCANGELO CRISCI THIS ARCHIVE KEEPS APART, and it is the first record to give his age; the other, born about 1795, would have been nineteen. The notarial consent of the same marriage calls him «ARCANGELO CRISCI FU NICOLA», so his own father, Nicola Crisci, was dead by September 1814.	ANTENATI an_ua14218 (Arienzo, Stato civile napoleonico, Matrimoni 1814) img 9, left page, atto 16 — READ FROM THE IMAGE
Vincenzo Falco & Andreana Crisci	Sara Ruggiero	mother of the bride	named as consenting mother	15 Oct 1814	Arienzo, strada Camellara	«e da SARA RUGGIERO sua MADRE, di anni QUARANTA, domiciliata col marito» — born about 1774, and present in person at her daughter's marriage. The word MADRE was magnified before it was recorded. This is the second document to give the bride's mother as SARA rather than the bracketed «[Rosae]» of the parish act's machine transcript, and the first to give her an age.	ANTENATI an_ua14218 (Arienzo, Stato civile napoleonico, Matrimoni 1814) img 9, left page, atto 16 — READ FROM THE IMAGE
Vincenzo Falco & Andreana Crisci	Andreana Crisci	mother	civil marriage act	15 Oct 1814	Arienzo, strada Camellara	«è comparsa egualmente ANDREANA CRISCI, di anni DICIA-» — and the rest of the numeral is lost in the gutter shadow, so it is left unread rather than guessed. What survives restricts it to DICIASSETTE or DICIANNOVE, and her baptism of 30 November 1796, found in her own marriage dossier, makes her SEVENTEEN on the day. She is «di professione contadina, domiciliata in questa stessa Comune, e strada CAMELLARA, FIGLIA MINORE» — a minor, which is why her parents had to consent before a notary. The banns are given twice over, here and in the dossier, and agree: «la prima a' dì UNDICI, giorno di Domenica, del cadente mese di SETTEMBRE, anno corrente, d'ore SEDICI, e la seconda a' dì DICIOTTO, giorno di Domenica, dello stesso mese ed anno, d'ore SEDICI».	ANTENATI an_ua14218 (Arienzo, Stato civile napoleonico, Matrimoni 1814) img 9, left page, atto 16 — READ FROM THE IMAGE
Sebastiano Falco & Colomba Montefusco	Stella (Giulia) Petrillo	wife of the son	marriage	19 Mar 1815	Arienzo, strada del Borgo	THE BRIDE, READ FROM THE ACT AT LAST. «*è comparsa egualmente **STELLA PETRILLO** di anni **DICIOTTO**, domiciliata in questa suddetta comune, **STRADA DEL BORGO**, di professione **FILATRICE**, **MINORE***» — so born about 1797, the same year as her husband. **Her forename is disputed between two documents and this archive had a third.** The civil act says **STELLA**; the 1815 marriage index says **GIULIA**; this archive published **«Giustina»**, which neither document supports. Her parents are identical in both — **fu SABBATINO PETRILLO and BRIGIDA COSSI** — so there is no doubt she is one woman. Both forenames are recorded and neither is preferred. **The surname was misread here first and corrected by magnification**: at the render width used for the survey it reads «Vecchiello», and at twelve times it is **PETRILLO**, eight letters with one dotted i and no second e before the double l. The index gives the same.	ANTENATI an_ua14219 (Arienzo, Stato civile, Matrimoni 1815) img 8, right page, atto 8 — READ FROM THE IMAGE
Sebastiano Falco & Colomba Montefusco	Sabbatino Petrillo	father of the bride	death window	before 19 Mar 1815	Arienzo	«*essendo morto il padre **SABBATINO PETRILLO**, come dall'atto di morte a noi esibito*» — dead before his daughter's marriage, and the index says the same with «**Fu SABATINO**». A death act for him was produced to the sindaco in May 1815 and has not been looked for.	ANTENATI an_ua14219 (Arienzo, Stato civile, Matrimoni 1815) img 8, right page, atto 8 — READ FROM THE IMAGE
Sebastiano Falco & Colomba Montefusco	Brigida Cossi	mother of the bride	named as consenting mother	19 Mar 1815	Arienzo, strada del Borgo	«*assistita da **BRIGIDA COSSI** sua madre di anni **CINQUANTASEI**, di professione **contadina**, domiciliata colla figlia*» — born about 1759, a widow giving consent for a daughter who was still a minor. **The surname is COSSI and this one is worth the space.** This archive has spent months correcting *Cossi* to *Cioffi* on strada Camellara, on a test about the descender of the doubled letter. **That test does not work in this hand**: read at twelve times, the doubled letters here descend exactly as a double f would, and so do the ones in «MASSONE» and «SANSONE», which are certainly long ſ. **What separates the two names is the letter count**: *Cioffi* carries an **i between the C and the o** and *Cossi* does not. There is no such i here, in this act or in act 21 of the same volume, where **ELISABETTA COSSI** and her father **MARINO COSSI** are written the same way. **Cossi is a real Arienzo surname**, and the Camellara correction was about one household, not about the name.	ANTENATI an_ua14219 (Arienzo, Stato civile, Matrimoni 1815) img 8, right page, atto 8 — READ FROM THE IMAGE
Giuseppe di Guida & Maddalena Rivetta	Pasquale di Guida	child	death	11 Aug 1836	Arienzo	A DATE FOR A BAPTISM THIS ARCHIVE COULD NOT DATE. «*è morto nella propria casa **PASQUALE DI GUIDA d'anni CINQUANTASETTE**, marito di [forename unread], nato in **Arienzo**, di professione **SENSALE**, domiciliato ivi, **figlio di GIUSEPPE DI GUIDA**, di professione **contadino**, domiciliato ivi, **e di MADDALENA RIVETTA Defunta**, domiciliata ivi*» — act 50 of 11 August 1836, at twenty hours. **He is a brother of ANTONIA DI GUIDA**, generation four's mother-in-law, on the same two parents the 1802 marriage act gives her. This archive held him only as a parish baptism of **31 January, year unread**; his trade, his death and a stated age are new. **THE STATED AGE DOES NOT FIT THE OBVIOUS YEAR AND IS NOT FORCED TO.** Fifty-seven in August 1836 implies about **1779** — but this household baptised a **Margherita on 14 March 1779**, six weeks after a 31 January, so the two cannot both be 1779. Either his baptism is 31 January of another year, or the register is guessing his age, which it demonstrably does. The age is recorded as the register's, not as a birth year. **And the father is NOT marked defunto while the mother is** — which this archive does not read as proof he was living, for the reason set out on /corrections.	ANTENATI an_ua14338 (Arienzo, Morti 1836) img 32 LEFT, atto 50 — READ FROM THE IMAGE
Giuseppe di Guida & Maddalena Rivetta	Clemente di Guida	declarant	named as declarant	11 Aug 1836	Arienzo, strada Maddalena	«*sono comparsi **CLEMENTE DI GUIDA** di anni **trentatré**, di professione **SENSALE**, regnicolo, domiciliato in strada Maddalena*» — born about 1803, and of the dead man's own trade. **A di Guida declaring a di Guida death is the register's usual mark of close kin**, but the act assigns him no relationship word and none is claimed. The second declarant is **CARLANTONIO MORGILLO, fifty, contadino, of strada CAMELLARA** — the Falco's own street, and the second man of that name this archive keeps apart from the Carlantonio Morgillo who married Rosa Falco in 1802.	ANTENATI an_ua14338 (Arienzo, Morti 1836) img 32 LEFT, atto 50 — READ FROM THE IMAGE
Aniello Crisci & Giovanna Falco	Pasqualina Crisci	child	birth	28 Jun 1832	Arienzo, strada Crisci	**THE SECOND DOCUMENT THIS HOUSEHOLD HAS EVER HAD, AND ITS FIRST CHILD.** «*la stessa è nata da **GIOVANNA FALCO, di anni VENTOTTO**, domiciliata in **strada CRISCI**, e da **ANIELLO CRISCI marito della stessa, di anni VENTISEI, di professione CONTADINO**, domiciliato con detta sua moglie, nel giorno **VENTOTTO** del mese di **GIUGNO**, anno corrente, alle ore **TREDICI**, nella casa propria di detti conjugi … il nome di **PASQUALINA***». Witnessed by **ANGELO MIGLIORE**, forty-three, *sartore* of strada Croce dell'Ospedale, and **CLEMENTE CRISCI**, twenty-eight, *calzolajo*. The couple married on **6 September 1829**; this child comes two years and nine months later. **Giovanna Falco is a daughter of GIUSEPPE FALCO and ANTONIA DI GUIDA**, so Pasqualina is a granddaughter of the founder's son. Her mother's stated age of twenty-eight puts her birth about 1804.	ANTENATI an_ua14429 (Arienzo, Nati 1832) img 63r-64l — READ FROM THE IMAGE
Francesco Falco & Raffaela Falco	Maria Carmela Falco	child	birth	15 Jul 1832	Arienzo, strada Camellara	**A CHILD BORN THE DAY BEFORE HER PARENTS' WEDDING.** «*la stessa è nata da **MARIA RAFFAELA FALCO, di anni DICIOTTO**, domiciliata in **strada CAMELLARA**, e da **FRANCESCANTONIO FALCO marito della stessa, di anni VENTISEI, di professione CONTADINO**, domiciliato con detta sua moglie, nel giorno **QUINDICI** del mese di **LUGLIO**, anno corrente, alle ore **CINQUE E MEZZA**, nella casa propria di detti conjugi … il nome di **MARIA CARMELA***». Witnessed by **FRANCESCO MACCHIA**, thirty-three, of strada Capodiconca, and **PIETRO VERDICCHIO**, sixty. **This archive dates the marriage of Francescantonio Falco and Raffaela Falco to 16 JULY 1832**, from the marriage index — the day AFTER this birth. The act nevertheless calls him «**marito della stessa**», which is consistent: a birth act is drawn a day or two after the birth, by which time they were married. **Neither date is adjusted to suit the other.** The index date is a church date and has not been read against the civil act. Her mother's stated eighteen puts her birth about 1814; her own death act of 1854 makes her thirty-four, which puts it about 1820. The registers guess.	ANTENATI an_ua14429 (Arienzo, Nati 1832) img 66r-67l — READ FROM THE IMAGE
Michelangelo Falco & Mariantonia Vigliotta	Maria Rosa Falco	child	birth	20 Jul 1832	Arienzo, strada Camellara	**AND THIS ONE BEARS ON THE DISTINCTION THIS ARCHIVE DREW ON 20 SEPTEMBER.** «*la stessa è nata da **MARIANTONIA VIGLIOTTA, di anni VENTOTTO**, domiciliata in **strada CAMELLARA**, e da **MICHELANGELO FALCO marito della stessa, di anni VENTISEI, di professione CONTADINO**, domiciliato con detta sua moglie, nel giorno **VENTI** del mese di **LUGLIO**, anno corrente, alle ore **UNDICI**, nella casa propria di detti conjugi … il nome di **MARIA ROSA***». Witnessed by **VINCENZO DIGLIO**, thirty-two, of strada Santa Lucia, and **PASQUALE DI RUSSO**, twenty-eight. **This archive files a MARIA ROSA FALCO who died on 30 May 1834 under «Michele Falco & Antonia Vigliotta»** — the other man. Born 20 July 1832, she would be one year and ten months old at that death, which fits. **Either the 1834 act belongs to MICHELANGELO's daughter and the household assignment is wrong, or there were two Maria Rosa Falco of two men whose names and whose wives' names both nearly coincide.** The birth act says MICHELANGELO, in full, twice. **Nothing is moved on the strength of it**: the 1834 death act has not been re-read, and that is the test. See /open-questions.	ANTENATI an_ua14429 (Arienzo, Nati 1832) img 68r-69l — READ FROM THE IMAGE
Francesco Falco & Raffaela Falco	Raffaele Falco (of Francescantonio, 1837)	child	birth	31 Aug 1837	Arienzo, strada Camellara	**ACT 108, AND THE CHILD WAS BAPTISED THE SAME DAY.** «*L'anno mille ottocento **trentasette**, il dì **trentuno** del mese di **AGOSTO**, alle ore dodici, avanti di noi **ELIA COLETTA Sindaco** … è comparso **FRANCESCANTONIO FALCO, di anni TRENTUNO, di professione CONTADINO, domiciliato in STRADA CAMELLARA**, quale ci ha presentato un **MASCHIO** … che lo stesso è nato da **RAFFAELA FALCO sua moglie legittima, di anni VENTISEI** … nel giorno **TRENTUNO** del mese di **Agosto**, anno corrente, **alle ore SEI**, nella casa sua propria d'abitazione … il nome di **RAFFAELE***». Witnessed by **VINCENZO MAURO**, forty-two, *vaticale* of strada Croce dell'Ospedale, and **ORAZIO MORGILLO**, forty-two, *colono*. The INDICAZIONE column records the **Parroco di SANT'ANDREA APOSTOLO** returning the notice on the **thirty-first of August**, so he was baptised on the day he was born. **A SIXTH child for the first-cousin marriage**, beside Carmina (d. 1832), **MARIA CARMELA (b. 15 July 1832)**, Pasqualina (d. 1836), Pasquale (b. 1838) and Clemente (d. 1853). **And the mother's age moves again**: twenty-six here implies about 1811, eighteen in July 1832 implies about 1814, and her death act of 1854 makes her thirty-four, implying about 1820. **Three documents, three birth years, nine years apart.** None is adopted.	ANTENATI an_ua14434 (Arienzo, Nati 1837) img 110r-111l, atto 108 — READ FROM THE IMAGE
Francesco Cioffi & Maria Falco	Clemente Cioffi	child	birth	23 Aug 1833	Arienzo, strada Camellara	**AN EIGHTH CHILD FOR A HOUSEHOLD WHOSE CHILDREN KEPT DYING, AND THE FIRST RECORD IT HAS FOR 1833.** Act 85: «*L'anno mille ottocento **trentatre**, il dì **ventitre** del mese di **AGOSTO**, ad ore dodici, avanti di noi **FRANCESCO D'AMBROSIO Sindaco** … è comparso **FRANCESCO C[OSSI/CIOFFI], di anni QUARANTA, di professione CONTADINO, domiciliato in STRADA CAMELLARA**, quale ci ha presentato un **MASCHIO** … che lo stesso è nato da **MARIA FALCO sua moglie legittima, di anni TRENTADUE** … nel giorno **VENTITRE** del mese di Agosto, anno corrente, **alle ore DIECI**, nella casa sua propria d'abitazione … il nome di **CLEMENTE***». Witnessed by **AGOSTINO ARRIGALE**, fifty, *vaticale* of strada Capodiconca, and **PELLEGRINO VIGLIOTTA**, thirty. The INDICAZIONE records the **Parroco di SANT'ANDREA APOSTOLO** returning the notice on the **twenty-seventh of August**, so he was baptised four days after his birth. **THE FATHER'S SURNAME IS NOT LEGIBLE ENOUGH IN THIS HAND TO TOUCH THE STANDING CORRECTION, AND IT IS NOT TOUCHED.** This archive corrected this household from *Cossi* to **CIOFFI** from the 1825 register at full resolution, and that correction stands. Read here at 3,200 pixels the surname shows a large flourished **C**, a round **o**, a doubled letter with long descenders and a final **i** — which by the letter-count test would be *Cossi*, **except that the C's own flourish could conceal the i that makes it Cioffi**. *At this resolution, in this hand, the two cannot be separated* — which is what this archive said when it first met the problem: «at plate resolution the two surnames are not distinguishable; go to the image». **Here even the image is marginal.** The household keeps the name the 1825 act gave it. **Maria Falco is thirty-two**, which puts her birth about 1801.	ANTENATI an_ua14430 (Arienzo, Nati 1833) img 89r-90l, atto 85 — READ FROM THE IMAGE
Francesco Cioffi & Maria Falco	Antonia Cioffi (the second)	child	birth	8 Aug 1831	Arienzo, strada Camellara	**AND THIS ONE THE EARLIER SWEEP OF THIS VOLUME COULD NOT HAVE FOUND.** Act 71: «*L'anno mille ottocento **trentuno**, il dì **OTTO** del mese di **AGOSTO**, ad ore undici, avanti di noi **DON ANDREA LORIA Secondo eletto** … è comparso **FRANCESCO CIOFFI, di anni TRENTASEI, di professione CONTADINO, domiciliato in questo Comune, strada CAMELLARA**, quale ci ha presentato una **FEMINA** … che la stessa è nata da **MARIA FALCO sua moglie legitima, di anni TRENTACINQUE** … nel giorno **OTTO** del mese di Agosto, anno corrente, **alle ore QUATTRO** … il nome di **ANTONIA***». Witnessed by **CESARE DIGLIO**, forty-six, *contadino* **of strada Camellara**, and **RAFFAELE ZUFFARELLA**, forty. Baptised at **Sant'Andrea Apostolo d'Arienzo the same day**. **THE SURNAME IS PLAIN HERE, AND IT CONFIRMS THE 1825 CORRECTION FROM A THIRD ACT**: *C-i-o-ff-i*, with the **i between the C and the o** that a *Cossi* does not have. The 1833 act of this same household is written in a worse hand where the two cannot be separated; this one can. **SHE IS THE SECOND ANTONIA.** The first died on **20 June 1823**. This household also buried a **Mariantonia on 23 October 1828** and another **Mariantonia on 3 December 1832** — and **that last one may be this child**, sixteen months old. *It is not claimed*: the 1832 death act has not been re-read, and a household that reuses a dead child's name three times is exactly the one where a join like that must be proved rather than assumed.	ANTENATI an_ua14428 (Arienzo, Nati 1831) img 73r-74l, atto 71 — READ FROM THE IMAGE
Francesco Cioffi & Maria Falco	Giuseppe Cioffi (the second)	child	birth	5 Oct 1829	Arienzo, strada Camellara	**AND THIS ONE PROBABLY DATES A DEATH THIS ARCHIVE ALREADY HELD.** Act 74: «*L'anno mille ottocento **ventinove**, il dì **CINQUE** del mese di **OTTOBRE**, ad ore ventitré … è comparso **FRANCESCO CIOFFI, di anni TRENTASEI, di professione CONTADINO, domiciliato in questo Comune, strada CAMELLARA**, quale ci ha presentato un **MASCHIO** … che lo stesso è nato da **MARIA FALCO sua moglie legitima, di anni TRENTAQUATTRO** … nel giorno **CINQUE** del mese di Ottobre, anno corrente, **alle ore QUINDICI**, nella casa sua propria d'abitazione … il nome di **GIUSEPPE***». Witnessed by **VINCENZO DIGLIO**, thirty-five, of strada Sant'Andrea, and **LORENZO LIPARULO**, forty-five. Baptised at **Sant'Andrea Apostolo the following day**. **This archive holds a GIUSEPPE CIOFFI «the second» who died on 5 December 1830.** Born 5 October 1829 he would be **fourteen months old** at that death, which fits, and the household's first Giuseppe died on 25 March 1824. **The join is likely and is not claimed**: the 1830 death act has not been re-read. **Maria Falco is thirty-four here, thirty-five two years later in 1831, and thirty-two four years later in 1833.** Her husband is thirty-six in 1829 and thirty-six again in 1831. The register is guessing both of them.	ANTENATI an_ua14426 (Arienzo, Nati 1829) img 76r-77l, atto 74 — READ FROM THE IMAGE
