place	waypoint	image	ark	volume
Santa Maria a Vico	MC5R-Q23	1	3:1:3QS7-997N-CHRX	Morti, cittadinanze 1879 Nati, pubblicazioni, matrimoni, morti, cittadinanze 1800-1893 Nati 1894
Santa Maria a Vico	MC5R-Q23	2	3:1:3QS7-997N-CHGK	Morti, cittadinanze 1879 Nati, pubblicazioni, matrimoni, morti, cittadinanze 1800-1893 Nati 1894
Santa Maria a Vico	MC5R-Q23	3	3:1:3QS7-997N-CHLV	Morti, cittadinanze 1879 Nati, pubblicazioni, matrimoni, morti, cittadinanze 1800-1893 Nati 1894
Santa Maria a Vico	MC5R-Q23	4	3:1:3QS7-997N-CHRV	Morti, cittadinanze 1879 Nati, pubblicazioni, matrimoni, morti, cittadinanze 1800-1893 Nati 1894
Santa Maria a Vico	MC5R-Q23	5	3:1:3QSQ-G97N-CHB8	Morti, cittadinanze 1879 Nati, pubblicazioni, matrimoni, morti, cittadinanze 1800-1893 Nati 1894
Santa Maria a Vico	MC5R-Q23	6	3:1:3QS7-L97N-CHBF	Morti, cittadinanze 1879 Nati, pubblicazioni, matrimoni, morti, cittadinanze 1800-1893 Nati 1894
Santa Maria a Vico	MC5R-Q23	7	3:1:3QSQ-G97N-CHTX	Morti, cittadinanze 1879 Nati, pubblicazioni, matrimoni, morti, cittadinanze 1800-1893 Nati 1894
Santa Maria a Vico	MC5R-Q23	8	3:1:3QS7-L97N-CHB1	Morti, cittadinanze 1879 Nati, pubblicazioni, matrimoni, morti, cittadinanze 1800-1893 Nati 1894
Santa Maria a Vico	MC5R-Q23	9	3:1:3QSQ-G97N-CH14	Morti, cittadinanze 1879 Nati, pubblicazioni, matrimoni, morti, cittadinanze 1800-1893 Nati 1894
Santa Maria a Vico	MC5R-Q23	10	3:1:3QS7-997N-CH26	Morti, cittadinanze 1879 Nati, pubblicazioni, matrimoni, morti, cittadinanze 1800-1893 Nati 1894
Santa Maria a Vico	MC5R-Q23	11	3:1:3QS7-897N-CC92	Morti, cittadinanze 1879 Nati, pubblicazioni, matrimoni, morti, cittadinanze 1800-1893 Nati 1894
Santa Maria a Vico	MC5R-Q23	12	3:1:3QS7-L97N-CHY1	Morti, cittadinanze 1879 Nati, pubblicazioni, matrimoni, morti, cittadinanze 1800-1893 Nati 1894
Santa Maria a Vico	MC5R-Q23	13	3:1:3QS7-997N-CH2H	Morti, cittadinanze 1879 Nati, pubblicazioni, matrimoni, morti, cittadinanze 1800-1893 Nati 1894
Santa Maria a Vico	MC5R-Q23	14	3:1:3QSQ-G97N-CHR3	Morti, cittadinanze 1879 Nati, pubblicazioni, matrimoni, morti, cittadinanze 1800-1893 Nati 1894
Santa Maria a Vico	MC5R-Q23	15	3:1:3QSQ-G97N-CHGP	Morti, cittadinanze 1879 Nati, pubblicazioni, matrimoni, morti, cittadinanze 1800-1893 Nati 1894
Santa Maria a Vico	MC5R-Q23	16	3:1:3QS7-L97N-CHRB	Morti, cittadinanze 1879 Nati, pubblicazioni, matrimoni, morti, cittadinanze 1800-1893 Nati 1894
Santa Maria a Vico	MC5R-Q23	17	3:1:3QS7-897N-CCMP	Morti, cittadinanze 1879 Nati, pubblicazioni, matrimoni, morti, cittadinanze 1800-1893 Nati 1894
Santa Maria a Vico	MC5R-Q23	18	3:1:3QSQ-G97N-CHP6	Morti, cittadinanze 1879 Nati, pubblicazioni, matrimoni, morti, cittadinanze 1800-1893 Nati 1894
Santa Maria a Vico	MC5R-Q23	19	3:1:3QS7-897N-CCMM	Morti, cittadinanze 1879 Nati, pubblicazioni, matrimoni, morti, cittadinanze 1800-1893 Nati 1894
Santa Maria a Vico	MC5R-Q23	20	3:1:3QS7-L97N-CH58	Morti, cittadinanze 1879 Nati, pubblicazioni, matrimoni, morti, cittadinanze 1800-1893 Nati 1894
Santa Maria a Vico	MC5R-Q23	21	3:1:3QS7-997N-CHKH	Morti, cittadinanze 1879 Nati, pubblicazioni, matrimoni, morti, cittadinanze 1800-1893 Nati 1894
Santa Maria a Vico	MC5R-Q23	22	3:1:3QSQ-G97N-CHBC	Morti, cittadinanze 1879 Nati, pubblicazioni, matrimoni, morti, cittadinanze 1800-1893 Nati 1894
Santa Maria a Vico	MC5R-Q23	23	3:1:3QSQ-G97N-CHRK	Morti, cittadinanze 1879 Nati, pubblicazioni, matrimoni, morti, cittadinanze 1800-1893 Nati 1894
Santa Maria a Vico	MC5R-Q23	24	3:1:3QS7-L97N-CHPC	Morti, cittadinanze 1879 Nati, pubblicazioni, matrimoni, morti, cittadinanze 1800-1893 Nati 1894
Santa Maria a Vico	MC5R-Q23	25	3:1:3QS7-997N-CHGN	Morti, cittadinanze 1879 Nati, pubblicazioni, matrimoni, morti, cittadinanze 1800-1893 Nati 1894
Santa Maria a Vico	MC5R-Q23	26	3:1:3QSQ-G97N-CH5C	Morti, cittadinanze 1879 Nati, pubblicazioni, matrimoni, morti, cittadinanze 1800-1893 Nati 1894
Santa Maria a Vico	MC5R-Q23	27	3:1:3QSQ-G97N-CHRC	Morti, cittadinanze 1879 Nati, pubblicazioni, matrimoni, morti, cittadinanze 1800-1893 Nati 1894
Santa Maria a Vico	MC5R-Q23	28	3:1:3QS7-997N-CHVL	Morti, cittadinanze 1879 Nati, pubblicazioni, matrimoni, morti, cittadinanze 1800-1893 Nati 1894
Santa Maria a Vico	MC5R-Q23	29	3:1:3QS7-L97N-CHB8	Morti, cittadinanze 1879 Nati, pubblicazioni, matrimoni, morti, cittadinanze 1800-1893 Nati 1894
Santa Maria a Vico	MC5R-Q23	30	3:1:3QS7-997N-CH2C	Morti, cittadinanze 1879 Nati, pubblicazioni, matrimoni, morti, cittadinanze 1800-1893 Nati 1894
Santa Maria a Vico	MC5R-Q23	31	3:1:3QS7-897N-CCM9	Morti, cittadinanze 1879 Nati, pubblicazioni, matrimoni, morti, cittadinanze 1800-1893 Nati 1894
Santa Maria a Vico	MC5R-Q23	32	3:1:3QS7-997N-CHLJ	Morti, cittadinanze 1879 Nati, pubblicazioni, matrimoni, morti, cittadinanze 1800-1893 Nati 1894
Santa Maria a Vico	MC5R-Q23	33	3:1:3QS7-L97N-CHG8	Morti, cittadinanze 1879 Nati, pubblicazioni, matrimoni, morti, cittadinanze 1800-1893 Nati 1894
Santa Maria a Vico	MC5R-Q23	34	3:1:3QS7-L97N-CH51	Morti, cittadinanze 1879 Nati, pubblicazioni, matrimoni, morti, cittadinanze 1800-1893 Nati 1894
Santa Maria a Vico	MC5R-Q23	35	3:1:3QS7-997N-CH2Z	Morti, cittadinanze 1879 Nati, pubblicazioni, matrimoni, morti, cittadinanze 1800-1893 Nati 1894
Santa Maria a Vico	MC5R-Q23	36	3:1:3QS7-997N-CHK3	Morti, cittadinanze 1879 Nati, pubblicazioni, matrimoni, morti, cittadinanze 1800-1893 Nati 1894
Santa Maria a Vico	MC5R-Q23	37	3:1:3QSQ-G97N-CHLS	Morti, cittadinanze 1879 Nati, pubblicazioni, matrimoni, morti, cittadinanze 1800-1893 Nati 1894
Santa Maria a Vico	MC5R-Q23	38	3:1:3QS7-L97N-CHTF	Morti, cittadinanze 1879 Nati, pubblicazioni, matrimoni, morti, cittadinanze 1800-1893 Nati 1894
Santa Maria a Vico	MC5R-Q23	39	3:1:3QS7-997N-CH22	Morti, cittadinanze 1879 Nati, pubblicazioni, matrimoni, morti, cittadinanze 1800-1893 Nati 1894
Santa Maria a Vico	MC5R-Q23	40	3:1:3QS7-897N-CHBP	Morti, cittadinanze 1879 Nati, pubblicazioni, matrimoni, morti, cittadinanze 1800-1893 Nati 1894
Santa Maria a Vico	MC5R-Q23	41	3:1:3QS7-L97N-CHLG	Morti, cittadinanze 1879 Nati, pubblicazioni, matrimoni, morti, cittadinanze 1800-1893 Nati 1894
Santa Maria a Vico	MC5R-Q23	42	3:1:3QS7-897N-CHY8	Morti, cittadinanze 1879 Nati, pubblicazioni, matrimoni, morti, cittadinanze 1800-1893 Nati 1894
Santa Maria a Vico	MC5R-Q23	43	3:1:3QS7-997N-CHV6	Morti, cittadinanze 1879 Nati, pubblicazioni, matrimoni, morti, cittadinanze 1800-1893 Nati 1894
Santa Maria a Vico	MC5R-Q23	44	3:1:3QS7-997N-CHJB	Morti, cittadinanze 1879 Nati, pubblicazioni, matrimoni, morti, cittadinanze 1800-1893 Nati 1894
Santa Maria a Vico	MC5R-Q23	45	3:1:3QS7-L97N-CHRV	Morti, cittadinanze 1879 Nati, pubblicazioni, matrimoni, morti, cittadinanze 1800-1893 Nati 1894
Santa Maria a Vico	MC5R-Q23	46	3:1:3QS7-897N-CHTR	Morti, cittadinanze 1879 Nati, pubblicazioni, matrimoni, morti, cittadinanze 1800-1893 Nati 1894
Santa Maria a Vico	MC5R-Q23	47	3:1:3QSQ-G97N-CHLZ	Morti, cittadinanze 1879 Nati, pubblicazioni, matrimoni, morti, cittadinanze 1800-1893 Nati 1894
Santa Maria a Vico	MC5R-Q23	48	3:1:3QS7-997N-CHJH	Morti, cittadinanze 1879 Nati, pubblicazioni, matrimoni, morti, cittadinanze 1800-1893 Nati 1894
Santa Maria a Vico	MC5R-Q23	49	3:1:3QSQ-G97N-CHY3	Morti, cittadinanze 1879 Nati, pubblicazioni, matrimoni, morti, cittadinanze 1800-1893 Nati 1894
Santa Maria a Vico	MC5R-Q23	50	3:1:3QS7-L97N-CHLY	Morti, cittadinanze 1879 Nati, pubblicazioni, matrimoni, morti, cittadinanze 1800-1893 Nati 1894
Santa Maria a Vico	MC5R-Q23	51	3:1:3QS7-997N-CHFK	Morti, cittadinanze 1879 Nati, pubblicazioni, matrimoni, morti, cittadinanze 1800-1893 Nati 1894
Santa Maria a Vico	MC5R-Q23	52	3:1:3QS7-L97N-CHPY	Morti, cittadinanze 1879 Nati, pubblicazioni, matrimoni, morti, cittadinanze 1800-1893 Nati 1894
Santa Maria a Vico	MC5R-Q23	53	3:1:3QSQ-G97N-CH2V	Morti, cittadinanze 1879 Nati, pubblicazioni, matrimoni, morti, cittadinanze 1800-1893 Nati 1894
Santa Maria a Vico	MC5R-Q23	54	3:1:3QS7-997N-CHVW	Morti, cittadinanze 1879 Nati, pubblicazioni, matrimoni, morti, cittadinanze 1800-1893 Nati 1894
Santa Maria a Vico	MC5R-Q23	55	3:1:3QS7-L97N-CHGN	Morti, cittadinanze 1879 Nati, pubblicazioni, matrimoni, morti, cittadinanze 1800-1893 Nati 1894
Santa Maria a Vico	MC5R-Q23	56	3:1:3QSQ-G97N-CHR1	Morti, cittadinanze 1879 Nati, pubblicazioni, matrimoni, morti, cittadinanze 1800-1893 Nati 1894
Santa Maria a Vico	MC5R-Q23	57	3:1:3QS7-997N-CHVV	Morti, cittadinanze 1879 Nati, pubblicazioni, matrimoni, morti, cittadinanze 1800-1893 Nati 1894
Santa Maria a Vico	MC5R-Q23	58	3:1:3QSQ-G97N-CHPP	Morti, cittadinanze 1879 Nati, pubblicazioni, matrimoni, morti, cittadinanze 1800-1893 Nati 1894
Santa Maria a Vico	MC5R-Q23	59	3:1:3QSQ-G97N-CHK2	Morti, cittadinanze 1879 Nati, pubblicazioni, matrimoni, morti, cittadinanze 1800-1893 Nati 1894
Santa Maria a Vico	MC5R-Q23	60	3:1:3QS7-L97N-CHLR	Morti, cittadinanze 1879 Nati, pubblicazioni, matrimoni, morti, cittadinanze 1800-1893 Nati 1894
Santa Maria a Vico	MC5R-Q23	61	3:1:3QS7-897N-CH2F	Morti, cittadinanze 1879 Nati, pubblicazioni, matrimoni, morti, cittadinanze 1800-1893 Nati 1894
Santa Maria a Vico	MC5R-Q23	62	3:1:3QS7-L97N-CHV7	Morti, cittadinanze 1879 Nati, pubblicazioni, matrimoni, morti, cittadinanze 1800-1893 Nati 1894
Santa Maria a Vico	MC5R-Q23	63	3:1:3QS7-997N-CH6S	Morti, cittadinanze 1879 Nati, pubblicazioni, matrimoni, morti, cittadinanze 1800-1893 Nati 1894
Santa Maria a Vico	MC5R-Q23	64	3:1:3QSQ-G97N-CHL3	Morti, cittadinanze 1879 Nati, pubblicazioni, matrimoni, morti, cittadinanze 1800-1893 Nati 1894
Santa Maria a Vico	MC5R-Q23	65	3:1:3QS7-997N-ZQKX	Morti, cittadinanze 1879 Nati, pubblicazioni, matrimoni, morti, cittadinanze 1800-1893 Nati 1894
Santa Maria a Vico	MC5R-Q23	66	3:1:3QS7-L97N-Z3YS	Morti, cittadinanze 1879 Nati, pubblicazioni, matrimoni, morti, cittadinanze 1800-1893 Nati 1894
Santa Maria a Vico	MC5R-Q23	67	3:1:3QS7-997N-ZQVC	Morti, cittadinanze 1879 Nati, pubblicazioni, matrimoni, morti, cittadinanze 1800-1893 Nati 1894
Santa Maria a Vico	MC5R-Q23	68	3:1:3QS7-897N-ZQ49	Morti, cittadinanze 1879 Nati, pubblicazioni, matrimoni, morti, cittadinanze 1800-1893 Nati 1894
Santa Maria a Vico	MC5R-Q23	69	3:1:3QSQ-G97N-ZQDX	Morti, cittadinanze 1879 Nati, pubblicazioni, matrimoni, morti, cittadinanze 1800-1893 Nati 1894
Santa Maria a Vico	MC5R-Q23	70	3:1:3QS7-L97N-Z311	Morti, cittadinanze 1879 Nati, pubblicazioni, matrimoni, morti, cittadinanze 1800-1893 Nati 1894
Santa Maria a Vico	MC5R-Q23	71	3:1:3QS7-L97N-Z3B1	Morti, cittadinanze 1879 Nati, pubblicazioni, matrimoni, morti, cittadinanze 1800-1893 Nati 1894
Santa Maria a Vico	MC5R-Q23	72	3:1:3QS7-997N-ZQJC	Morti, cittadinanze 1879 Nati, pubblicazioni, matrimoni, morti, cittadinanze 1800-1893 Nati 1894
Santa Maria a Vico	MC5R-Q23	73	3:1:3QS7-L97N-Z31L	Morti, cittadinanze 1879 Nati, pubblicazioni, matrimoni, morti, cittadinanze 1800-1893 Nati 1894
Santa Maria a Vico	MC5R-Q23	74	3:1:3QS7-L97N-Z31P	Morti, cittadinanze 1879 Nati, pubblicazioni, matrimoni, morti, cittadinanze 1800-1893 Nati 1894
Santa Maria a Vico	MC5R-Q23	75	3:1:3QS7-997N-ZQJ4	Morti, cittadinanze 1879 Nati, pubblicazioni, matrimoni, morti, cittadinanze 1800-1893 Nati 1894
Santa Maria a Vico	MC5R-Q23	76	3:1:3QS7-L97N-Z3TN	Morti, cittadinanze 1879 Nati, pubblicazioni, matrimoni, morti, cittadinanze 1800-1893 Nati 1894
Santa Maria a Vico	MC5R-Q23	77	3:1:3QS7-897N-ZQ3R	Morti, cittadinanze 1879 Nati, pubblicazioni, matrimoni, morti, cittadinanze 1800-1893 Nati 1894
Santa Maria a Vico	MC5R-Q23	78	3:1:3QS7-997N-ZQFV	Morti, cittadinanze 1879 Nati, pubblicazioni, matrimoni, morti, cittadinanze 1800-1893 Nati 1894
Santa Maria a Vico	MC5R-Q23	79	3:1:3QSQ-G97N-ZQDL	Morti, cittadinanze 1879 Nati, pubblicazioni, matrimoni, morti, cittadinanze 1800-1893 Nati 1894
Santa Maria a Vico	MC5R-Q23	80	3:1:3QS7-L97N-Z3TX	Morti, cittadinanze 1879 Nati, pubblicazioni, matrimoni, morti, cittadinanze 1800-1893 Nati 1894
Santa Maria a Vico	MC5R-Q23	81	3:1:3QSQ-G97N-ZQFZ	Morti, cittadinanze 1879 Nati, pubblicazioni, matrimoni, morti, cittadinanze 1800-1893 Nati 1894
Santa Maria a Vico	MC5R-Q23	82	3:1:3QS7-L97N-Z31W	Morti, cittadinanze 1879 Nati, pubblicazioni, matrimoni, morti, cittadinanze 1800-1893 Nati 1894
Santa Maria a Vico	MC5R-Q23	83	3:1:3QSQ-G97N-ZQ6Z	Morti, cittadinanze 1879 Nati, pubblicazioni, matrimoni, morti, cittadinanze 1800-1893 Nati 1894
Santa Maria a Vico	MC5R-Q23	84	3:1:3QSQ-G97N-ZQDP	Morti, cittadinanze 1879 Nati, pubblicazioni, matrimoni, morti, cittadinanze 1800-1893 Nati 1894
Santa Maria a Vico	MC5R-Q23	85	3:1:3QS7-L97N-Z3Y2	Morti, cittadinanze 1879 Nati, pubblicazioni, matrimoni, morti, cittadinanze 1800-1893 Nati 1894
Santa Maria a Vico	MC5R-Q23	86	3:1:3QS7-997N-ZQXQ	Morti, cittadinanze 1879 Nati, pubblicazioni, matrimoni, morti, cittadinanze 1800-1893 Nati 1894
Santa Maria a Vico	MC5R-Q23	87	3:1:3QSQ-G97N-ZQ81	Morti, cittadinanze 1879 Nati, pubblicazioni, matrimoni, morti, cittadinanze 1800-1893 Nati 1894
Santa Maria a Vico	MC5R-Q23	88	3:1:3QS7-L97N-Z3RZ	Morti, cittadinanze 1879 Nati, pubblicazioni, matrimoni, morti, cittadinanze 1800-1893 Nati 1894
Santa Maria a Vico	MC5R-Q23	89	3:1:3QS7-L97N-Z3RW	Morti, cittadinanze 1879 Nati, pubblicazioni, matrimoni, morti, cittadinanze 1800-1893 Nati 1894
Santa Maria a Vico	MC5R-Q23	90	3:1:3QS7-L97N-Z3YF	Morti, cittadinanze 1879 Nati, pubblicazioni, matrimoni, morti, cittadinanze 1800-1893 Nati 1894
Santa Maria a Vico	MC5R-Q23	91	3:1:3QS7-L97N-Z3TG	Morti, cittadinanze 1879 Nati, pubblicazioni, matrimoni, morti, cittadinanze 1800-1893 Nati 1894
Santa Maria a Vico	MC5R-Q23	92	3:1:3QS7-897N-ZQSQ	Morti, cittadinanze 1879 Nati, pubblicazioni, matrimoni, morti, cittadinanze 1800-1893 Nati 1894
Santa Maria a Vico	MC5R-Q23	93	3:1:3QSQ-G97N-ZQCQ	Morti, cittadinanze 1879 Nati, pubblicazioni, matrimoni, morti, cittadinanze 1800-1893 Nati 1894
Santa Maria a Vico	MC5R-Q23	94	3:1:3QS7-997N-ZQXK	Morti, cittadinanze 1879 Nati, pubblicazioni, matrimoni, morti, cittadinanze 1800-1893 Nati 1894
Santa Maria a Vico	MC5R-Q23	95	3:1:3QS7-L97N-Z35P	Morti, cittadinanze 1879 Nati, pubblicazioni, matrimoni, morti, cittadinanze 1800-1893 Nati 1894
Santa Maria a Vico	MC5R-Q23	96	3:1:3QS7-L97N-Z35J	Morti, cittadinanze 1879 Nati, pubblicazioni, matrimoni, morti, cittadinanze 1800-1893 Nati 1894
Santa Maria a Vico	MC5R-Q23	97	3:1:3QSQ-G97N-ZQDF	Morti, cittadinanze 1879 Nati, pubblicazioni, matrimoni, morti, cittadinanze 1800-1893 Nati 1894
Santa Maria a Vico	MC5R-Q23	98	3:1:3QS7-997N-ZQD9	Morti, cittadinanze 1879 Nati, pubblicazioni, matrimoni, morti, cittadinanze 1800-1893 Nati 1894
Santa Maria a Vico	MC5R-Q23	99	3:1:3QS7-897N-ZQ9R	Morti, cittadinanze 1879 Nati, pubblicazioni, matrimoni, morti, cittadinanze 1800-1893 Nati 1894
Santa Maria a Vico	MC5R-Q23	100	3:1:3QSQ-G97N-ZQZS	Morti, cittadinanze 1879 Nati, pubblicazioni, matrimoni, morti, cittadinanze 1800-1893 Nati 1894
Santa Maria a Vico	MC5R-Q23	101	3:1:3QSQ-G97N-ZQZ3	Morti, cittadinanze 1879 Nati, pubblicazioni, matrimoni, morti, cittadinanze 1800-1893 Nati 1894
Santa Maria a Vico	MC5R-Q23	102	3:1:3QS7-L97N-Z32J	Morti, cittadinanze 1879 Nati, pubblicazioni, matrimoni, morti, cittadinanze 1800-1893 Nati 1894
Santa Maria a Vico	MC5R-Q23	103	3:1:3QSQ-G97N-ZQCH	Morti, cittadinanze 1879 Nati, pubblicazioni, matrimoni, morti, cittadinanze 1800-1893 Nati 1894
Santa Maria a Vico	MC5R-Q23	104	3:1:3QSQ-G97N-ZQCT	Morti, cittadinanze 1879 Nati, pubblicazioni, matrimoni, morti, cittadinanze 1800-1893 Nati 1894
Santa Maria a Vico	MC5R-Q23	105	3:1:3QS7-897N-Z315	Morti, cittadinanze 1879 Nati, pubblicazioni, matrimoni, morti, cittadinanze 1800-1893 Nati 1894
Santa Maria a Vico	MC5R-Q23	106	3:1:3QS7-997N-ZQD5	Morti, cittadinanze 1879 Nati, pubblicazioni, matrimoni, morti, cittadinanze 1800-1893 Nati 1894
Santa Maria a Vico	MC5R-Q23	107	3:1:3QSQ-G97N-ZQZC	Morti, cittadinanze 1879 Nati, pubblicazioni, matrimoni, morti, cittadinanze 1800-1893 Nati 1894
Santa Maria a Vico	MC5R-Q23	108	3:1:3QS7-897N-Z31B	Morti, cittadinanze 1879 Nati, pubblicazioni, matrimoni, morti, cittadinanze 1800-1893 Nati 1894
Santa Maria a Vico	MC5R-Q23	109	3:1:3QSQ-G97N-ZQZ6	Morti, cittadinanze 1879 Nati, pubblicazioni, matrimoni, morti, cittadinanze 1800-1893 Nati 1894
Santa Maria a Vico	MC5R-Q23	110	3:1:3QS7-L97N-Z3GT	Morti, cittadinanze 1879 Nati, pubblicazioni, matrimoni, morti, cittadinanze 1800-1893 Nati 1894
Santa Maria a Vico	MC5R-Q23	111	3:1:3QSQ-G97N-ZQC2	Morti, cittadinanze 1879 Nati, pubblicazioni, matrimoni, morti, cittadinanze 1800-1893 Nati 1894
Santa Maria a Vico	MC5R-Q23	112	3:1:3QS7-L97N-Z3LX	Morti, cittadinanze 1879 Nati, pubblicazioni, matrimoni, morti, cittadinanze 1800-1893 Nati 1894
Santa Maria a Vico	MC5R-Q23	113	3:1:3QS7-L97N-Z3P5	Morti, cittadinanze 1879 Nati, pubblicazioni, matrimoni, morti, cittadinanze 1800-1893 Nati 1894
Santa Maria a Vico	MC5R-Q23	114	3:1:3QS7-L97N-Z3PL	Morti, cittadinanze 1879 Nati, pubblicazioni, matrimoni, morti, cittadinanze 1800-1893 Nati 1894
Santa Maria a Vico	MC5R-Q23	115	3:1:3QSQ-G97N-ZQH2	Morti, cittadinanze 1879 Nati, pubblicazioni, matrimoni, morti, cittadinanze 1800-1893 Nati 1894
Santa Maria a Vico	MC5R-Q23	116	3:1:3QSQ-G97N-ZQ44	Morti, cittadinanze 1879 Nati, pubblicazioni, matrimoni, morti, cittadinanze 1800-1893 Nati 1894
Santa Maria a Vico	MC5R-Q23	117	3:1:3QS7-L97N-Z3GP	Morti, cittadinanze 1879 Nati, pubblicazioni, matrimoni, morti, cittadinanze 1800-1893 Nati 1894
Santa Maria a Vico	MC5R-Q23	118	3:1:3QSQ-G97N-ZQW6	Morti, cittadinanze 1879 Nati, pubblicazioni, matrimoni, morti, cittadinanze 1800-1893 Nati 1894
Santa Maria a Vico	MC5R-Q23	119	3:1:3QS7-L97N-Z32W	Morti, cittadinanze 1879 Nati, pubblicazioni, matrimoni, morti, cittadinanze 1800-1893 Nati 1894
Santa Maria a Vico	MC5R-Q23	120	3:1:3QS7-997N-ZQ8G	Morti, cittadinanze 1879 Nati, pubblicazioni, matrimoni, morti, cittadinanze 1800-1893 Nati 1894
Santa Maria a Vico	MC5R-Q23	121	3:1:3QS7-997N-ZQD3	Morti, cittadinanze 1879 Nati, pubblicazioni, matrimoni, morti, cittadinanze 1800-1893 Nati 1894
Santa Maria a Vico	MC5R-Q23	122	3:1:3QS7-897N-Z3TR	Morti, cittadinanze 1879 Nati, pubblicazioni, matrimoni, morti, cittadinanze 1800-1893 Nati 1894
Santa Maria a Vico	MC5R-Q23	123	3:1:3QSQ-G97N-ZQQJ	Morti, cittadinanze 1879 Nati, pubblicazioni, matrimoni, morti, cittadinanze 1800-1893 Nati 1894
Santa Maria a Vico	MC5R-Q23	124	3:1:3QS7-997N-ZQ8R	Morti, cittadinanze 1879 Nati, pubblicazioni, matrimoni, morti, cittadinanze 1800-1893 Nati 1894
Santa Maria a Vico	MC5R-Q23	125	3:1:3QSQ-G97N-ZQ4V	Morti, cittadinanze 1879 Nati, pubblicazioni, matrimoni, morti, cittadinanze 1800-1893 Nati 1894
Santa Maria a Vico	MC5R-Q23	126	3:1:3QS7-L97N-Z3GJ	Morti, cittadinanze 1879 Nati, pubblicazioni, matrimoni, morti, cittadinanze 1800-1893 Nati 1894
Santa Maria a Vico	MC5R-Q23	127	3:1:3QSQ-G97N-ZQHC	Morti, cittadinanze 1879 Nati, pubblicazioni, matrimoni, morti, cittadinanze 1800-1893 Nati 1894
Santa Maria a Vico	MC5R-Q23	128	3:1:3QS7-L97N-Z3GQ	Morti, cittadinanze 1879 Nati, pubblicazioni, matrimoni, morti, cittadinanze 1800-1893 Nati 1894
Santa Maria a Vico	MC5R-Q23	129	3:1:3QS7-897N-Z3Y6	Morti, cittadinanze 1879 Nati, pubblicazioni, matrimoni, morti, cittadinanze 1800-1893 Nati 1894
Santa Maria a Vico	MC5R-Q23	130	3:1:3QS7-997N-ZQ4K	Morti, cittadinanze 1879 Nati, pubblicazioni, matrimoni, morti, cittadinanze 1800-1893 Nati 1894
Santa Maria a Vico	MC5R-Q23	131	3:1:3QS7-997N-ZQC7	Morti, cittadinanze 1879 Nati, pubblicazioni, matrimoni, morti, cittadinanze 1800-1893 Nati 1894
Santa Maria a Vico	MC5R-Q23	132	3:1:3QSQ-G97N-ZQW9	Morti, cittadinanze 1879 Nati, pubblicazioni, matrimoni, morti, cittadinanze 1800-1893 Nati 1894
Santa Maria a Vico	MC5R-Q23	133	3:1:3QSQ-G97N-ZQQM	Morti, cittadinanze 1879 Nati, pubblicazioni, matrimoni, morti, cittadinanze 1800-1893 Nati 1894
Santa Maria a Vico	MC5R-Q23	134	3:1:3QS7-L97N-Z3L9	Morti, cittadinanze 1879 Nati, pubblicazioni, matrimoni, morti, cittadinanze 1800-1893 Nati 1894
Santa Maria a Vico	MC5R-Q23	135	3:1:3QSQ-G97N-ZQQ3	Morti, cittadinanze 1879 Nati, pubblicazioni, matrimoni, morti, cittadinanze 1800-1893 Nati 1894
Santa Maria a Vico	MC5R-Q23	136	3:1:3QS7-997N-ZQWJ	Morti, cittadinanze 1879 Nati, pubblicazioni, matrimoni, morti, cittadinanze 1800-1893 Nati 1894
Santa Maria a Vico	MC5R-Q23	137	3:1:3QS7-L97N-Z3V7	Morti, cittadinanze 1879 Nati, pubblicazioni, matrimoni, morti, cittadinanze 1800-1893 Nati 1894
Santa Maria a Vico	MC5R-Q23	138	3:1:3QSQ-G97N-ZQQP	Morti, cittadinanze 1879 Nati, pubblicazioni, matrimoni, morti, cittadinanze 1800-1893 Nati 1894
Santa Maria a Vico	MC5R-Q23	139	3:1:3QS7-997N-ZQZX	Morti, cittadinanze 1879 Nati, pubblicazioni, matrimoni, morti, cittadinanze 1800-1893 Nati 1894
Santa Maria a Vico	MC5R-Q23	140	3:1:3QS7-L97N-Z3KS	Morti, cittadinanze 1879 Nati, pubblicazioni, matrimoni, morti, cittadinanze 1800-1893 Nati 1894
Santa Maria a Vico	MC5R-Q23	141	3:1:3QS7-L97N-Z3KK	Morti, cittadinanze 1879 Nati, pubblicazioni, matrimoni, morti, cittadinanze 1800-1893 Nati 1894
Santa Maria a Vico	MC5R-Q23	142	3:1:3QS7-L97N-Z3NB	Morti, cittadinanze 1879 Nati, pubblicazioni, matrimoni, morti, cittadinanze 1800-1893 Nati 1894
Santa Maria a Vico	MC5R-Q23	143	3:1:3QS7-897N-Z3RB	Morti, cittadinanze 1879 Nati, pubblicazioni, matrimoni, morti, cittadinanze 1800-1893 Nati 1894
Santa Maria a Vico	MC5R-Q23	144	3:1:3QS7-997N-ZQC3	Morti, cittadinanze 1879 Nati, pubblicazioni, matrimoni, morti, cittadinanze 1800-1893 Nati 1894
Santa Maria a Vico	MC5R-Q23	145	3:1:3QS7-L97N-Z3VC	Morti, cittadinanze 1879 Nati, pubblicazioni, matrimoni, morti, cittadinanze 1800-1893 Nati 1894
Santa Maria a Vico	MC5R-Q23	146	3:1:3QS7-897N-Z3PH	Morti, cittadinanze 1879 Nati, pubblicazioni, matrimoni, morti, cittadinanze 1800-1893 Nati 1894
Santa Maria a Vico	MC5R-Q23	147	3:1:3QS7-L97N-Z3N2	Morti, cittadinanze 1879 Nati, pubblicazioni, matrimoni, morti, cittadinanze 1800-1893 Nati 1894
Santa Maria a Vico	MC5R-Q23	148	3:1:3QS7-997N-ZQWT	Morti, cittadinanze 1879 Nati, pubblicazioni, matrimoni, morti, cittadinanze 1800-1893 Nati 1894
Santa Maria a Vico	MC5R-Q23	149	3:1:3QSQ-G97N-ZQQV	Morti, cittadinanze 1879 Nati, pubblicazioni, matrimoni, morti, cittadinanze 1800-1893 Nati 1894
Santa Maria a Vico	MC5R-Q23	150	3:1:3QS7-897N-Z351	Morti, cittadinanze 1879 Nati, pubblicazioni, matrimoni, morti, cittadinanze 1800-1893 Nati 1894
Santa Maria a Vico	MC5R-Q23	151	3:1:3QSQ-G97N-ZQ32	Morti, cittadinanze 1879 Nati, pubblicazioni, matrimoni, morti, cittadinanze 1800-1893 Nati 1894
Santa Maria a Vico	MC5R-Q23	152	3:1:3QS7-997N-ZQWD	Morti, cittadinanze 1879 Nati, pubblicazioni, matrimoni, morti, cittadinanze 1800-1893 Nati 1894
Santa Maria a Vico	MC5R-Q23	153	3:1:3QS7-997N-ZQ4C	Morti, cittadinanze 1879 Nati, pubblicazioni, matrimoni, morti, cittadinanze 1800-1893 Nati 1894
Santa Maria a Vico	MC5R-Q23	154	3:1:3QSQ-G97N-ZQWR	Morti, cittadinanze 1879 Nati, pubblicazioni, matrimoni, morti, cittadinanze 1800-1893 Nati 1894
Santa Maria a Vico	MC5R-Q23	155	3:1:3QS7-997N-ZQWN	Morti, cittadinanze 1879 Nati, pubblicazioni, matrimoni, morti, cittadinanze 1800-1893 Nati 1894
Santa Maria a Vico	MC5R-Q23	156	3:1:3QSQ-G97N-ZQ3L	Morti, cittadinanze 1879 Nati, pubblicazioni, matrimoni, morti, cittadinanze 1800-1893 Nati 1894
Santa Maria a Vico	MC5R-Q23	157	3:1:3QS7-L97N-Z3NS	Morti, cittadinanze 1879 Nati, pubblicazioni, matrimoni, morti, cittadinanze 1800-1893 Nati 1894
Santa Maria a Vico	MC5R-Q23	158	3:1:3QS7-L97N-Z3NZ	Morti, cittadinanze 1879 Nati, pubblicazioni, matrimoni, morti, cittadinanze 1800-1893 Nati 1894
Santa Maria a Vico	MC5R-Q23	159	3:1:3QS7-997N-ZQ7V	Morti, cittadinanze 1879 Nati, pubblicazioni, matrimoni, morti, cittadinanze 1800-1893 Nati 1894
Santa Maria a Vico	MC5R-Q23	160	3:1:3QS7-897N-Z353	Morti, cittadinanze 1879 Nati, pubblicazioni, matrimoni, morti, cittadinanze 1800-1893 Nati 1894
Santa Maria a Vico	MC5R-Q23	161	3:1:3QS7-997N-ZQQR	Morti, cittadinanze 1879 Nati, pubblicazioni, matrimoni, morti, cittadinanze 1800-1893 Nati 1894
Santa Maria a Vico	MC5R-Q23	162	3:1:3QS7-997N-ZQ3D	Morti, cittadinanze 1879 Nati, pubblicazioni, matrimoni, morti, cittadinanze 1800-1893 Nati 1894
Santa Maria a Vico	MC5R-Q23	163	3:1:3QSQ-G97N-ZQQR	Morti, cittadinanze 1879 Nati, pubblicazioni, matrimoni, morti, cittadinanze 1800-1893 Nati 1894
Santa Maria a Vico	MC5R-Q23	164	3:1:3QS7-897N-Z3LB	Morti, cittadinanze 1879 Nati, pubblicazioni, matrimoni, morti, cittadinanze 1800-1893 Nati 1894
Santa Maria a Vico	MC5R-Q23	165	3:1:3QS7-897N-Z3GN	Morti, cittadinanze 1879 Nati, pubblicazioni, matrimoni, morti, cittadinanze 1800-1893 Nati 1894
Santa Maria a Vico	MC5R-Q23	166	3:1:3QS7-L97N-Z3D7	Morti, cittadinanze 1879 Nati, pubblicazioni, matrimoni, morti, cittadinanze 1800-1893 Nati 1894
Santa Maria a Vico	MC5R-Q23	167	3:1:3QS7-997N-ZQMW	Morti, cittadinanze 1879 Nati, pubblicazioni, matrimoni, morti, cittadinanze 1800-1893 Nati 1894
Santa Maria a Vico	MC5R-Q23	168	3:1:3QSQ-G97N-ZQSG	Morti, cittadinanze 1879 Nati, pubblicazioni, matrimoni, morti, cittadinanze 1800-1893 Nati 1894
Santa Maria a Vico	MC5R-Q23	169	3:1:3QSQ-G97N-ZQMD	Morti, cittadinanze 1879 Nati, pubblicazioni, matrimoni, morti, cittadinanze 1800-1893 Nati 1894
Santa Maria a Vico	MC5R-Q23	170	3:1:3QSQ-G97N-ZQ9C	Morti, cittadinanze 1879 Nati, pubblicazioni, matrimoni, morti, cittadinanze 1800-1893 Nati 1894
Santa Maria a Vico	MC5R-Q23	171	3:1:3QS7-897N-Z3LP	Morti, cittadinanze 1879 Nati, pubblicazioni, matrimoni, morti, cittadinanze 1800-1893 Nati 1894
Santa Maria a Vico	MC5R-Q23	172	3:1:3QS7-L97N-Z3F9	Morti, cittadinanze 1879 Nati, pubblicazioni, matrimoni, morti, cittadinanze 1800-1893 Nati 1894
Santa Maria a Vico	MC5R-Q23	173	3:1:3QS7-L97N-Z3ND	Morti, cittadinanze 1879 Nati, pubblicazioni, matrimoni, morti, cittadinanze 1800-1893 Nati 1894
Santa Maria a Vico	MC5R-Q23	174	3:1:3QS7-897N-Z35Q	Morti, cittadinanze 1879 Nati, pubblicazioni, matrimoni, morti, cittadinanze 1800-1893 Nati 1894
Santa Maria a Vico	MC5R-Q23	175	3:1:3QS7-L97N-Z3FQ	Morti, cittadinanze 1879 Nati, pubblicazioni, matrimoni, morti, cittadinanze 1800-1893 Nati 1894
Santa Maria a Vico	MC5R-Q23	176	3:1:3QS7-997N-ZQ3Z	Morti, cittadinanze 1879 Nati, pubblicazioni, matrimoni, morti, cittadinanze 1800-1893 Nati 1894
Santa Maria a Vico	MC5R-Q23	177	3:1:3QS7-897N-Z3LZ	Morti, cittadinanze 1879 Nati, pubblicazioni, matrimoni, morti, cittadinanze 1800-1893 Nati 1894
Santa Maria a Vico	MC5R-Q23	178	3:1:3QS7-L97N-Z3ZR	Morti, cittadinanze 1879 Nati, pubblicazioni, matrimoni, morti, cittadinanze 1800-1893 Nati 1894
Santa Maria a Vico	MC5R-Q23	179	3:1:3QS7-L97N-Z36Z	Morti, cittadinanze 1879 Nati, pubblicazioni, matrimoni, morti, cittadinanze 1800-1893 Nati 1894
Santa Maria a Vico	MC5R-Q23	180	3:1:3QS7-L97N-Z36P	Morti, cittadinanze 1879 Nati, pubblicazioni, matrimoni, morti, cittadinanze 1800-1893 Nati 1894
Santa Maria a Vico	MC5R-Q23	181	3:1:3QS7-997N-Z31J	Morti, cittadinanze 1879 Nati, pubblicazioni, matrimoni, morti, cittadinanze 1800-1893 Nati 1894
Santa Maria a Vico	MC5R-Q23	182	3:1:3QS7-997N-ZQS1	Morti, cittadinanze 1879 Nati, pubblicazioni, matrimoni, morti, cittadinanze 1800-1893 Nati 1894
Santa Maria a Vico	MC5R-Q23	183	3:1:3QS7-L97N-Z3FT	Morti, cittadinanze 1879 Nati, pubblicazioni, matrimoni, morti, cittadinanze 1800-1893 Nati 1894
Santa Maria a Vico	MC5R-Q23	184	3:1:3QS7-L97N-Z3FR	Morti, cittadinanze 1879 Nati, pubblicazioni, matrimoni, morti, cittadinanze 1800-1893 Nati 1894
Santa Maria a Vico	MC5R-Q23	185	3:1:3QSQ-G97N-Z3BN	Morti, cittadinanze 1879 Nati, pubblicazioni, matrimoni, morti, cittadinanze 1800-1893 Nati 1894
Santa Maria a Vico	MC5R-Q23	186	3:1:3QS7-L97N-Z3D1	Morti, cittadinanze 1879 Nati, pubblicazioni, matrimoni, morti, cittadinanze 1800-1893 Nati 1894
Santa Maria a Vico	MC5R-Q23	187	3:1:3QSQ-G97N-Z31S	Morti, cittadinanze 1879 Nati, pubblicazioni, matrimoni, morti, cittadinanze 1800-1893 Nati 1894
Santa Maria a Vico	MC5R-Q23	188	3:1:3QS7-997N-ZQ98	Morti, cittadinanze 1879 Nati, pubblicazioni, matrimoni, morti, cittadinanze 1800-1893 Nati 1894
Santa Maria a Vico	MC5R-Q23	189	3:1:3QS7-997N-ZQ9L	Morti, cittadinanze 1879 Nati, pubblicazioni, matrimoni, morti, cittadinanze 1800-1893 Nati 1894
Santa Maria a Vico	MC5R-Q23	190	3:1:3QS7-997N-ZQS6	Morti, cittadinanze 1879 Nati, pubblicazioni, matrimoni, morti, cittadinanze 1800-1893 Nati 1894
Santa Maria a Vico	MC5R-Q23	191	3:1:3QS7-L97N-Z3DC	Morti, cittadinanze 1879 Nati, pubblicazioni, matrimoni, morti, cittadinanze 1800-1893 Nati 1894
Santa Maria a Vico	MC5R-Q23	192	3:1:3QS7-897N-Z3K5	Morti, cittadinanze 1879 Nati, pubblicazioni, matrimoni, morti, cittadinanze 1800-1893 Nati 1894
Santa Maria a Vico	MC5R-Q23	193	3:1:3QS7-L97N-Z36J	Morti, cittadinanze 1879 Nati, pubblicazioni, matrimoni, morti, cittadinanze 1800-1893 Nati 1894
Santa Maria a Vico	MC5R-Q23	194	3:1:3QS7-997N-ZQQP	Morti, cittadinanze 1879 Nati, pubblicazioni, matrimoni, morti, cittadinanze 1800-1893 Nati 1894
Santa Maria a Vico	MC5R-Q23	195	3:1:3QS7-997N-ZQMK	Morti, cittadinanze 1879 Nati, pubblicazioni, matrimoni, morti, cittadinanze 1800-1893 Nati 1894
Santa Maria a Vico	MC5R-Q23	196	3:1:3QS7-897N-Z3KV	Morti, cittadinanze 1879 Nati, pubblicazioni, matrimoni, morti, cittadinanze 1800-1893 Nati 1894
Santa Maria a Vico	MC5R-Q23	197	3:1:3QS7-897N-Z3VT	Morti, cittadinanze 1879 Nati, pubblicazioni, matrimoni, morti, cittadinanze 1800-1893 Nati 1894
Santa Maria a Vico	MC5R-Q23	198	3:1:3QS7-L97N-Z3DG	Morti, cittadinanze 1879 Nati, pubblicazioni, matrimoni, morti, cittadinanze 1800-1893 Nati 1894
Santa Maria a Vico	MC5R-Q23	199	3:1:3QS7-L97N-Z3ZX	Morti, cittadinanze 1879 Nati, pubblicazioni, matrimoni, morti, cittadinanze 1800-1893 Nati 1894
Santa Maria a Vico	MC5R-Q23	200	3:1:3QS7-L97N-Z3Z3	Morti, cittadinanze 1879 Nati, pubblicazioni, matrimoni, morti, cittadinanze 1800-1893 Nati 1894
Santa Maria a Vico	MC5R-Q23	201	3:1:3QS7-897N-Z3K7	Morti, cittadinanze 1879 Nati, pubblicazioni, matrimoni, morti, cittadinanze 1800-1893 Nati 1894
Santa Maria a Vico	MC5R-Q23	202	3:1:3QS7-997N-Z31Y	Morti, cittadinanze 1879 Nati, pubblicazioni, matrimoni, morti, cittadinanze 1800-1893 Nati 1894
Santa Maria a Vico	MC5R-Q23	203	3:1:3QS7-L97N-Z38V	Morti, cittadinanze 1879 Nati, pubblicazioni, matrimoni, morti, cittadinanze 1800-1893 Nati 1894
Santa Maria a Vico	MC5R-Q23	204	3:1:3QS7-897N-Z3VC	Morti, cittadinanze 1879 Nati, pubblicazioni, matrimoni, morti, cittadinanze 1800-1893 Nati 1894
Santa Maria a Vico	MC5R-Q23	205	3:1:3QSQ-G97N-Z3BP	Morti, cittadinanze 1879 Nati, pubblicazioni, matrimoni, morti, cittadinanze 1800-1893 Nati 1894
Santa Maria a Vico	MC5R-Q23	206	3:1:3QSQ-G97N-Z3RQ	Morti, cittadinanze 1879 Nati, pubblicazioni, matrimoni, morti, cittadinanze 1800-1893 Nati 1894
Santa Maria a Vico	MC5R-Q23	207	3:1:3QSQ-G97N-Z35Q	Morti, cittadinanze 1879 Nati, pubblicazioni, matrimoni, morti, cittadinanze 1800-1893 Nati 1894
Santa Maria a Vico	MC5R-Q23	208	3:1:3QS7-997N-Z3BD	Morti, cittadinanze 1879 Nati, pubblicazioni, matrimoni, morti, cittadinanze 1800-1893 Nati 1894
Santa Maria a Vico	MC5R-Q23	209	3:1:3QS7-897N-Z3V4	Morti, cittadinanze 1879 Nati, pubblicazioni, matrimoni, morti, cittadinanze 1800-1893 Nati 1894
Santa Maria a Vico	MC5R-Q23	210	3:1:3QS7-997N-ZQMQ	Morti, cittadinanze 1879 Nati, pubblicazioni, matrimoni, morti, cittadinanze 1800-1893 Nati 1894
Santa Maria a Vico	MC5R-Q23	211	3:1:3QS7-997N-Z31C	Morti, cittadinanze 1879 Nati, pubblicazioni, matrimoni, morti, cittadinanze 1800-1893 Nati 1894
Santa Maria a Vico	MC5R-Q23	212	3:1:3QS7-L97N-Z3H2	Morti, cittadinanze 1879 Nati, pubblicazioni, matrimoni, morti, cittadinanze 1800-1893 Nati 1894
Santa Maria a Vico	MC5R-Q23	213	3:1:3QS7-897N-Z3N9	Morti, cittadinanze 1879 Nati, pubblicazioni, matrimoni, morti, cittadinanze 1800-1893 Nati 1894
Santa Maria a Vico	MC5R-Q23	214	3:1:3QS7-L97N-Z3HH	Morti, cittadinanze 1879 Nati, pubblicazioni, matrimoni, morti, cittadinanze 1800-1893 Nati 1894
Santa Maria a Vico	MC5R-Q23	215	3:1:3QS7-997N-Z3BT	Morti, cittadinanze 1879 Nati, pubblicazioni, matrimoni, morti, cittadinanze 1800-1893 Nati 1894
Santa Maria a Vico	MC5R-Q23	216	3:1:3QSQ-G97N-Z31F	Morti, cittadinanze 1879 Nati, pubblicazioni, matrimoni, morti, cittadinanze 1800-1893 Nati 1894
Santa Maria a Vico	MC5R-Q23	217	3:1:3QSQ-G97N-Z3TM	Morti, cittadinanze 1879 Nati, pubblicazioni, matrimoni, morti, cittadinanze 1800-1893 Nati 1894
Santa Maria a Vico	MC5R-Q23	218	3:1:3QSQ-G97N-Z31C	Morti, cittadinanze 1879 Nati, pubblicazioni, matrimoni, morti, cittadinanze 1800-1893 Nati 1894
Santa Maria a Vico	MC5R-Q23	219	3:1:3QSQ-G97N-Z3TY	Morti, cittadinanze 1879 Nati, pubblicazioni, matrimoni, morti, cittadinanze 1800-1893 Nati 1894
Santa Maria a Vico	MC5R-Q23	220	3:1:3QSQ-G97N-Z3RL	Morti, cittadinanze 1879 Nati, pubblicazioni, matrimoni, morti, cittadinanze 1800-1893 Nati 1894
Santa Maria a Vico	MC5R-Q23	221	3:1:3QS7-L97N-Z34T	Morti, cittadinanze 1879 Nati, pubblicazioni, matrimoni, morti, cittadinanze 1800-1893 Nati 1894
Santa Maria a Vico	MC5R-Q23	222	3:1:3QSQ-G97N-Z352	Morti, cittadinanze 1879 Nati, pubblicazioni, matrimoni, morti, cittadinanze 1800-1893 Nati 1894
Santa Maria a Vico	MC5R-Q23	223	3:1:3QS7-897N-Z3NH	Morti, cittadinanze 1879 Nati, pubblicazioni, matrimoni, morti, cittadinanze 1800-1893 Nati 1894
Santa Maria a Vico	MC5R-Q23	224	3:1:3QSQ-G97N-Z35T	Morti, cittadinanze 1879 Nati, pubblicazioni, matrimoni, morti, cittadinanze 1800-1893 Nati 1894
Santa Maria a Vico	MC5R-Q23	225	3:1:3QSQ-G97N-Z3B6	Morti, cittadinanze 1879 Nati, pubblicazioni, matrimoni, morti, cittadinanze 1800-1893 Nati 1894
Santa Maria a Vico	MC5R-Q23	226	3:1:3QS7-897N-Z3J6	Morti, cittadinanze 1879 Nati, pubblicazioni, matrimoni, morti, cittadinanze 1800-1893 Nati 1894
Santa Maria a Vico	MC5R-Q23	227	3:1:3QS7-897N-Z3NQ	Morti, cittadinanze 1879 Nati, pubblicazioni, matrimoni, morti, cittadinanze 1800-1893 Nati 1894
Santa Maria a Vico	MC5R-Q23	228	3:1:3QS7-897N-Z3JQ	Morti, cittadinanze 1879 Nati, pubblicazioni, matrimoni, morti, cittadinanze 1800-1893 Nati 1894
Santa Maria a Vico	MC5R-Q23	229	3:1:3QS7-997N-Z31X	Morti, cittadinanze 1879 Nati, pubblicazioni, matrimoni, morti, cittadinanze 1800-1893 Nati 1894
Santa Maria a Vico	MC5R-Q23	230	3:1:3QS7-997N-Z3BP	Morti, cittadinanze 1879 Nati, pubblicazioni, matrimoni, morti, cittadinanze 1800-1893 Nati 1894
Santa Maria a Vico	MC5R-Q23	231	3:1:3QSQ-G97N-Z3PC	Morti, cittadinanze 1879 Nati, pubblicazioni, matrimoni, morti, cittadinanze 1800-1893 Nati 1894
Santa Maria a Vico	MC5R-Q23	232	3:1:3QS7-L97N-Z348	Morti, cittadinanze 1879 Nati, pubblicazioni, matrimoni, morti, cittadinanze 1800-1893 Nati 1894
Santa Maria a Vico	MC5R-Q23	233	3:1:3QS7-997N-Z359	Morti, cittadinanze 1879 Nati, pubblicazioni, matrimoni, morti, cittadinanze 1800-1893 Nati 1894
Santa Maria a Vico	MC5R-Q23	234	3:1:3QSQ-G97N-Z3G5	Morti, cittadinanze 1879 Nati, pubblicazioni, matrimoni, morti, cittadinanze 1800-1893 Nati 1894
Santa Maria a Vico	MC5R-Q23	235	3:1:3QSQ-G97N-Z3GZ	Morti, cittadinanze 1879 Nati, pubblicazioni, matrimoni, morti, cittadinanze 1800-1893 Nati 1894
Santa Maria a Vico	MC5R-Q23	236	3:1:3QSQ-G97N-Z3GD	Morti, cittadinanze 1879 Nati, pubblicazioni, matrimoni, morti, cittadinanze 1800-1893 Nati 1894
Santa Maria a Vico	MC5R-Q23	237	3:1:3QS7-997N-Z3PR	Morti, cittadinanze 1879 Nati, pubblicazioni, matrimoni, morti, cittadinanze 1800-1893 Nati 1894
Santa Maria a Vico	MC5R-Q23	238	3:1:3QSQ-G97N-Z3PB	Morti, cittadinanze 1879 Nati, pubblicazioni, matrimoni, morti, cittadinanze 1800-1893 Nati 1894
Santa Maria a Vico	MC5R-Q23	239	3:1:3QS7-897N-Z3XR	Morti, cittadinanze 1879 Nati, pubblicazioni, matrimoni, morti, cittadinanze 1800-1893 Nati 1894
Santa Maria a Vico	MC5R-Q23	240	3:1:3QS7-897N-Z3FR	Morti, cittadinanze 1879 Nati, pubblicazioni, matrimoni, morti, cittadinanze 1800-1893 Nati 1894
Santa Maria a Vico	MC5R-Q23	241	3:1:3QS7-997N-Z3G2	Morti, cittadinanze 1879 Nati, pubblicazioni, matrimoni, morti, cittadinanze 1800-1893 Nati 1894
Santa Maria a Vico	MC5R-Q23	242	3:1:3QS7-997N-Z3YK	Morti, cittadinanze 1879 Nati, pubblicazioni, matrimoni, morti, cittadinanze 1800-1893 Nati 1894
Santa Maria a Vico	MC5R-Q23	243	3:1:3QS7-997N-Z35Z	Morti, cittadinanze 1879 Nati, pubblicazioni, matrimoni, morti, cittadinanze 1800-1893 Nati 1894
Santa Maria a Vico	MC5R-Q23	244	3:1:3QS7-997N-Z3BJ	Morti, cittadinanze 1879 Nati, pubblicazioni, matrimoni, morti, cittadinanze 1800-1893 Nati 1894
Santa Maria a Vico	MC5R-Q23	245	3:1:3QS7-997N-Z3TM	Morti, cittadinanze 1879 Nati, pubblicazioni, matrimoni, morti, cittadinanze 1800-1893 Nati 1894
Santa Maria a Vico	MC5R-Q23	246	3:1:3QS7-997N-Z3T1	Morti, cittadinanze 1879 Nati, pubblicazioni, matrimoni, morti, cittadinanze 1800-1893 Nati 1894
Santa Maria a Vico	MC5R-Q23	247	3:1:3QS7-L97N-Z377	Morti, cittadinanze 1879 Nati, pubblicazioni, matrimoni, morti, cittadinanze 1800-1893 Nati 1894
Santa Maria a Vico	MC5R-Q23	248	3:1:3QS7-L97N-Z34Z	Morti, cittadinanze 1879 Nati, pubblicazioni, matrimoni, morti, cittadinanze 1800-1893 Nati 1894
Santa Maria a Vico	MC5R-Q23	249	3:1:3QS7-997N-Z3RN	Morti, cittadinanze 1879 Nati, pubblicazioni, matrimoni, morti, cittadinanze 1800-1893 Nati 1894
Santa Maria a Vico	MC5R-Q23	250	3:1:3QS7-997N-Z35Y	Morti, cittadinanze 1879 Nati, pubblicazioni, matrimoni, morti, cittadinanze 1800-1893 Nati 1894
Santa Maria a Vico	MC5R-Q23	251	3:1:3QS7-897N-Z3X5	Morti, cittadinanze 1879 Nati, pubblicazioni, matrimoni, morti, cittadinanze 1800-1893 Nati 1894
Santa Maria a Vico	MC5R-Q23	252	3:1:3QS7-L97N-Z34W	Morti, cittadinanze 1879 Nati, pubblicazioni, matrimoni, morti, cittadinanze 1800-1893 Nati 1894
Santa Maria a Vico	MC5R-Q23	253	3:1:3QS7-897N-Z3X3	Morti, cittadinanze 1879 Nati, pubblicazioni, matrimoni, morti, cittadinanze 1800-1893 Nati 1894
Santa Maria a Vico	MC5R-Q23	254	3:1:3QS7-897N-Z363	Morti, cittadinanze 1879 Nati, pubblicazioni, matrimoni, morti, cittadinanze 1800-1893 Nati 1894
Santa Maria a Vico	MC5R-Q23	255	3:1:3QS7-997N-Z3RK	Morti, cittadinanze 1879 Nati, pubblicazioni, matrimoni, morti, cittadinanze 1800-1893 Nati 1894
Santa Maria a Vico	MC5R-Q23	256	3:1:3QSQ-G97N-Z3VD	Morti, cittadinanze 1879 Nati, pubblicazioni, matrimoni, morti, cittadinanze 1800-1893 Nati 1894
Santa Maria a Vico	MC5R-Q23	257	3:1:3QS7-897N-Z38F	Morti, cittadinanze 1879 Nati, pubblicazioni, matrimoni, morti, cittadinanze 1800-1893 Nati 1894
Santa Maria a Vico	MC5R-Q23	258	3:1:3QS7-897N-Z38Q	Morti, cittadinanze 1879 Nati, pubblicazioni, matrimoni, morti, cittadinanze 1800-1893 Nati 1894
Santa Maria a Vico	MC5R-Q23	259	3:1:3QS7-897N-Z3DS	Morti, cittadinanze 1879 Nati, pubblicazioni, matrimoni, morti, cittadinanze 1800-1893 Nati 1894
Santa Maria a Vico	MC5R-Q23	260	3:1:3QS7-897N-Z387	Morti, cittadinanze 1879 Nati, pubblicazioni, matrimoni, morti, cittadinanze 1800-1893 Nati 1894
Santa Maria a Vico	MC5R-Q23	261	3:1:3QS7-897N-Z365	Morti, cittadinanze 1879 Nati, pubblicazioni, matrimoni, morti, cittadinanze 1800-1893 Nati 1894
Santa Maria a Vico	MC5R-Q23	262	3:1:3QSQ-G97N-Z3VL	Morti, cittadinanze 1879 Nati, pubblicazioni, matrimoni, morti, cittadinanze 1800-1893 Nati 1894
Santa Maria a Vico	MC5R-Q23	263	3:1:3QS7-897N-Z3XF	Morti, cittadinanze 1879 Nati, pubblicazioni, matrimoni, morti, cittadinanze 1800-1893 Nati 1894
Santa Maria a Vico	MC5R-Q23	264	3:1:3QS7-997N-Z32B	Morti, cittadinanze 1879 Nati, pubblicazioni, matrimoni, morti, cittadinanze 1800-1893 Nati 1894
Santa Maria a Vico	MC5R-Q23	265	3:1:3QS7-897N-Z3X7	Morti, cittadinanze 1879 Nati, pubblicazioni, matrimoni, morti, cittadinanze 1800-1893 Nati 1894
Santa Maria a Vico	MC5R-Q23	266	3:1:3QS7-L97N-Z37K	Morti, cittadinanze 1879 Nati, pubblicazioni, matrimoni, morti, cittadinanze 1800-1893 Nati 1894
Santa Maria a Vico	MC5R-Q23	267	3:1:3QS7-897N-Z367	Morti, cittadinanze 1879 Nati, pubblicazioni, matrimoni, morti, cittadinanze 1800-1893 Nati 1894
Santa Maria a Vico	MC5R-Q23	268	3:1:3QS7-997N-Z3LY	Morti, cittadinanze 1879 Nati, pubblicazioni, matrimoni, morti, cittadinanze 1800-1893 Nati 1894
Santa Maria a Vico	MC5R-Q23	269	3:1:3QS7-897N-Z36M	Morti, cittadinanze 1879 Nati, pubblicazioni, matrimoni, morti, cittadinanze 1800-1893 Nati 1894
Santa Maria a Vico	MC5R-Q23	270	3:1:3QS7-L97N-Z3QR	Morti, cittadinanze 1879 Nati, pubblicazioni, matrimoni, morti, cittadinanze 1800-1893 Nati 1894
Santa Maria a Vico	MC5R-Q23	271	3:1:3QS7-997N-Z35X	Morti, cittadinanze 1879 Nati, pubblicazioni, matrimoni, morti, cittadinanze 1800-1893 Nati 1894
Santa Maria a Vico	MC5R-Q23	272	3:1:3QSQ-G97N-Z3L8	Morti, cittadinanze 1879 Nati, pubblicazioni, matrimoni, morti, cittadinanze 1800-1893 Nati 1894
Santa Maria a Vico	MC5R-Q23	273	3:1:3QS7-L97N-Z33H	Morti, cittadinanze 1879 Nati, pubblicazioni, matrimoni, morti, cittadinanze 1800-1893 Nati 1894
Santa Maria a Vico	MC5R-Q23	274	3:1:3QS7-997N-Z3LG	Morti, cittadinanze 1879 Nati, pubblicazioni, matrimoni, morti, cittadinanze 1800-1893 Nati 1894
Santa Maria a Vico	MC5R-Q23	275	3:1:3QS7-997N-Z3G4	Morti, cittadinanze 1879 Nati, pubblicazioni, matrimoni, morti, cittadinanze 1800-1893 Nati 1894
Santa Maria a Vico	MC5R-Q23	276	3:1:3QS7-997N-Z32P	Morti, cittadinanze 1879 Nati, pubblicazioni, matrimoni, morti, cittadinanze 1800-1893 Nati 1894
Santa Maria a Vico	MC5R-Q23	277	3:1:3QSQ-G97N-Z32D	Morti, cittadinanze 1879 Nati, pubblicazioni, matrimoni, morti, cittadinanze 1800-1893 Nati 1894
Santa Maria a Vico	MC5R-Q23	278	3:1:3QS7-L97N-Z338	Morti, cittadinanze 1879 Nati, pubblicazioni, matrimoni, morti, cittadinanze 1800-1893 Nati 1894
Santa Maria a Vico	MC5R-Q23	279	3:1:3QS7-997N-Z3LX	Morti, cittadinanze 1879 Nati, pubblicazioni, matrimoni, morti, cittadinanze 1800-1893 Nati 1894
Santa Maria a Vico	MC5R-Q23	280	3:1:3QS7-997N-Z3RB	Morti, cittadinanze 1879 Nati, pubblicazioni, matrimoni, morti, cittadinanze 1800-1893 Nati 1894
Santa Maria a Vico	MC5R-Q23	281	3:1:3QS7-L97N-Z3WW	Morti, cittadinanze 1879 Nati, pubblicazioni, matrimoni, morti, cittadinanze 1800-1893 Nati 1894
Santa Maria a Vico	MC5R-Q23	282	3:1:3QS7-897N-Z3ZB	Morti, cittadinanze 1879 Nati, pubblicazioni, matrimoni, morti, cittadinanze 1800-1893 Nati 1894
Santa Maria a Vico	MC5R-Q23	283	3:1:3QS7-L97N-Z398	Morti, cittadinanze 1879 Nati, pubblicazioni, matrimoni, morti, cittadinanze 1800-1893 Nati 1894
Santa Maria a Vico	MC5R-Q23	284	3:1:3QS7-L97N-Z33K	Morti, cittadinanze 1879 Nati, pubblicazioni, matrimoni, morti, cittadinanze 1800-1893 Nati 1894
Santa Maria a Vico	MC5R-Q23	285	3:1:3QS7-L97N-ZS1D	Morti, cittadinanze 1879 Nati, pubblicazioni, matrimoni, morti, cittadinanze 1800-1893 Nati 1894
Santa Maria a Vico	MC5R-Q23	286	3:1:3QSQ-G97N-Z3J4	Morti, cittadinanze 1879 Nati, pubblicazioni, matrimoni, morti, cittadinanze 1800-1893 Nati 1894
Santa Maria a Vico	MC5R-Q23	287	3:1:3QS7-997N-Z325	Morti, cittadinanze 1879 Nati, pubblicazioni, matrimoni, morti, cittadinanze 1800-1893 Nati 1894
Santa Maria a Vico	MC5R-Q23	288	3:1:3QS7-997N-Z3VS	Morti, cittadinanze 1879 Nati, pubblicazioni, matrimoni, morti, cittadinanze 1800-1893 Nati 1894
Santa Maria a Vico	MC5R-Q23	289	3:1:3QS7-L97N-ZSTS	Morti, cittadinanze 1879 Nati, pubblicazioni, matrimoni, morti, cittadinanze 1800-1893 Nati 1894
Santa Maria a Vico	MC5R-Q23	290	3:1:3QS7-997N-Z3PX	Morti, cittadinanze 1879 Nati, pubblicazioni, matrimoni, morti, cittadinanze 1800-1893 Nati 1894
Santa Maria a Vico	MC5R-Q23	291	3:1:3QSQ-G97N-Z3FB	Morti, cittadinanze 1879 Nati, pubblicazioni, matrimoni, morti, cittadinanze 1800-1893 Nati 1894
Santa Maria a Vico	MC5R-Q23	292	3:1:3QS7-997N-Z3F4	Morti, cittadinanze 1879 Nati, pubblicazioni, matrimoni, morti, cittadinanze 1800-1893 Nati 1894
Santa Maria a Vico	MC5R-Q23	293	3:1:3QS7-L97N-Z39X	Morti, cittadinanze 1879 Nati, pubblicazioni, matrimoni, morti, cittadinanze 1800-1893 Nati 1894
Santa Maria a Vico	MC5R-Q23	294	3:1:3QS7-L97N-ZSB1	Morti, cittadinanze 1879 Nati, pubblicazioni, matrimoni, morti, cittadinanze 1800-1893 Nati 1894
Santa Maria a Vico	MC5R-Q23	295	3:1:3QS7-897N-Z3DC	Morti, cittadinanze 1879 Nati, pubblicazioni, matrimoni, morti, cittadinanze 1800-1893 Nati 1894
Santa Maria a Vico	MC5R-Q23	296	3:1:3QSQ-G97N-Z3XZ	Morti, cittadinanze 1879 Nati, pubblicazioni, matrimoni, morti, cittadinanze 1800-1893 Nati 1894
Santa Maria a Vico	MC5R-Q23	297	3:1:3QSQ-G97N-Z3XC	Morti, cittadinanze 1879 Nati, pubblicazioni, matrimoni, morti, cittadinanze 1800-1893 Nati 1894
Santa Maria a Vico	MC5R-Q23	298	3:1:3QS7-997N-Z3V4	Morti, cittadinanze 1879 Nati, pubblicazioni, matrimoni, morti, cittadinanze 1800-1893 Nati 1894
Santa Maria a Vico	MC5R-Q23	299	3:1:3QSQ-G97N-Z3FX	Morti, cittadinanze 1879 Nati, pubblicazioni, matrimoni, morti, cittadinanze 1800-1893 Nati 1894
Santa Maria a Vico	MC5R-Q23	300	3:1:3QS7-997N-Z3J9	Morti, cittadinanze 1879 Nati, pubblicazioni, matrimoni, morti, cittadinanze 1800-1893 Nati 1894
Santa Maria a Vico	MC5R-Q23	301	3:1:3QS7-997N-Z3J1	Morti, cittadinanze 1879 Nati, pubblicazioni, matrimoni, morti, cittadinanze 1800-1893 Nati 1894
Santa Maria a Vico	MC5R-Q23	302	3:1:3QS7-L97N-ZST3	Morti, cittadinanze 1879 Nati, pubblicazioni, matrimoni, morti, cittadinanze 1800-1893 Nati 1894
Santa Maria a Vico	MC5R-Q23	303	3:1:3QS7-897N-Z38W	Morti, cittadinanze 1879 Nati, pubblicazioni, matrimoni, morti, cittadinanze 1800-1893 Nati 1894
Santa Maria a Vico	MC5R-Q23	304	3:1:3QS7-L97N-Z33S	Morti, cittadinanze 1879 Nati, pubblicazioni, matrimoni, morti, cittadinanze 1800-1893 Nati 1894
Santa Maria a Vico	MC5R-Q23	305	3:1:3QS7-L97N-ZSYM	Morti, cittadinanze 1879 Nati, pubblicazioni, matrimoni, morti, cittadinanze 1800-1893 Nati 1894
Santa Maria a Vico	MC5R-Q23	306	3:1:3QSQ-G97N-Z3FH	Morti, cittadinanze 1879 Nati, pubblicazioni, matrimoni, morti, cittadinanze 1800-1893 Nati 1894
Santa Maria a Vico	MC5R-Q23	307	3:1:3QS7-997N-Z3XX	Morti, cittadinanze 1879 Nati, pubblicazioni, matrimoni, morti, cittadinanze 1800-1893 Nati 1894
Santa Maria a Vico	MC5R-Q23	308	3:1:3QS7-997N-Z3JH	Morti, cittadinanze 1879 Nati, pubblicazioni, matrimoni, morti, cittadinanze 1800-1893 Nati 1894
Santa Maria a Vico	MC5R-Q23	309	3:1:3QSQ-G97N-Z3FV	Morti, cittadinanze 1879 Nati, pubblicazioni, matrimoni, morti, cittadinanze 1800-1893 Nati 1894
Santa Maria a Vico	MC5R-Q23	310	3:1:3QS7-L97N-Z3M3	Morti, cittadinanze 1879 Nati, pubblicazioni, matrimoni, morti, cittadinanze 1800-1893 Nati 1894
Santa Maria a Vico	MC5R-Q23	311	3:1:3QS7-997N-Z3FW	Morti, cittadinanze 1879 Nati, pubblicazioni, matrimoni, morti, cittadinanze 1800-1893 Nati 1894
Santa Maria a Vico	MC5R-Q23	312	3:1:3QSQ-G97N-Z38Z	Morti, cittadinanze 1879 Nati, pubblicazioni, matrimoni, morti, cittadinanze 1800-1893 Nati 1894
Santa Maria a Vico	MC5R-Q23	313	3:1:3QS7-997N-Z3NN	Morti, cittadinanze 1879 Nati, pubblicazioni, matrimoni, morti, cittadinanze 1800-1893 Nati 1894
Santa Maria a Vico	MC5R-Q23	314	3:1:3QS7-L97N-Z3MS	Morti, cittadinanze 1879 Nati, pubblicazioni, matrimoni, morti, cittadinanze 1800-1893 Nati 1894
Santa Maria a Vico	MC5R-Q23	315	3:1:3QS7-997N-Z3FH	Morti, cittadinanze 1879 Nati, pubblicazioni, matrimoni, morti, cittadinanze 1800-1893 Nati 1894
Santa Maria a Vico	MC5R-Q23	316	3:1:3QS7-997N-Z38T	Morti, cittadinanze 1879 Nati, pubblicazioni, matrimoni, morti, cittadinanze 1800-1893 Nati 1894
Santa Maria a Vico	MC5R-Q23	317	3:1:3QSQ-G97N-Z3X8	Morti, cittadinanze 1879 Nati, pubblicazioni, matrimoni, morti, cittadinanze 1800-1893 Nati 1894
Santa Maria a Vico	MC5R-Q23	318	3:1:3QS7-997N-Z3KS	Morti, cittadinanze 1879 Nati, pubblicazioni, matrimoni, morti, cittadinanze 1800-1893 Nati 1894
Santa Maria a Vico	MC5R-Q23	319	3:1:3QSQ-G97N-Z363	Morti, cittadinanze 1879 Nati, pubblicazioni, matrimoni, morti, cittadinanze 1800-1893 Nati 1894
Santa Maria a Vico	MC5R-Q23	320	3:1:3QS7-997N-Z3NG	Morti, cittadinanze 1879 Nati, pubblicazioni, matrimoni, morti, cittadinanze 1800-1893 Nati 1894
Santa Maria a Vico	MC5R-Q23	321	3:1:3QS7-L97N-ZS5G	Morti, cittadinanze 1879 Nati, pubblicazioni, matrimoni, morti, cittadinanze 1800-1893 Nati 1894
Santa Maria a Vico	MC5R-Q23	322	3:1:3QS7-L97N-ZS51	Morti, cittadinanze 1879 Nati, pubblicazioni, matrimoni, morti, cittadinanze 1800-1893 Nati 1894
Santa Maria a Vico	MC5R-Q23	323	3:1:3QSQ-G97N-Z3FN	Morti, cittadinanze 1879 Nati, pubblicazioni, matrimoni, morti, cittadinanze 1800-1893 Nati 1894
Santa Maria a Vico	MC5R-Q23	324	3:1:3QSQ-G97N-Z381	Morti, cittadinanze 1879 Nati, pubblicazioni, matrimoni, morti, cittadinanze 1800-1893 Nati 1894
Santa Maria a Vico	MC5R-Q23	325	3:1:3QS7-997N-Z3J8	Morti, cittadinanze 1879 Nati, pubblicazioni, matrimoni, morti, cittadinanze 1800-1893 Nati 1894
Santa Maria a Vico	MC5R-Q23	326	3:1:3QS7-L97N-ZSTK	Morti, cittadinanze 1879 Nati, pubblicazioni, matrimoni, morti, cittadinanze 1800-1893 Nati 1894
Santa Maria a Vico	MC5R-Q23	327	3:1:3QS7-L97N-ZSRF	Morti, cittadinanze 1879 Nati, pubblicazioni, matrimoni, morti, cittadinanze 1800-1893 Nati 1894
Santa Maria a Vico	MC5R-Q23	328	3:1:3QSQ-G97N-Z3Z5	Morti, cittadinanze 1879 Nati, pubblicazioni, matrimoni, morti, cittadinanze 1800-1893 Nati 1894
Santa Maria a Vico	MC5R-Q23	329	3:1:3QS7-L97N-ZSLP	Morti, cittadinanze 1879 Nati, pubblicazioni, matrimoni, morti, cittadinanze 1800-1893 Nati 1894
Santa Maria a Vico	MC5R-Q23	330	3:1:3QS7-997N-Z36M	Morti, cittadinanze 1879 Nati, pubblicazioni, matrimoni, morti, cittadinanze 1800-1893 Nati 1894
Santa Maria a Vico	MC5R-Q23	331	3:1:3QS7-L97N-ZSRY	Morti, cittadinanze 1879 Nati, pubblicazioni, matrimoni, morti, cittadinanze 1800-1893 Nati 1894
Santa Maria a Vico	MC5R-Q23	332	3:1:3QS7-L97N-ZSPW	Morti, cittadinanze 1879 Nati, pubblicazioni, matrimoni, morti, cittadinanze 1800-1893 Nati 1894
Santa Maria a Vico	MC5R-Q23	333	3:1:3QSQ-G97N-Z3CW	Morti, cittadinanze 1879 Nati, pubblicazioni, matrimoni, morti, cittadinanze 1800-1893 Nati 1894
Santa Maria a Vico	MC5R-Q23	334	3:1:3QSQ-G97N-Z34Y	Morti, cittadinanze 1879 Nati, pubblicazioni, matrimoni, morti, cittadinanze 1800-1893 Nati 1894
Santa Maria a Vico	MC5R-Q23	335	3:1:3QSQ-G97N-Z3C8	Morti, cittadinanze 1879 Nati, pubblicazioni, matrimoni, morti, cittadinanze 1800-1893 Nati 1894
Santa Maria a Vico	MC5R-Q23	336	3:1:3QS7-L97N-ZSGW	Morti, cittadinanze 1879 Nati, pubblicazioni, matrimoni, morti, cittadinanze 1800-1893 Nati 1894
Santa Maria a Vico	MC5R-Q23	337	3:1:3QS7-997N-Z3D7	Morti, cittadinanze 1879 Nati, pubblicazioni, matrimoni, morti, cittadinanze 1800-1893 Nati 1894
Santa Maria a Vico	MC5R-Q23	338	3:1:3QS7-L97N-ZSJY	Morti, cittadinanze 1879 Nati, pubblicazioni, matrimoni, morti, cittadinanze 1800-1893 Nati 1894
Santa Maria a Vico	MC5R-Q23	339	3:1:3QSQ-G97N-Z3Q1	Morti, cittadinanze 1879 Nati, pubblicazioni, matrimoni, morti, cittadinanze 1800-1893 Nati 1894
Santa Maria a Vico	MC5R-Q23	340	3:1:3QS7-L97N-ZSPN	Morti, cittadinanze 1879 Nati, pubblicazioni, matrimoni, morti, cittadinanze 1800-1893 Nati 1894
Santa Maria a Vico	MC5R-Q23	341	3:1:3QSQ-G97N-Z38D	Morti, cittadinanze 1879 Nati, pubblicazioni, matrimoni, morti, cittadinanze 1800-1893 Nati 1894
Santa Maria a Vico	MC5R-Q23	342	3:1:3QSQ-G97N-Z38F	Morti, cittadinanze 1879 Nati, pubblicazioni, matrimoni, morti, cittadinanze 1800-1893 Nati 1894
Santa Maria a Vico	MC5R-Q23	343	3:1:3QS7-997N-Z3X6	Morti, cittadinanze 1879 Nati, pubblicazioni, matrimoni, morti, cittadinanze 1800-1893 Nati 1894
Santa Maria a Vico	MC5R-Q23	344	3:1:3QS7-997N-Z3Z4	Morti, cittadinanze 1879 Nati, pubblicazioni, matrimoni, morti, cittadinanze 1800-1893 Nati 1894
Santa Maria a Vico	MC5R-Q23	345	3:1:3QS7-997N-Z3ZS	Morti, cittadinanze 1879 Nati, pubblicazioni, matrimoni, morti, cittadinanze 1800-1893 Nati 1894
Santa Maria a Vico	MC5R-Q23	346	3:1:3QS7-997N-Z3H5	Morti, cittadinanze 1879 Nati, pubblicazioni, matrimoni, morti, cittadinanze 1800-1893 Nati 1894
Santa Maria a Vico	MC5R-Q23	347	3:1:3QS7-997N-Z3CJ	Morti, cittadinanze 1879 Nati, pubblicazioni, matrimoni, morti, cittadinanze 1800-1893 Nati 1894
Santa Maria a Vico	MC5R-Q23	348	3:1:3QS7-L97N-ZSRG	Morti, cittadinanze 1879 Nati, pubblicazioni, matrimoni, morti, cittadinanze 1800-1893 Nati 1894
Santa Maria a Vico	MC5R-Q23	349	3:1:3QS7-997N-Z3CG	Morti, cittadinanze 1879 Nati, pubblicazioni, matrimoni, morti, cittadinanze 1800-1893 Nati 1894
Santa Maria a Vico	MC5R-Q23	350	3:1:3QS7-897N-Z3H9	Morti, cittadinanze 1879 Nati, pubblicazioni, matrimoni, morti, cittadinanze 1800-1893 Nati 1894
Santa Maria a Vico	MC5R-Q23	351	3:1:3QS7-L97N-ZSLD	Morti, cittadinanze 1879 Nati, pubblicazioni, matrimoni, morti, cittadinanze 1800-1893 Nati 1894
Santa Maria a Vico	MC5R-Q23	352	3:1:3QS7-997N-Z388	Morti, cittadinanze 1879 Nati, pubblicazioni, matrimoni, morti, cittadinanze 1800-1893 Nati 1894
Santa Maria a Vico	MC5R-Q23	353	3:1:3QS7-997N-Z34N	Morti, cittadinanze 1879 Nati, pubblicazioni, matrimoni, morti, cittadinanze 1800-1893 Nati 1894
Santa Maria a Vico	MC5R-Q23	354	3:1:3QSQ-G97N-Z3C3	Morti, cittadinanze 1879 Nati, pubblicazioni, matrimoni, morti, cittadinanze 1800-1893 Nati 1894
Santa Maria a Vico	MC5R-Q23	355	3:1:3QSQ-G97N-Z3CG	Morti, cittadinanze 1879 Nati, pubblicazioni, matrimoni, morti, cittadinanze 1800-1893 Nati 1894
Santa Maria a Vico	MC5R-Q23	356	3:1:3QS7-L97N-ZSGB	Morti, cittadinanze 1879 Nati, pubblicazioni, matrimoni, morti, cittadinanze 1800-1893 Nati 1894
Santa Maria a Vico	MC5R-Q23	357	3:1:3QS7-997N-Z3XZ	Morti, cittadinanze 1879 Nati, pubblicazioni, matrimoni, morti, cittadinanze 1800-1893 Nati 1894
Santa Maria a Vico	MC5R-Q23	358	3:1:3QS7-997N-Z34X	Morti, cittadinanze 1879 Nati, pubblicazioni, matrimoni, morti, cittadinanze 1800-1893 Nati 1894
Santa Maria a Vico	MC5R-Q23	359	3:1:3QS7-997N-Z38R	Morti, cittadinanze 1879 Nati, pubblicazioni, matrimoni, morti, cittadinanze 1800-1893 Nati 1894
Santa Maria a Vico	MC5R-Q23	360	3:1:3QS7-997N-Z3WD	Morti, cittadinanze 1879 Nati, pubblicazioni, matrimoni, morti, cittadinanze 1800-1893 Nati 1894
Santa Maria a Vico	MC5R-Q23	361	3:1:3QS7-L97N-ZSRK	Morti, cittadinanze 1879 Nati, pubblicazioni, matrimoni, morti, cittadinanze 1800-1893 Nati 1894
Santa Maria a Vico	MC5R-Q23	362	3:1:3QS7-997N-Z38G	Morti, cittadinanze 1879 Nati, pubblicazioni, matrimoni, morti, cittadinanze 1800-1893 Nati 1894
Santa Maria a Vico	MC5R-Q23	363	3:1:3QS7-997N-Z345	Morti, cittadinanze 1879 Nati, pubblicazioni, matrimoni, morti, cittadinanze 1800-1893 Nati 1894
Santa Maria a Vico	MC5R-Q23	364	3:1:3QSQ-G97N-Z37G	Morti, cittadinanze 1879 Nati, pubblicazioni, matrimoni, morti, cittadinanze 1800-1893 Nati 1894
Santa Maria a Vico	MC5R-Q23	365	3:1:3QS7-997N-Z3WC	Morti, cittadinanze 1879 Nati, pubblicazioni, matrimoni, morti, cittadinanze 1800-1893 Nati 1894
Santa Maria a Vico	MC5R-Q23	366	3:1:3QS7-997N-Z34P	Morti, cittadinanze 1879 Nati, pubblicazioni, matrimoni, morti, cittadinanze 1800-1893 Nati 1894
Santa Maria a Vico	MC5R-Q23	367	3:1:3QSQ-G97N-Z37K	Morti, cittadinanze 1879 Nati, pubblicazioni, matrimoni, morti, cittadinanze 1800-1893 Nati 1894
Santa Maria a Vico	MC5R-Q23	368	3:1:3QS7-997N-Z3ZD	Morti, cittadinanze 1879 Nati, pubblicazioni, matrimoni, morti, cittadinanze 1800-1893 Nati 1894
Santa Maria a Vico	MC5R-Q23	369	3:1:3QSQ-G97N-Z346	Morti, cittadinanze 1879 Nati, pubblicazioni, matrimoni, morti, cittadinanze 1800-1893 Nati 1894
Santa Maria a Vico	MC5R-Q23	370	3:1:3QS7-L97N-ZSPM	Morti, cittadinanze 1879 Nati, pubblicazioni, matrimoni, morti, cittadinanze 1800-1893 Nati 1894
Santa Maria a Vico	MC5R-Q23	371	3:1:3QS7-997N-Z3C4	Morti, cittadinanze 1879 Nati, pubblicazioni, matrimoni, morti, cittadinanze 1800-1893 Nati 1894
Santa Maria a Vico	MC5R-Q23	372	3:1:3QSQ-G97N-Z3CD	Morti, cittadinanze 1879 Nati, pubblicazioni, matrimoni, morti, cittadinanze 1800-1893 Nati 1894
Santa Maria a Vico	MC5R-Q23	373	3:1:3QS7-997N-Z3HZ	Morti, cittadinanze 1879 Nati, pubblicazioni, matrimoni, morti, cittadinanze 1800-1893 Nati 1894
Santa Maria a Vico	MC5R-Q23	374	3:1:3QSQ-G97N-Z3WT	Morti, cittadinanze 1879 Nati, pubblicazioni, matrimoni, morti, cittadinanze 1800-1893 Nati 1894
Santa Maria a Vico	MC5R-Q23	375	3:1:3QS7-L97N-ZS2N	Morti, cittadinanze 1879 Nati, pubblicazioni, matrimoni, morti, cittadinanze 1800-1893 Nati 1894
Santa Maria a Vico	MC5R-Q23	376	3:1:3QS7-997N-Z34R	Morti, cittadinanze 1879 Nati, pubblicazioni, matrimoni, morti, cittadinanze 1800-1893 Nati 1894
Santa Maria a Vico	MC5R-Q23	377	3:1:3QS7-897N-Z3WB	Morti, cittadinanze 1879 Nati, pubblicazioni, matrimoni, morti, cittadinanze 1800-1893 Nati 1894
Santa Maria a Vico	MC5R-Q23	378	3:1:3QS7-897N-Z3Z4	Morti, cittadinanze 1879 Nati, pubblicazioni, matrimoni, morti, cittadinanze 1800-1893 Nati 1894
Santa Maria a Vico	MC5R-Q23	379	3:1:3QS7-897N-Z3C6	Morti, cittadinanze 1879 Nati, pubblicazioni, matrimoni, morti, cittadinanze 1800-1893 Nati 1894
Santa Maria a Vico	MC5R-Q23	380	3:1:3QS7-897N-Z34N	Morti, cittadinanze 1879 Nati, pubblicazioni, matrimoni, morti, cittadinanze 1800-1893 Nati 1894
Santa Maria a Vico	MC5R-Q23	381	3:1:3QSQ-G97N-Z331	Morti, cittadinanze 1879 Nati, pubblicazioni, matrimoni, morti, cittadinanze 1800-1893 Nati 1894
Santa Maria a Vico	MC5R-Q23	382	3:1:3QS7-897N-Z3HP	Morti, cittadinanze 1879 Nati, pubblicazioni, matrimoni, morti, cittadinanze 1800-1893 Nati 1894
Santa Maria a Vico	MC5R-Q23	383	3:1:3QSQ-G97N-Z3SG	Morti, cittadinanze 1879 Nati, pubblicazioni, matrimoni, morti, cittadinanze 1800-1893 Nati 1894
Santa Maria a Vico	MC5R-Q23	384	3:1:3QSQ-G97N-Z3HT	Morti, cittadinanze 1879 Nati, pubblicazioni, matrimoni, morti, cittadinanze 1800-1893 Nati 1894
Santa Maria a Vico	MC5R-Q23	385	3:1:3QS7-L97N-ZSN8	Morti, cittadinanze 1879 Nati, pubblicazioni, matrimoni, morti, cittadinanze 1800-1893 Nati 1894
Santa Maria a Vico	MC5R-Q23	386	3:1:3QS7-L97N-ZSV2	Morti, cittadinanze 1879 Nati, pubblicazioni, matrimoni, morti, cittadinanze 1800-1893 Nati 1894
Santa Maria a Vico	MC5R-Q23	387	3:1:3QSQ-G97N-Z349	Morti, cittadinanze 1879 Nati, pubblicazioni, matrimoni, morti, cittadinanze 1800-1893 Nati 1894
Santa Maria a Vico	MC5R-Q23	388	3:1:3QS7-897N-Z37M	Morti, cittadinanze 1879 Nati, pubblicazioni, matrimoni, morti, cittadinanze 1800-1893 Nati 1894
Santa Maria a Vico	MC5R-Q23	389	3:1:3QS7-997N-Z3S2	Morti, cittadinanze 1879 Nati, pubblicazioni, matrimoni, morti, cittadinanze 1800-1893 Nati 1894
Santa Maria a Vico	MC5R-Q23	390	3:1:3QS7-997N-Z3QK	Morti, cittadinanze 1879 Nati, pubblicazioni, matrimoni, morti, cittadinanze 1800-1893 Nati 1894
Santa Maria a Vico	MC5R-Q23	391	3:1:3QS7-L97N-ZSJR	Morti, cittadinanze 1879 Nati, pubblicazioni, matrimoni, morti, cittadinanze 1800-1893 Nati 1894
Santa Maria a Vico	MC5R-Q23	392	3:1:3QSQ-G97N-Z3W9	Morti, cittadinanze 1879 Nati, pubblicazioni, matrimoni, morti, cittadinanze 1800-1893 Nati 1894
Santa Maria a Vico	MC5R-Q23	393	3:1:3QS7-897N-Z3Q4	Morti, cittadinanze 1879 Nati, pubblicazioni, matrimoni, morti, cittadinanze 1800-1893 Nati 1894
Santa Maria a Vico	MC5R-Q23	394	3:1:3QSQ-G97N-Z39F	Morti, cittadinanze 1879 Nati, pubblicazioni, matrimoni, morti, cittadinanze 1800-1893 Nati 1894
Santa Maria a Vico	MC5R-Q23	395	3:1:3QS7-L97N-ZSXN	Morti, cittadinanze 1879 Nati, pubblicazioni, matrimoni, morti, cittadinanze 1800-1893 Nati 1894
Santa Maria a Vico	MC5R-Q23	396	3:1:3QS7-L97N-ZSJL	Morti, cittadinanze 1879 Nati, pubblicazioni, matrimoni, morti, cittadinanze 1800-1893 Nati 1894
Santa Maria a Vico	MC5R-Q23	397	3:1:3QS7-L97N-ZSKL	Morti, cittadinanze 1879 Nati, pubblicazioni, matrimoni, morti, cittadinanze 1800-1893 Nati 1894
Santa Maria a Vico	MC5R-Q23	398	3:1:3QS7-L97N-ZSN7	Morti, cittadinanze 1879 Nati, pubblicazioni, matrimoni, morti, cittadinanze 1800-1893 Nati 1894
Santa Maria a Vico	MC5R-Q23	399	3:1:3QSQ-G97N-Z33B	Morti, cittadinanze 1879 Nati, pubblicazioni, matrimoni, morti, cittadinanze 1800-1893 Nati 1894
Santa Maria a Vico	MC5R-Q23	400	3:1:3QS7-897N-Z347	Morti, cittadinanze 1879 Nati, pubblicazioni, matrimoni, morti, cittadinanze 1800-1893 Nati 1894
Santa Maria a Vico	MC5R-Q23	401	3:1:3QS7-897N-Z33N	Morti, cittadinanze 1879 Nati, pubblicazioni, matrimoni, morti, cittadinanze 1800-1893 Nati 1894
Santa Maria a Vico	MC5R-Q23	402	3:1:3QS7-997N-Z3SF	Morti, cittadinanze 1879 Nati, pubblicazioni, matrimoni, morti, cittadinanze 1800-1893 Nati 1894
Santa Maria a Vico	MC5R-Q23	403	3:1:3QS7-897N-Z339	Morti, cittadinanze 1879 Nati, pubblicazioni, matrimoni, morti, cittadinanze 1800-1893 Nati 1894
Santa Maria a Vico	MC5R-Q23	404	3:1:3QSQ-G97N-Z3MZ	Morti, cittadinanze 1879 Nati, pubblicazioni, matrimoni, morti, cittadinanze 1800-1893 Nati 1894
Santa Maria a Vico	MC5R-Q23	405	3:1:3QSQ-G97N-ZS12	Morti, cittadinanze 1879 Nati, pubblicazioni, matrimoni, morti, cittadinanze 1800-1893 Nati 1894
Santa Maria a Vico	MC5R-Q23	406	3:1:3QS7-897N-Z37C	Morti, cittadinanze 1879 Nati, pubblicazioni, matrimoni, morti, cittadinanze 1800-1893 Nati 1894
Santa Maria a Vico	MC5R-Q23	407	3:1:3QSQ-G97N-Z33G	Morti, cittadinanze 1879 Nati, pubblicazioni, matrimoni, morti, cittadinanze 1800-1893 Nati 1894
Santa Maria a Vico	MC5R-Q23	408	3:1:3QS7-997N-Z34M	Morti, cittadinanze 1879 Nati, pubblicazioni, matrimoni, morti, cittadinanze 1800-1893 Nati 1894
Santa Maria a Vico	MC5R-Q23	409	3:1:3QS7-L97N-ZSXP	Morti, cittadinanze 1879 Nati, pubblicazioni, matrimoni, morti, cittadinanze 1800-1893 Nati 1894
Santa Maria a Vico	MC5R-Q23	410	3:1:3QS7-897N-Z34S	Morti, cittadinanze 1879 Nati, pubblicazioni, matrimoni, morti, cittadinanze 1800-1893 Nati 1894
Santa Maria a Vico	MC5R-Q23	411	3:1:3QSQ-G97N-ZSB2	Morti, cittadinanze 1879 Nati, pubblicazioni, matrimoni, morti, cittadinanze 1800-1893 Nati 1894
Santa Maria a Vico	MC5R-Q23	412	3:1:3QS7-997N-Z3QS	Morti, cittadinanze 1879 Nati, pubblicazioni, matrimoni, morti, cittadinanze 1800-1893 Nati 1894
Santa Maria a Vico	MC5R-Q23	413	3:1:3QS7-897N-Z335	Morti, cittadinanze 1879 Nati, pubblicazioni, matrimoni, morti, cittadinanze 1800-1893 Nati 1894
Santa Maria a Vico	MC5R-Q23	414	3:1:3QS7-897N-Z3W3	Morti, cittadinanze 1879 Nati, pubblicazioni, matrimoni, morti, cittadinanze 1800-1893 Nati 1894
Santa Maria a Vico	MC5R-Q23	415	3:1:3QS7-897N-Z3SB	Morti, cittadinanze 1879 Nati, pubblicazioni, matrimoni, morti, cittadinanze 1800-1893 Nati 1894
Santa Maria a Vico	MC5R-Q23	416	3:1:3QS7-897N-Z3QT	Morti, cittadinanze 1879 Nati, pubblicazioni, matrimoni, morti, cittadinanze 1800-1893 Nati 1894
Santa Maria a Vico	MC5R-Q23	417	3:1:3QS7-997N-ZS1D	Morti, cittadinanze 1879 Nati, pubblicazioni, matrimoni, morti, cittadinanze 1800-1893 Nati 1894
Santa Maria a Vico	MC5R-Q23	418	3:1:3QS7-997N-Z3SQ	Morti, cittadinanze 1879 Nati, pubblicazioni, matrimoni, morti, cittadinanze 1800-1893 Nati 1894
Santa Maria a Vico	MC5R-Q23	419	3:1:3QS7-L97N-ZSJG	Morti, cittadinanze 1879 Nati, pubblicazioni, matrimoni, morti, cittadinanze 1800-1893 Nati 1894
Santa Maria a Vico	MC5R-Q23	420	3:1:3QS7-L97N-ZSFP	Morti, cittadinanze 1879 Nati, pubblicazioni, matrimoni, morti, cittadinanze 1800-1893 Nati 1894
Santa Maria a Vico	MC5R-Q23	421	3:1:3QS7-997N-Z37M	Morti, cittadinanze 1879 Nati, pubblicazioni, matrimoni, morti, cittadinanze 1800-1893 Nati 1894
Santa Maria a Vico	MC5R-Q23	422	3:1:3QS7-997N-ZS1T	Morti, cittadinanze 1879 Nati, pubblicazioni, matrimoni, morti, cittadinanze 1800-1893 Nati 1894
Santa Maria a Vico	MC5R-Q23	423	3:1:3QS7-897N-Z34V	Morti, cittadinanze 1879 Nati, pubblicazioni, matrimoni, morti, cittadinanze 1800-1893 Nati 1894
Santa Maria a Vico	MC5R-Q23	424	3:1:3QS7-897N-Z3Q2	Morti, cittadinanze 1879 Nati, pubblicazioni, matrimoni, morti, cittadinanze 1800-1893 Nati 1894
Santa Maria a Vico	MC5R-Q23	425	3:1:3QS7-L97N-ZSNQ	Morti, cittadinanze 1879 Nati, pubblicazioni, matrimoni, morti, cittadinanze 1800-1893 Nati 1894
Santa Maria a Vico	MC5R-Q23	426	3:1:3QS7-L97N-ZSN9	Morti, cittadinanze 1879 Nati, pubblicazioni, matrimoni, morti, cittadinanze 1800-1893 Nati 1894
Santa Maria a Vico	MC5R-Q23	427	3:1:3QS7-997N-Z3M3	Morti, cittadinanze 1879 Nati, pubblicazioni, matrimoni, morti, cittadinanze 1800-1893 Nati 1894
Santa Maria a Vico	MC5R-Q23	428	3:1:3QS7-L97N-ZSJV	Morti, cittadinanze 1879 Nati, pubblicazioni, matrimoni, morti, cittadinanze 1800-1893 Nati 1894
Santa Maria a Vico	MC5R-Q23	429	3:1:3QS7-L97N-ZSX3	Morti, cittadinanze 1879 Nati, pubblicazioni, matrimoni, morti, cittadinanze 1800-1893 Nati 1894
Santa Maria a Vico	MC5R-Q23	430	3:1:3QS7-897N-Z336	Morti, cittadinanze 1879 Nati, pubblicazioni, matrimoni, morti, cittadinanze 1800-1893 Nati 1894
Santa Maria a Vico	MC5R-Q23	431	3:1:3QSQ-G97N-Z3SC	Morti, cittadinanze 1879 Nati, pubblicazioni, matrimoni, morti, cittadinanze 1800-1893 Nati 1894
Santa Maria a Vico	MC5R-Q23	432	3:1:3QS7-897N-Z37G	Morti, cittadinanze 1879 Nati, pubblicazioni, matrimoni, morti, cittadinanze 1800-1893 Nati 1894
Santa Maria a Vico	MC5R-Q23	433	3:1:3QS7-L97N-ZS6D	Morti, cittadinanze 1879 Nati, pubblicazioni, matrimoni, morti, cittadinanze 1800-1893 Nati 1894
Santa Maria a Vico	MC5R-Q23	434	3:1:3QS7-997N-Z3M6	Morti, cittadinanze 1879 Nati, pubblicazioni, matrimoni, morti, cittadinanze 1800-1893 Nati 1894
Santa Maria a Vico	MC5R-Q23	435	3:1:3QS7-997N-Z33G	Morti, cittadinanze 1879 Nati, pubblicazioni, matrimoni, morti, cittadinanze 1800-1893 Nati 1894
Santa Maria a Vico	MC5R-Q23	436	3:1:3QS7-997N-Z39L	Morti, cittadinanze 1879 Nati, pubblicazioni, matrimoni, morti, cittadinanze 1800-1893 Nati 1894
Santa Maria a Vico	MC5R-Q23	437	3:1:3QS7-997N-ZS1M	Morti, cittadinanze 1879 Nati, pubblicazioni, matrimoni, morti, cittadinanze 1800-1893 Nati 1894
Santa Maria a Vico	MC5R-Q23	438	3:1:3QS7-L97N-ZSF2	Morti, cittadinanze 1879 Nati, pubblicazioni, matrimoni, morti, cittadinanze 1800-1893 Nati 1894
Santa Maria a Vico	MC5R-Q23	439	3:1:3QS7-L97N-ZSD5	Morti, cittadinanze 1879 Nati, pubblicazioni, matrimoni, morti, cittadinanze 1800-1893 Nati 1894
Santa Maria a Vico	MC5R-Q23	440	3:1:3QS7-897N-Z3M2	Morti, cittadinanze 1879 Nati, pubblicazioni, matrimoni, morti, cittadinanze 1800-1893 Nati 1894
Santa Maria a Vico	MC5R-Q23	441	3:1:3QS7-897N-ZSYY	Morti, cittadinanze 1879 Nati, pubblicazioni, matrimoni, morti, cittadinanze 1800-1893 Nati 1894
Santa Maria a Vico	MC5R-Q23	442	3:1:3QSQ-G97N-ZSYJ	Morti, cittadinanze 1879 Nati, pubblicazioni, matrimoni, morti, cittadinanze 1800-1893 Nati 1894
Santa Maria a Vico	MC5R-Q23	443	3:1:3QSQ-G97N-ZSB1	Morti, cittadinanze 1879 Nati, pubblicazioni, matrimoni, morti, cittadinanze 1800-1893 Nati 1894
Santa Maria a Vico	MC5R-Q23	444	3:1:3QS7-997N-Z39Y	Morti, cittadinanze 1879 Nati, pubblicazioni, matrimoni, morti, cittadinanze 1800-1893 Nati 1894
Santa Maria a Vico	MC5R-Q23	445	3:1:3QS7-897N-Z3SV	Morti, cittadinanze 1879 Nati, pubblicazioni, matrimoni, morti, cittadinanze 1800-1893 Nati 1894
Santa Maria a Vico	MC5R-Q23	446	3:1:3QSQ-G97N-ZSYG	Morti, cittadinanze 1879 Nati, pubblicazioni, matrimoni, morti, cittadinanze 1800-1893 Nati 1894
Santa Maria a Vico	MC5R-Q23	447	3:1:3QSQ-G97N-ZSR4	Morti, cittadinanze 1879 Nati, pubblicazioni, matrimoni, morti, cittadinanze 1800-1893 Nati 1894
Santa Maria a Vico	MC5R-Q23	448	3:1:3QS7-L97N-ZS6Z	Morti, cittadinanze 1879 Nati, pubblicazioni, matrimoni, morti, cittadinanze 1800-1893 Nati 1894
Santa Maria a Vico	MC5R-Q23	449	3:1:3QS7-L97N-ZS8V	Morti, cittadinanze 1879 Nati, pubblicazioni, matrimoni, morti, cittadinanze 1800-1893 Nati 1894
Santa Maria a Vico	MC5R-Q23	450	3:1:3QS7-997N-ZS1J	Morti, cittadinanze 1879 Nati, pubblicazioni, matrimoni, morti, cittadinanze 1800-1893 Nati 1894
Santa Maria a Vico	MC5R-Q23	451	3:1:3QS7-L97N-ZSXT	Morti, cittadinanze 1879 Nati, pubblicazioni, matrimoni, morti, cittadinanze 1800-1893 Nati 1894
Santa Maria a Vico	MC5R-Q23	452	3:1:3QSQ-G97N-ZS1J	Morti, cittadinanze 1879 Nati, pubblicazioni, matrimoni, morti, cittadinanze 1800-1893 Nati 1894
Santa Maria a Vico	MC5R-Q23	453	3:1:3QSQ-G97N-ZSBR	Morti, cittadinanze 1879 Nati, pubblicazioni, matrimoni, morti, cittadinanze 1800-1893 Nati 1894
Santa Maria a Vico	MC5R-Q23	454	3:1:3QS7-897N-ZSY1	Morti, cittadinanze 1879 Nati, pubblicazioni, matrimoni, morti, cittadinanze 1800-1893 Nati 1894
Santa Maria a Vico	MC5R-Q23	455	3:1:3QSQ-G97N-ZSBQ	Morti, cittadinanze 1879 Nati, pubblicazioni, matrimoni, morti, cittadinanze 1800-1893 Nati 1894
Santa Maria a Vico	MC5R-Q23	456	3:1:3QS7-L97N-ZS8F	Morti, cittadinanze 1879 Nati, pubblicazioni, matrimoni, morti, cittadinanze 1800-1893 Nati 1894
Santa Maria a Vico	MC5R-Q23	457	3:1:3QS7-L97N-ZS8C	Morti, cittadinanze 1879 Nati, pubblicazioni, matrimoni, morti, cittadinanze 1800-1893 Nati 1894
Santa Maria a Vico	MC5R-Q23	458	3:1:3QS7-L97N-ZSD4	Morti, cittadinanze 1879 Nati, pubblicazioni, matrimoni, morti, cittadinanze 1800-1893 Nati 1894
Santa Maria a Vico	MC5R-Q23	459	3:1:3QSQ-G97N-ZS5T	Morti, cittadinanze 1879 Nati, pubblicazioni, matrimoni, morti, cittadinanze 1800-1893 Nati 1894
Santa Maria a Vico	MC5R-Q23	460	3:1:3QSQ-G97N-ZSTM	Morti, cittadinanze 1879 Nati, pubblicazioni, matrimoni, morti, cittadinanze 1800-1893 Nati 1894
Santa Maria a Vico	MC5R-Q23	461	3:1:3QS7-897N-Z39V	Morti, cittadinanze 1879 Nati, pubblicazioni, matrimoni, morti, cittadinanze 1800-1893 Nati 1894
Santa Maria a Vico	MC5R-Q23	462	3:1:3QS7-997N-Z39C	Morti, cittadinanze 1879 Nati, pubblicazioni, matrimoni, morti, cittadinanze 1800-1893 Nati 1894
Santa Maria a Vico	MC5R-Q23	463	3:1:3QSQ-G97N-ZSYC	Morti, cittadinanze 1879 Nati, pubblicazioni, matrimoni, morti, cittadinanze 1800-1893 Nati 1894
Santa Maria a Vico	MC5R-Q23	464	3:1:3QSQ-G97N-ZS19	Morti, cittadinanze 1879 Nati, pubblicazioni, matrimoni, morti, cittadinanze 1800-1893 Nati 1894
Santa Maria a Vico	MC5R-Q23	465	3:1:3QS7-L97N-ZSH9	Morti, cittadinanze 1879 Nati, pubblicazioni, matrimoni, morti, cittadinanze 1800-1893 Nati 1894
Santa Maria a Vico	MC5R-Q23	466	3:1:3QS7-897N-Z399	Morti, cittadinanze 1879 Nati, pubblicazioni, matrimoni, morti, cittadinanze 1800-1893 Nati 1894
Santa Maria a Vico	MC5R-Q23	467	3:1:3QSQ-G97N-ZS5N	Morti, cittadinanze 1879 Nati, pubblicazioni, matrimoni, morti, cittadinanze 1800-1893 Nati 1894
Santa Maria a Vico	MC5R-Q23	468	3:1:3QS7-L97N-ZSHY	Morti, cittadinanze 1879 Nati, pubblicazioni, matrimoni, morti, cittadinanze 1800-1893 Nati 1894
Santa Maria a Vico	MC5R-Q23	469	3:1:3QS7-L97N-ZSD9	Morti, cittadinanze 1879 Nati, pubblicazioni, matrimoni, morti, cittadinanze 1800-1893 Nati 1894
Santa Maria a Vico	MC5R-Q23	470	3:1:3QS7-897N-Z3MH	Morti, cittadinanze 1879 Nati, pubblicazioni, matrimoni, morti, cittadinanze 1800-1893 Nati 1894
Santa Maria a Vico	MC5R-Q23	471	3:1:3QS7-L97N-ZSC8	Morti, cittadinanze 1879 Nati, pubblicazioni, matrimoni, morti, cittadinanze 1800-1893 Nati 1894
Santa Maria a Vico	MC5R-Q23	472	3:1:3QS7-L97N-ZSHQ	Morti, cittadinanze 1879 Nati, pubblicazioni, matrimoni, morti, cittadinanze 1800-1893 Nati 1894
Santa Maria a Vico	MC5R-Q23	473	3:1:3QS7-L97N-ZSQG	Morti, cittadinanze 1879 Nati, pubblicazioni, matrimoni, morti, cittadinanze 1800-1893 Nati 1894
Santa Maria a Vico	MC5R-Q23	474	3:1:3QS7-897N-Z3M4	Morti, cittadinanze 1879 Nati, pubblicazioni, matrimoni, morti, cittadinanze 1800-1893 Nati 1894
Santa Maria a Vico	MC5R-Q23	475	3:1:3QS7-897N-Z3MM	Morti, cittadinanze 1879 Nati, pubblicazioni, matrimoni, morti, cittadinanze 1800-1893 Nati 1894
Santa Maria a Vico	MC5R-Q23	476	3:1:3QS7-897N-ZSB5	Morti, cittadinanze 1879 Nati, pubblicazioni, matrimoni, morti, cittadinanze 1800-1893 Nati 1894
Santa Maria a Vico	MC5R-Q23	477	3:1:3QS7-897N-ZSYL	Morti, cittadinanze 1879 Nati, pubblicazioni, matrimoni, morti, cittadinanze 1800-1893 Nati 1894
Santa Maria a Vico	MC5R-Q23	478	3:1:3QS7-897N-ZSBG	Morti, cittadinanze 1879 Nati, pubblicazioni, matrimoni, morti, cittadinanze 1800-1893 Nati 1894
Santa Maria a Vico	MC5R-Q23	479	3:1:3QS7-897N-ZSBS	Morti, cittadinanze 1879 Nati, pubblicazioni, matrimoni, morti, cittadinanze 1800-1893 Nati 1894
Santa Maria a Vico	MC5R-Q23	480	3:1:3QS7-997N-ZSRQ	Morti, cittadinanze 1879 Nati, pubblicazioni, matrimoni, morti, cittadinanze 1800-1893 Nati 1894
Santa Maria a Vico	MC5R-Q23	481	3:1:3QSQ-G97N-ZSPS	Morti, cittadinanze 1879 Nati, pubblicazioni, matrimoni, morti, cittadinanze 1800-1893 Nati 1894
Santa Maria a Vico	MC5R-Q23	482	3:1:3QS7-997N-ZSYJ	Morti, cittadinanze 1879 Nati, pubblicazioni, matrimoni, morti, cittadinanze 1800-1893 Nati 1894
Santa Maria a Vico	MC5R-Q23	483	3:1:3QS7-997N-ZSY7	Morti, cittadinanze 1879 Nati, pubblicazioni, matrimoni, morti, cittadinanze 1800-1893 Nati 1894
Santa Maria a Vico	MC5R-Q23	484	3:1:3QSQ-G97N-ZSRD	Morti, cittadinanze 1879 Nati, pubblicazioni, matrimoni, morti, cittadinanze 1800-1893 Nati 1894
Santa Maria a Vico	MC5R-Q23	485	3:1:3QS7-997N-ZS5D	Morti, cittadinanze 1879 Nati, pubblicazioni, matrimoni, morti, cittadinanze 1800-1893 Nati 1894
Santa Maria a Vico	MC5R-Q23	486	3:1:3QSQ-G97N-ZSR7	Morti, cittadinanze 1879 Nati, pubblicazioni, matrimoni, morti, cittadinanze 1800-1893 Nati 1894
Santa Maria a Vico	MC5R-Q23	487	3:1:3QS7-997N-ZSTJ	Morti, cittadinanze 1879 Nati, pubblicazioni, matrimoni, morti, cittadinanze 1800-1893 Nati 1894
Santa Maria a Vico	MC5R-Q23	488	3:1:3QS7-L97N-ZSHT	Morti, cittadinanze 1879 Nati, pubblicazioni, matrimoni, morti, cittadinanze 1800-1893 Nati 1894
Santa Maria a Vico	MC5R-Q23	489	3:1:3QS7-997N-ZSTH	Morti, cittadinanze 1879 Nati, pubblicazioni, matrimoni, morti, cittadinanze 1800-1893 Nati 1894
Santa Maria a Vico	MC5R-Q23	490	3:1:3QS7-997N-ZSRW	Morti, cittadinanze 1879 Nati, pubblicazioni, matrimoni, morti, cittadinanze 1800-1893 Nati 1894
Santa Maria a Vico	MC5R-Q23	491	3:1:3QS7-L97N-ZSHZ	Morti, cittadinanze 1879 Nati, pubblicazioni, matrimoni, morti, cittadinanze 1800-1893 Nati 1894
Santa Maria a Vico	MC5R-Q23	492	3:1:3QS7-L97N-ZSZ8	Morti, cittadinanze 1879 Nati, pubblicazioni, matrimoni, morti, cittadinanze 1800-1893 Nati 1894
Santa Maria a Vico	MC5R-Q23	493	3:1:3QS7-897N-ZS5G	Morti, cittadinanze 1879 Nati, pubblicazioni, matrimoni, morti, cittadinanze 1800-1893 Nati 1894
Santa Maria a Vico	MC5R-Q23	494	3:1:3QS7-897N-ZST2	Morti, cittadinanze 1879 Nati, pubblicazioni, matrimoni, morti, cittadinanze 1800-1893 Nati 1894
Santa Maria a Vico	MC5R-Q23	495	3:1:3QS7-L97N-ZSCG	Morti, cittadinanze 1879 Nati, pubblicazioni, matrimoni, morti, cittadinanze 1800-1893 Nati 1894
Santa Maria a Vico	MC5R-Q23	496	3:1:3QS7-997N-ZSY4	Morti, cittadinanze 1879 Nati, pubblicazioni, matrimoni, morti, cittadinanze 1800-1893 Nati 1894
Santa Maria a Vico	MC5R-Q23	497	3:1:3QS7-L97N-ZSHV	Morti, cittadinanze 1879 Nati, pubblicazioni, matrimoni, morti, cittadinanze 1800-1893 Nati 1894
Santa Maria a Vico	MC5R-Q23	498	3:1:3QSQ-G97N-ZS22	Morti, cittadinanze 1879 Nati, pubblicazioni, matrimoni, morti, cittadinanze 1800-1893 Nati 1894
Santa Maria a Vico	MC5R-Q23	499	3:1:3QS7-897N-ZSYS	Morti, cittadinanze 1879 Nati, pubblicazioni, matrimoni, morti, cittadinanze 1800-1893 Nati 1894
Santa Maria a Vico	MC5R-Q23	500	3:1:3QS7-L97N-ZSS5	Morti, cittadinanze 1879 Nati, pubblicazioni, matrimoni, morti, cittadinanze 1800-1893 Nati 1894
Santa Maria a Vico	MC5R-Q23	501	3:1:3QS7-L97N-ZS7H	Morti, cittadinanze 1879 Nati, pubblicazioni, matrimoni, morti, cittadinanze 1800-1893 Nati 1894
Santa Maria a Vico	MC5R-Q23	502	3:1:3QS7-L97N-ZS3S	Morti, cittadinanze 1879 Nati, pubblicazioni, matrimoni, morti, cittadinanze 1800-1893 Nati 1894
Santa Maria a Vico	MC5R-Q23	503	3:1:3QS7-897N-ZSRP	Morti, cittadinanze 1879 Nati, pubblicazioni, matrimoni, morti, cittadinanze 1800-1893 Nati 1894
Santa Maria a Vico	MC5R-Q23	504	3:1:3QS7-L97N-ZSQQ	Morti, cittadinanze 1879 Nati, pubblicazioni, matrimoni, morti, cittadinanze 1800-1893 Nati 1894
Santa Maria a Vico	MC5R-Q23	505	3:1:3QSQ-G97N-ZSLF	Morti, cittadinanze 1879 Nati, pubblicazioni, matrimoni, morti, cittadinanze 1800-1893 Nati 1894
Santa Maria a Vico	MC5R-Q23	506	3:1:3QS7-L97N-ZS7T	Morti, cittadinanze 1879 Nati, pubblicazioni, matrimoni, morti, cittadinanze 1800-1893 Nati 1894
Santa Maria a Vico	MC5R-Q23	507	3:1:3QSQ-G97N-ZSGR	Morti, cittadinanze 1879 Nati, pubblicazioni, matrimoni, morti, cittadinanze 1800-1893 Nati 1894
Santa Maria a Vico	MC5R-Q23	508	3:1:3QS7-L97N-ZS9P	Morti, cittadinanze 1879 Nati, pubblicazioni, matrimoni, morti, cittadinanze 1800-1893 Nati 1894
Santa Maria a Vico	MC5R-Q23	509	3:1:3QS7-897N-ZS27	Morti, cittadinanze 1879 Nati, pubblicazioni, matrimoni, morti, cittadinanze 1800-1893 Nati 1894
Santa Maria a Vico	MC5R-Q23	510	3:1:3QS7-897N-ZS5Z	Morti, cittadinanze 1879 Nati, pubblicazioni, matrimoni, morti, cittadinanze 1800-1893 Nati 1894
Santa Maria a Vico	MC5R-Q23	511	3:1:3QSQ-G97N-ZSL9	Morti, cittadinanze 1879 Nati, pubblicazioni, matrimoni, morti, cittadinanze 1800-1893 Nati 1894
Santa Maria a Vico	MC5R-Q23	512	3:1:3QS7-897N-ZS5Q	Morti, cittadinanze 1879 Nati, pubblicazioni, matrimoni, morti, cittadinanze 1800-1893 Nati 1894
Santa Maria a Vico	MC5R-Q23	513	3:1:3QS7-897N-ZS5R	Morti, cittadinanze 1879 Nati, pubblicazioni, matrimoni, morti, cittadinanze 1800-1893 Nati 1894
Santa Maria a Vico	MC5R-Q23	514	3:1:3QS7-897N-ZSY2	Morti, cittadinanze 1879 Nati, pubblicazioni, matrimoni, morti, cittadinanze 1800-1893 Nati 1894
Santa Maria a Vico	MC5R-Q23	515	3:1:3QSQ-G97N-ZS2D	Morti, cittadinanze 1879 Nati, pubblicazioni, matrimoni, morti, cittadinanze 1800-1893 Nati 1894
Santa Maria a Vico	MC5R-Q23	516	3:1:3QSQ-G97N-ZSV8	Morti, cittadinanze 1879 Nati, pubblicazioni, matrimoni, morti, cittadinanze 1800-1893 Nati 1894
Santa Maria a Vico	MC5R-Q23	517	3:1:3QSQ-G97N-ZS2G	Morti, cittadinanze 1879 Nati, pubblicazioni, matrimoni, morti, cittadinanze 1800-1893 Nati 1894
Santa Maria a Vico	MC5R-Q23	518	3:1:3QS7-L97N-ZSQL	Morti, cittadinanze 1879 Nati, pubblicazioni, matrimoni, morti, cittadinanze 1800-1893 Nati 1894
Santa Maria a Vico	MC5R-Q23	519	3:1:3QS7-897N-ZSPQ	Morti, cittadinanze 1879 Nati, pubblicazioni, matrimoni, morti, cittadinanze 1800-1893 Nati 1894
Santa Maria a Vico	MC5R-Q23	520	3:1:3QS7-997N-ZSL3	Morti, cittadinanze 1879 Nati, pubblicazioni, matrimoni, morti, cittadinanze 1800-1893 Nati 1894
Santa Maria a Vico	MC5R-Q23	521	3:1:3QS7-L97N-ZS7M	Morti, cittadinanze 1879 Nati, pubblicazioni, matrimoni, morti, cittadinanze 1800-1893 Nati 1894
Santa Maria a Vico	MC5R-Q23	522	3:1:3QS7-897N-ZSRV	Morti, cittadinanze 1879 Nati, pubblicazioni, matrimoni, morti, cittadinanze 1800-1893 Nati 1894
Santa Maria a Vico	MC5R-Q23	523	3:1:3QS7-997N-ZSL1	Morti, cittadinanze 1879 Nati, pubblicazioni, matrimoni, morti, cittadinanze 1800-1893 Nati 1894
Santa Maria a Vico	MC5R-Q23	524	3:1:3QSQ-G97N-ZSJB	Morti, cittadinanze 1879 Nati, pubblicazioni, matrimoni, morti, cittadinanze 1800-1893 Nati 1894
Santa Maria a Vico	MC5R-Q23	525	3:1:3QS7-897N-ZS5N	Morti, cittadinanze 1879 Nati, pubblicazioni, matrimoni, morti, cittadinanze 1800-1893 Nati 1894
Santa Maria a Vico	MC5R-Q23	526	3:1:3QS7-997N-ZSPQ	Morti, cittadinanze 1879 Nati, pubblicazioni, matrimoni, morti, cittadinanze 1800-1893 Nati 1894
Santa Maria a Vico	MC5R-Q23	527	3:1:3QSQ-G97N-ZSNX	Morti, cittadinanze 1879 Nati, pubblicazioni, matrimoni, morti, cittadinanze 1800-1893 Nati 1894
Santa Maria a Vico	MC5R-Q23	528	3:1:3QS7-897N-ZSLG	Morti, cittadinanze 1879 Nati, pubblicazioni, matrimoni, morti, cittadinanze 1800-1893 Nati 1894
Santa Maria a Vico	MC5R-Q23	529	3:1:3QSQ-G97N-ZSV5	Morti, cittadinanze 1879 Nati, pubblicazioni, matrimoni, morti, cittadinanze 1800-1893 Nati 1894
Santa Maria a Vico	MC5R-Q23	530	3:1:3QS7-L97N-ZSQ3	Morti, cittadinanze 1879 Nati, pubblicazioni, matrimoni, morti, cittadinanze 1800-1893 Nati 1894
Santa Maria a Vico	MC5R-Q23	531	3:1:3QS7-L97N-ZSSK	Morti, cittadinanze 1879 Nati, pubblicazioni, matrimoni, morti, cittadinanze 1800-1893 Nati 1894
Santa Maria a Vico	MC5R-Q23	532	3:1:3QS7-L97N-ZS3W	Morti, cittadinanze 1879 Nati, pubblicazioni, matrimoni, morti, cittadinanze 1800-1893 Nati 1894
Santa Maria a Vico	MC5R-Q23	533	3:1:3QS7-L97N-ZSSF	Morti, cittadinanze 1879 Nati, pubblicazioni, matrimoni, morti, cittadinanze 1800-1893 Nati 1894
Santa Maria a Vico	MC5R-Q23	534	3:1:3QS7-997N-ZSPF	Morti, cittadinanze 1879 Nati, pubblicazioni, matrimoni, morti, cittadinanze 1800-1893 Nati 1894
Santa Maria a Vico	MC5R-Q23	535	3:1:3QSQ-G97N-ZSKS	Morti, cittadinanze 1879 Nati, pubblicazioni, matrimoni, morti, cittadinanze 1800-1893 Nati 1894
Santa Maria a Vico	MC5R-Q23	536	3:1:3QSQ-G97N-ZSVV	Morti, cittadinanze 1879 Nati, pubblicazioni, matrimoni, morti, cittadinanze 1800-1893 Nati 1894
Santa Maria a Vico	MC5R-Q23	537	3:1:3QS7-897N-ZSLB	Morti, cittadinanze 1879 Nati, pubblicazioni, matrimoni, morti, cittadinanze 1800-1893 Nati 1894
Santa Maria a Vico	MC5R-Q23	538	3:1:3QS7-897N-ZS28	Morti, cittadinanze 1879 Nati, pubblicazioni, matrimoni, morti, cittadinanze 1800-1893 Nati 1894
Santa Maria a Vico	MC5R-Q23	539	3:1:3QS7-997N-ZS2H	Morti, cittadinanze 1879 Nati, pubblicazioni, matrimoni, morti, cittadinanze 1800-1893 Nati 1894
Santa Maria a Vico	MC5R-Q23	540	3:1:3QSQ-G97N-ZS26	Morti, cittadinanze 1879 Nati, pubblicazioni, matrimoni, morti, cittadinanze 1800-1893 Nati 1894
Santa Maria a Vico	MC5R-Q23	541	3:1:3QSQ-G97N-ZSV3	Morti, cittadinanze 1879 Nati, pubblicazioni, matrimoni, morti, cittadinanze 1800-1893 Nati 1894
Santa Maria a Vico	MC5R-Q23	542	3:1:3QS7-897N-ZS2M	Morti, cittadinanze 1879 Nati, pubblicazioni, matrimoni, morti, cittadinanze 1800-1893 Nati 1894
Santa Maria a Vico	MC5R-Q23	543	3:1:3QS7-897N-ZSGP	Morti, cittadinanze 1879 Nati, pubblicazioni, matrimoni, morti, cittadinanze 1800-1893 Nati 1894
Santa Maria a Vico	MC5R-Q23	544	3:1:3QS7-997N-ZS21	Morti, cittadinanze 1879 Nati, pubblicazioni, matrimoni, morti, cittadinanze 1800-1893 Nati 1894
Santa Maria a Vico	MC5R-Q23	545	3:1:3QS7-L97N-ZS9Y	Morti, cittadinanze 1879 Nati, pubblicazioni, matrimoni, morti, cittadinanze 1800-1893 Nati 1894
Santa Maria a Vico	MC5R-Q23	546	3:1:3QS7-L97N-ZSQ4	Morti, cittadinanze 1879 Nati, pubblicazioni, matrimoni, morti, cittadinanze 1800-1893 Nati 1894
Santa Maria a Vico	MC5R-Q23	547	3:1:3QS7-L97N-Z911	Morti, cittadinanze 1879 Nati, pubblicazioni, matrimoni, morti, cittadinanze 1800-1893 Nati 1894
Santa Maria a Vico	MC5R-Q23	548	3:1:3QS7-L97N-ZS9L	Morti, cittadinanze 1879 Nati, pubblicazioni, matrimoni, morti, cittadinanze 1800-1893 Nati 1894
Santa Maria a Vico	MC5R-Q23	549	3:1:3QS7-997N-ZSKJ	Morti, cittadinanze 1879 Nati, pubblicazioni, matrimoni, morti, cittadinanze 1800-1893 Nati 1894
Santa Maria a Vico	MC5R-Q23	550	3:1:3QS7-897N-ZSK8	Morti, cittadinanze 1879 Nati, pubblicazioni, matrimoni, morti, cittadinanze 1800-1893 Nati 1894
Santa Maria a Vico	MC5R-Q23	551	3:1:3QS7-997N-ZSKP	Morti, cittadinanze 1879 Nati, pubblicazioni, matrimoni, morti, cittadinanze 1800-1893 Nati 1894
Santa Maria a Vico	MC5R-Q23	552	3:1:3QS7-L97N-Z9YB	Morti, cittadinanze 1879 Nati, pubblicazioni, matrimoni, morti, cittadinanze 1800-1893 Nati 1894
Santa Maria a Vico	MC5R-Q23	553	3:1:3QS7-L97N-Z9BY	Morti, cittadinanze 1879 Nati, pubblicazioni, matrimoni, morti, cittadinanze 1800-1893 Nati 1894
Santa Maria a Vico	MC5R-Q23	554	3:1:3QS7-L97N-ZSM7	Morti, cittadinanze 1879 Nati, pubblicazioni, matrimoni, morti, cittadinanze 1800-1893 Nati 1894
Santa Maria a Vico	MC5R-Q23	555	3:1:3QS7-L97N-Z9BT	Morti, cittadinanze 1879 Nati, pubblicazioni, matrimoni, morti, cittadinanze 1800-1893 Nati 1894
Santa Maria a Vico	MC5R-Q23	556	3:1:3QS7-997N-ZSJD	Morti, cittadinanze 1879 Nati, pubblicazioni, matrimoni, morti, cittadinanze 1800-1893 Nati 1894
Santa Maria a Vico	MC5R-Q23	557	3:1:3QS7-897N-ZSLV	Morti, cittadinanze 1879 Nati, pubblicazioni, matrimoni, morti, cittadinanze 1800-1893 Nati 1894
Santa Maria a Vico	MC5R-Q23	558	3:1:3QSQ-G97N-ZSF5	Morti, cittadinanze 1879 Nati, pubblicazioni, matrimoni, morti, cittadinanze 1800-1893 Nati 1894
Santa Maria a Vico	MC5R-Q23	559	3:1:3QS7-997N-ZSF1	Morti, cittadinanze 1879 Nati, pubblicazioni, matrimoni, morti, cittadinanze 1800-1893 Nati 1894
Santa Maria a Vico	MC5R-Q23	560	3:1:3QSQ-G97N-ZSJJ	Morti, cittadinanze 1879 Nati, pubblicazioni, matrimoni, morti, cittadinanze 1800-1893 Nati 1894
Santa Maria a Vico	MC5R-Q23	561	3:1:3QS7-L97N-Z9YY	Morti, cittadinanze 1879 Nati, pubblicazioni, matrimoni, morti, cittadinanze 1800-1893 Nati 1894
Santa Maria a Vico	MC5R-Q23	562	3:1:3QS7-L97N-Z9Y5	Morti, cittadinanze 1879 Nati, pubblicazioni, matrimoni, morti, cittadinanze 1800-1893 Nati 1894
Santa Maria a Vico	MC5R-Q23	563	3:1:3QS7-997N-ZS2J	Morti, cittadinanze 1879 Nati, pubblicazioni, matrimoni, morti, cittadinanze 1800-1893 Nati 1894
Santa Maria a Vico	MC5R-Q23	564	3:1:3QSQ-G97N-ZSNT	Morti, cittadinanze 1879 Nati, pubblicazioni, matrimoni, morti, cittadinanze 1800-1893 Nati 1894
Santa Maria a Vico	MC5R-Q23	565	3:1:3QS7-897N-ZSV4	Morti, cittadinanze 1879 Nati, pubblicazioni, matrimoni, morti, cittadinanze 1800-1893 Nati 1894
Santa Maria a Vico	MC5R-Q23	566	3:1:3QSQ-G97N-ZS61	Morti, cittadinanze 1879 Nati, pubblicazioni, matrimoni, morti, cittadinanze 1800-1893 Nati 1894
Santa Maria a Vico	MC5R-Q23	567	3:1:3QS7-L97N-ZSSQ	Morti, cittadinanze 1879 Nati, pubblicazioni, matrimoni, morti, cittadinanze 1800-1893 Nati 1894
Santa Maria a Vico	MC5R-Q23	568	3:1:3QS7-L97N-ZSSR	Morti, cittadinanze 1879 Nati, pubblicazioni, matrimoni, morti, cittadinanze 1800-1893 Nati 1894
Santa Maria a Vico	MC5R-Q23	569	3:1:3QS7-L97N-ZSMG	Morti, cittadinanze 1879 Nati, pubblicazioni, matrimoni, morti, cittadinanze 1800-1893 Nati 1894
Santa Maria a Vico	MC5R-Q23	570	3:1:3QS7-L97N-ZSML	Morti, cittadinanze 1879 Nati, pubblicazioni, matrimoni, morti, cittadinanze 1800-1893 Nati 1894
Santa Maria a Vico	MC5R-Q23	571	3:1:3QS7-997N-ZSGH	Morti, cittadinanze 1879 Nati, pubblicazioni, matrimoni, morti, cittadinanze 1800-1893 Nati 1894
Santa Maria a Vico	MC5R-Q23	572	3:1:3QSQ-G97N-ZSXZ	Morti, cittadinanze 1879 Nati, pubblicazioni, matrimoni, morti, cittadinanze 1800-1893 Nati 1894
Santa Maria a Vico	MC5R-Q23	573	3:1:3QS7-997N-ZSLT	Morti, cittadinanze 1879 Nati, pubblicazioni, matrimoni, morti, cittadinanze 1800-1893 Nati 1894
Santa Maria a Vico	MC5R-Q23	574	3:1:3QS7-997N-ZSLP	Morti, cittadinanze 1879 Nati, pubblicazioni, matrimoni, morti, cittadinanze 1800-1893 Nati 1894
Santa Maria a Vico	MC5R-Q23	575	3:1:3QS7-L97N-Z9B9	Morti, cittadinanze 1879 Nati, pubblicazioni, matrimoni, morti, cittadinanze 1800-1893 Nati 1894
Santa Maria a Vico	MC5R-Q23	576	3:1:3QS7-997N-ZSL2	Morti, cittadinanze 1879 Nati, pubblicazioni, matrimoni, morti, cittadinanze 1800-1893 Nati 1894
Santa Maria a Vico	MC5R-Q23	577	3:1:3QSQ-G97N-ZSF4	Morti, cittadinanze 1879 Nati, pubblicazioni, matrimoni, morti, cittadinanze 1800-1893 Nati 1894
Santa Maria a Vico	MC5R-Q23	578	3:1:3QS7-997N-ZSVT	Morti, cittadinanze 1879 Nati, pubblicazioni, matrimoni, morti, cittadinanze 1800-1893 Nati 1894
Santa Maria a Vico	MC5R-Q23	579	3:1:3QS7-L97N-ZSMZ	Morti, cittadinanze 1879 Nati, pubblicazioni, matrimoni, morti, cittadinanze 1800-1893 Nati 1894
Santa Maria a Vico	MC5R-Q23	580	3:1:3QS7-L97N-Z9BP	Morti, cittadinanze 1879 Nati, pubblicazioni, matrimoni, morti, cittadinanze 1800-1893 Nati 1894
Santa Maria a Vico	MC5R-Q23	581	3:1:3QS7-897N-ZSVK	Morti, cittadinanze 1879 Nati, pubblicazioni, matrimoni, morti, cittadinanze 1800-1893 Nati 1894
Santa Maria a Vico	MC5R-Q23	582	3:1:3QSQ-G97N-ZSXR	Morti, cittadinanze 1879 Nati, pubblicazioni, matrimoni, morti, cittadinanze 1800-1893 Nati 1894
Santa Maria a Vico	MC5R-Q23	583	3:1:3QS7-997N-ZSKQ	Morti, cittadinanze 1879 Nati, pubblicazioni, matrimoni, morti, cittadinanze 1800-1893 Nati 1894
Santa Maria a Vico	MC5R-Q23	584	3:1:3QS7-897N-ZSVR	Morti, cittadinanze 1879 Nati, pubblicazioni, matrimoni, morti, cittadinanze 1800-1893 Nati 1894
Santa Maria a Vico	MC5R-Q23	585	3:1:3QSQ-G97N-ZSX8	Morti, cittadinanze 1879 Nati, pubblicazioni, matrimoni, morti, cittadinanze 1800-1893 Nati 1894
Santa Maria a Vico	MC5R-Q23	586	3:1:3QS7-L97N-Z9YT	Morti, cittadinanze 1879 Nati, pubblicazioni, matrimoni, morti, cittadinanze 1800-1893 Nati 1894
Santa Maria a Vico	MC5R-Q23	587	3:1:3QSQ-G97N-ZSXK	Morti, cittadinanze 1879 Nati, pubblicazioni, matrimoni, morti, cittadinanze 1800-1893 Nati 1894
Santa Maria a Vico	MC5R-Q23	588	3:1:3QS7-997N-ZSNS	Morti, cittadinanze 1879 Nati, pubblicazioni, matrimoni, morti, cittadinanze 1800-1893 Nati 1894
Santa Maria a Vico	MC5R-Q23	589	3:1:3QSQ-G97N-ZSDZ	Morti, cittadinanze 1879 Nati, pubblicazioni, matrimoni, morti, cittadinanze 1800-1893 Nati 1894
Santa Maria a Vico	MC5R-Q23	590	3:1:3QSQ-G97N-ZS65	Morti, cittadinanze 1879 Nati, pubblicazioni, matrimoni, morti, cittadinanze 1800-1893 Nati 1894
Santa Maria a Vico	MC5R-Q23	591	3:1:3QS7-997N-ZSJR	Morti, cittadinanze 1879 Nati, pubblicazioni, matrimoni, morti, cittadinanze 1800-1893 Nati 1894
Santa Maria a Vico	MC5R-Q23	592	3:1:3QS7-897N-ZSF5	Morti, cittadinanze 1879 Nati, pubblicazioni, matrimoni, morti, cittadinanze 1800-1893 Nati 1894
Santa Maria a Vico	MC5R-Q23	593	3:1:3QS7-897N-ZSKZ	Morti, cittadinanze 1879 Nati, pubblicazioni, matrimoni, morti, cittadinanze 1800-1893 Nati 1894
Santa Maria a Vico	MC5R-Q23	594	3:1:3QS7-997N-ZSNZ	Morti, cittadinanze 1879 Nati, pubblicazioni, matrimoni, morti, cittadinanze 1800-1893 Nati 1894
Santa Maria a Vico	MC5R-Q23	595	3:1:3QSQ-G97N-ZS6N	Morti, cittadinanze 1879 Nati, pubblicazioni, matrimoni, morti, cittadinanze 1800-1893 Nati 1894
Santa Maria a Vico	MC5R-Q23	596	3:1:3QS7-997N-ZSN1	Morti, cittadinanze 1879 Nati, pubblicazioni, matrimoni, morti, cittadinanze 1800-1893 Nati 1894
Santa Maria a Vico	MC5R-Q23	597	3:1:3QS7-897N-ZSJD	Morti, cittadinanze 1879 Nati, pubblicazioni, matrimoni, morti, cittadinanze 1800-1893 Nati 1894
Santa Maria a Vico	MC5R-Q23	598	3:1:3QS7-897N-ZSNX	Morti, cittadinanze 1879 Nati, pubblicazioni, matrimoni, morti, cittadinanze 1800-1893 Nati 1894
Santa Maria a Vico	MC5R-Q23	599	3:1:3QS7-L97N-Z9TP	Morti, cittadinanze 1879 Nati, pubblicazioni, matrimoni, morti, cittadinanze 1800-1893 Nati 1894
Santa Maria a Vico	MC5R-Q23	600	3:1:3QSQ-G97N-ZS67	Morti, cittadinanze 1879 Nati, pubblicazioni, matrimoni, morti, cittadinanze 1800-1893 Nati 1894
Santa Maria a Vico	MC5R-Q23	601	3:1:3QS7-897N-ZSN6	Morti, cittadinanze 1879 Nati, pubblicazioni, matrimoni, morti, cittadinanze 1800-1893 Nati 1894
Santa Maria a Vico	MC5R-Q23	602	3:1:3QS7-L97N-Z9R2	Morti, cittadinanze 1879 Nati, pubblicazioni, matrimoni, morti, cittadinanze 1800-1893 Nati 1894
Santa Maria a Vico	MC5R-Q23	603	3:1:3QS7-897N-ZSVJ	Morti, cittadinanze 1879 Nati, pubblicazioni, matrimoni, morti, cittadinanze 1800-1893 Nati 1894
Santa Maria a Vico	MC5R-Q23	604	3:1:3QS7-L97N-Z9TY	Morti, cittadinanze 1879 Nati, pubblicazioni, matrimoni, morti, cittadinanze 1800-1893 Nati 1894
Santa Maria a Vico	MC5R-Q23	605	3:1:3QS7-L97N-Z954	Morti, cittadinanze 1879 Nati, pubblicazioni, matrimoni, morti, cittadinanze 1800-1893 Nati 1894
Santa Maria a Vico	MC5R-Q23	606	3:1:3QSQ-G97N-ZS8D	Morti, cittadinanze 1879 Nati, pubblicazioni, matrimoni, morti, cittadinanze 1800-1893 Nati 1894
Santa Maria a Vico	MC5R-Q23	607	3:1:3QSQ-G97N-ZS8C	Morti, cittadinanze 1879 Nati, pubblicazioni, matrimoni, morti, cittadinanze 1800-1893 Nati 1894
Santa Maria a Vico	MC5R-Q23	608	3:1:3QS7-997N-ZSFJ	Morti, cittadinanze 1879 Nati, pubblicazioni, matrimoni, morti, cittadinanze 1800-1893 Nati 1894
Santa Maria a Vico	MC5R-Q23	609	3:1:3QS7-897N-ZSVZ	Morti, cittadinanze 1879 Nati, pubblicazioni, matrimoni, morti, cittadinanze 1800-1893 Nati 1894
Santa Maria a Vico	MC5R-Q23	610	3:1:3QS7-L97N-Z9B1	Morti, cittadinanze 1879 Nati, pubblicazioni, matrimoni, morti, cittadinanze 1800-1893 Nati 1894
Santa Maria a Vico	MC5R-Q23	611	3:1:3QSQ-G97N-ZSX4	Morti, cittadinanze 1879 Nati, pubblicazioni, matrimoni, morti, cittadinanze 1800-1893 Nati 1894
Santa Maria a Vico	MC5R-Q23	612	3:1:3QS7-897N-ZS6Y	Morti, cittadinanze 1879 Nati, pubblicazioni, matrimoni, morti, cittadinanze 1800-1893 Nati 1894
Santa Maria a Vico	MC5R-Q23	613	3:1:3QS7-L97N-Z9PP	Morti, cittadinanze 1879 Nati, pubblicazioni, matrimoni, morti, cittadinanze 1800-1893 Nati 1894
Santa Maria a Vico	MC5R-Q23	614	3:1:3QS7-997N-ZSJ1	Morti, cittadinanze 1879 Nati, pubblicazioni, matrimoni, morti, cittadinanze 1800-1893 Nati 1894
Santa Maria a Vico	MC5R-Q23	615	3:1:3QS7-997N-ZSF7	Morti, cittadinanze 1879 Nati, pubblicazioni, matrimoni, morti, cittadinanze 1800-1893 Nati 1894
Santa Maria a Vico	MC5R-Q23	616	3:1:3QS7-997N-ZS6T	Morti, cittadinanze 1879 Nati, pubblicazioni, matrimoni, morti, cittadinanze 1800-1893 Nati 1894
Santa Maria a Vico	MC5R-Q23	617	3:1:3QS7-897N-ZS65	Morti, cittadinanze 1879 Nati, pubblicazioni, matrimoni, morti, cittadinanze 1800-1893 Nati 1894
Santa Maria a Vico	MC5R-Q23	618	3:1:3QS7-L97N-Z9GR	Morti, cittadinanze 1879 Nati, pubblicazioni, matrimoni, morti, cittadinanze 1800-1893 Nati 1894
Santa Maria a Vico	MC5R-Q23	619	3:1:3QS7-L97N-Z95W	Morti, cittadinanze 1879 Nati, pubblicazioni, matrimoni, morti, cittadinanze 1800-1893 Nati 1894
Santa Maria a Vico	MC5R-Q23	620	3:1:3QSQ-G97N-ZSDB	Morti, cittadinanze 1879 Nati, pubblicazioni, matrimoni, morti, cittadinanze 1800-1893 Nati 1894
Santa Maria a Vico	MC5R-Q23	621	3:1:3QSQ-G97N-ZS8X	Morti, cittadinanze 1879 Nati, pubblicazioni, matrimoni, morti, cittadinanze 1800-1893 Nati 1894
Santa Maria a Vico	MC5R-Q23	622	3:1:3QSQ-G97N-ZS82	Morti, cittadinanze 1879 Nati, pubblicazioni, matrimoni, morti, cittadinanze 1800-1893 Nati 1894
Santa Maria a Vico	MC5R-Q23	623	3:1:3QS7-997N-ZS6M	Morti, cittadinanze 1879 Nati, pubblicazioni, matrimoni, morti, cittadinanze 1800-1893 Nati 1894
Santa Maria a Vico	MC5R-Q23	624	3:1:3QS7-L97N-Z9LS	Morti, cittadinanze 1879 Nati, pubblicazioni, matrimoni, morti, cittadinanze 1800-1893 Nati 1894
Santa Maria a Vico	MC5R-Q23	625	3:1:3QS7-997N-ZSN7	Morti, cittadinanze 1879 Nati, pubblicazioni, matrimoni, morti, cittadinanze 1800-1893 Nati 1894
Santa Maria a Vico	MC5R-Q23	626	3:1:3QS7-997N-ZS64	Morti, cittadinanze 1879 Nati, pubblicazioni, matrimoni, morti, cittadinanze 1800-1893 Nati 1894
Santa Maria a Vico	MC5R-Q23	627	3:1:3QS7-L97N-Z9YW	Morti, cittadinanze 1879 Nati, pubblicazioni, matrimoni, morti, cittadinanze 1800-1893 Nati 1894
Santa Maria a Vico	MC5R-Q23	628	3:1:3QS7-897N-ZSXZ	Morti, cittadinanze 1879 Nati, pubblicazioni, matrimoni, morti, cittadinanze 1800-1893 Nati 1894
Santa Maria a Vico	MC5R-Q23	629	3:1:3QSQ-G97N-ZSZV	Morti, cittadinanze 1879 Nati, pubblicazioni, matrimoni, morti, cittadinanze 1800-1893 Nati 1894
Santa Maria a Vico	MC5R-Q23	630	3:1:3QSQ-G97N-ZSD3	Morti, cittadinanze 1879 Nati, pubblicazioni, matrimoni, morti, cittadinanze 1800-1893 Nati 1894
Santa Maria a Vico	MC5R-Q23	631	3:1:3QS7-897N-ZSNM	Morti, cittadinanze 1879 Nati, pubblicazioni, matrimoni, morti, cittadinanze 1800-1893 Nati 1894
Santa Maria a Vico	MC5R-Q23	632	3:1:3QS7-897N-ZS64	Morti, cittadinanze 1879 Nati, pubblicazioni, matrimoni, morti, cittadinanze 1800-1893 Nati 1894
Santa Maria a Vico	MC5R-Q23	633	3:1:3QS7-L97N-Z9GK	Morti, cittadinanze 1879 Nati, pubblicazioni, matrimoni, morti, cittadinanze 1800-1893 Nati 1894
Santa Maria a Vico	MC5R-Q23	634	3:1:3QSQ-G97N-ZS42	Morti, cittadinanze 1879 Nati, pubblicazioni, matrimoni, morti, cittadinanze 1800-1893 Nati 1894
Santa Maria a Vico	MC5R-Q23	635	3:1:3QSQ-G97N-ZS81	Morti, cittadinanze 1879 Nati, pubblicazioni, matrimoni, morti, cittadinanze 1800-1893 Nati 1894
Santa Maria a Vico	MC5R-Q23	636	3:1:3QSQ-G97N-ZS8Y	Morti, cittadinanze 1879 Nati, pubblicazioni, matrimoni, morti, cittadinanze 1800-1893 Nati 1894
Santa Maria a Vico	MC5R-Q23	637	3:1:3QSQ-G97N-ZS8M	Morti, cittadinanze 1879 Nati, pubblicazioni, matrimoni, morti, cittadinanze 1800-1893 Nati 1894
Santa Maria a Vico	MC5R-Q23	638	3:1:3QSQ-G97N-ZS87	Morti, cittadinanze 1879 Nati, pubblicazioni, matrimoni, morti, cittadinanze 1800-1893 Nati 1894
Santa Maria a Vico	MC5R-Q23	639	3:1:3QS7-897N-ZS8B	Morti, cittadinanze 1879 Nati, pubblicazioni, matrimoni, morti, cittadinanze 1800-1893 Nati 1894
Santa Maria a Vico	MC5R-Q23	640	3:1:3QS7-897N-ZSX8	Morti, cittadinanze 1879 Nati, pubblicazioni, matrimoni, morti, cittadinanze 1800-1893 Nati 1894
Santa Maria a Vico	MC5R-Q23	641	3:1:3QS7-897N-ZS8D	Morti, cittadinanze 1879 Nati, pubblicazioni, matrimoni, morti, cittadinanze 1800-1893 Nati 1894
Santa Maria a Vico	MC5R-Q23	642	3:1:3QS7-897N-ZS8P	Morti, cittadinanze 1879 Nati, pubblicazioni, matrimoni, morti, cittadinanze 1800-1893 Nati 1894
Santa Maria a Vico	MC5R-Q23	643	3:1:3QS7-997N-ZSD5	Morti, cittadinanze 1879 Nati, pubblicazioni, matrimoni, morti, cittadinanze 1800-1893 Nati 1894
Santa Maria a Vico	MC5R-Q23	644	3:1:3QS7-897N-ZS6H	Morti, cittadinanze 1879 Nati, pubblicazioni, matrimoni, morti, cittadinanze 1800-1893 Nati 1894
Santa Maria a Vico	MC5R-Q23	645	3:1:3QS7-897N-ZS8N	Morti, cittadinanze 1879 Nati, pubblicazioni, matrimoni, morti, cittadinanze 1800-1893 Nati 1894
Santa Maria a Vico	MC5R-Q23	646	3:1:3QSQ-G97N-ZSC9	Morti, cittadinanze 1879 Nati, pubblicazioni, matrimoni, morti, cittadinanze 1800-1893 Nati 1894
Santa Maria a Vico	MC5R-Q23	647	3:1:3QS7-997N-ZSD2	Morti, cittadinanze 1879 Nati, pubblicazioni, matrimoni, morti, cittadinanze 1800-1893 Nati 1894
Santa Maria a Vico	MC5R-Q23	648	3:1:3QS7-L97N-Z928	Morti, cittadinanze 1879 Nati, pubblicazioni, matrimoni, morti, cittadinanze 1800-1893 Nati 1894
Santa Maria a Vico	MC5R-Q23	649	3:1:3QSQ-G97N-ZSCN	Morti, cittadinanze 1879 Nati, pubblicazioni, matrimoni, morti, cittadinanze 1800-1893 Nati 1894
Santa Maria a Vico	MC5R-Q23	650	3:1:3QS7-L97N-Z92C	Morti, cittadinanze 1879 Nati, pubblicazioni, matrimoni, morti, cittadinanze 1800-1893 Nati 1894
Santa Maria a Vico	MC5R-Q23	651	3:1:3QSQ-G97N-ZSHC	Morti, cittadinanze 1879 Nati, pubblicazioni, matrimoni, morti, cittadinanze 1800-1893 Nati 1894
Santa Maria a Vico	MC5R-Q23	652	3:1:3QS7-L97N-Z92Y	Morti, cittadinanze 1879 Nati, pubblicazioni, matrimoni, morti, cittadinanze 1800-1893 Nati 1894
Santa Maria a Vico	MC5R-Q23	653	3:1:3QS7-897N-ZS8M	Morti, cittadinanze 1879 Nati, pubblicazioni, matrimoni, morti, cittadinanze 1800-1893 Nati 1894
Santa Maria a Vico	MC5R-Q23	654	3:1:3QSQ-G97N-ZSHN	Morti, cittadinanze 1879 Nati, pubblicazioni, matrimoni, morti, cittadinanze 1800-1893 Nati 1894
Santa Maria a Vico	MC5R-Q23	655	3:1:3QS7-L97N-Z9K6	Morti, cittadinanze 1879 Nati, pubblicazioni, matrimoni, morti, cittadinanze 1800-1893 Nati 1894
Santa Maria a Vico	MC5R-Q23	656	3:1:3QS7-897N-ZSD7	Morti, cittadinanze 1879 Nati, pubblicazioni, matrimoni, morti, cittadinanze 1800-1893 Nati 1894
Santa Maria a Vico	MC5R-Q23	657	3:1:3QS7-897N-ZSZQ	Morti, cittadinanze 1879 Nati, pubblicazioni, matrimoni, morti, cittadinanze 1800-1893 Nati 1894
Santa Maria a Vico	MC5R-Q23	658	3:1:3QSQ-G97N-ZSHX	Morti, cittadinanze 1879 Nati, pubblicazioni, matrimoni, morti, cittadinanze 1800-1893 Nati 1894
Santa Maria a Vico	MC5R-Q23	659	3:1:3QS7-997N-ZSCK	Morti, cittadinanze 1879 Nati, pubblicazioni, matrimoni, morti, cittadinanze 1800-1893 Nati 1894
Santa Maria a Vico	MC5R-Q23	660	3:1:3QSQ-G97N-ZS4K	Morti, cittadinanze 1879 Nati, pubblicazioni, matrimoni, morti, cittadinanze 1800-1893 Nati 1894
Santa Maria a Vico	MC5R-Q23	661	3:1:3QS7-897N-ZSZN	Morti, cittadinanze 1879 Nati, pubblicazioni, matrimoni, morti, cittadinanze 1800-1893 Nati 1894
Santa Maria a Vico	MC5R-Q23	662	3:1:3QS7-897N-ZSHH	Morti, cittadinanze 1879 Nati, pubblicazioni, matrimoni, morti, cittadinanze 1800-1893 Nati 1894
Santa Maria a Vico	MC5R-Q23	663	3:1:3QS7-L97N-Z9J2	Morti, cittadinanze 1879 Nati, pubblicazioni, matrimoni, morti, cittadinanze 1800-1893 Nati 1894
Santa Maria a Vico	MC5R-Q23	664	3:1:3QS7-897N-ZS8Y	Morti, cittadinanze 1879 Nati, pubblicazioni, matrimoni, morti, cittadinanze 1800-1893 Nati 1894
Santa Maria a Vico	MC5R-Q23	665	3:1:3QS7-L97N-Z9GF	Morti, cittadinanze 1879 Nati, pubblicazioni, matrimoni, morti, cittadinanze 1800-1893 Nati 1894
Santa Maria a Vico	MC5R-Q23	666	3:1:3QS7-997N-ZS44	Morti, cittadinanze 1879 Nati, pubblicazioni, matrimoni, morti, cittadinanze 1800-1893 Nati 1894
Santa Maria a Vico	MC5R-Q23	667	3:1:3QSQ-G97N-ZSWT	Morti, cittadinanze 1879 Nati, pubblicazioni, matrimoni, morti, cittadinanze 1800-1893 Nati 1894
Santa Maria a Vico	MC5R-Q23	668	3:1:3QS7-L97N-Z9LC	Morti, cittadinanze 1879 Nati, pubblicazioni, matrimoni, morti, cittadinanze 1800-1893 Nati 1894
Santa Maria a Vico	MC5R-Q23	669	3:1:3QS7-L97N-Z9VP	Morti, cittadinanze 1879 Nati, pubblicazioni, matrimoni, morti, cittadinanze 1800-1893 Nati 1894
Santa Maria a Vico	MC5R-Q23	670	3:1:3QSQ-G97N-ZS4Y	Morti, cittadinanze 1879 Nati, pubblicazioni, matrimoni, morti, cittadinanze 1800-1893 Nati 1894
Santa Maria a Vico	MC5R-Q23	671	3:1:3QS7-L97N-Z9J7	Morti, cittadinanze 1879 Nati, pubblicazioni, matrimoni, morti, cittadinanze 1800-1893 Nati 1894
Santa Maria a Vico	MC5R-Q23	672	3:1:3QS7-997N-ZSCZ	Morti, cittadinanze 1879 Nati, pubblicazioni, matrimoni, morti, cittadinanze 1800-1893 Nati 1894
Santa Maria a Vico	MC5R-Q23	673	3:1:3QS7-L97N-Z9VG	Morti, cittadinanze 1879 Nati, pubblicazioni, matrimoni, morti, cittadinanze 1800-1893 Nati 1894
Santa Maria a Vico	MC5R-Q23	674	3:1:3QS7-L97N-Z9KQ	Morti, cittadinanze 1879 Nati, pubblicazioni, matrimoni, morti, cittadinanze 1800-1893 Nati 1894
Santa Maria a Vico	MC5R-Q23	675	3:1:3QS7-997N-ZSCW	Morti, cittadinanze 1879 Nati, pubblicazioni, matrimoni, morti, cittadinanze 1800-1893 Nati 1894
Santa Maria a Vico	MC5R-Q23	676	3:1:3QSQ-G97N-ZS7L	Morti, cittadinanze 1879 Nati, pubblicazioni, matrimoni, morti, cittadinanze 1800-1893 Nati 1894
Santa Maria a Vico	MC5R-Q23	677	3:1:3QS7-897N-ZSHJ	Morti, cittadinanze 1879 Nati, pubblicazioni, matrimoni, morti, cittadinanze 1800-1893 Nati 1894
Santa Maria a Vico	MC5R-Q23	678	3:1:3QS7-L97N-Z9G3	Morti, cittadinanze 1879 Nati, pubblicazioni, matrimoni, morti, cittadinanze 1800-1893 Nati 1894
Santa Maria a Vico	MC5R-Q23	679	3:1:3QS7-997N-ZSHQ	Morti, cittadinanze 1879 Nati, pubblicazioni, matrimoni, morti, cittadinanze 1800-1893 Nati 1894
Santa Maria a Vico	MC5R-Q23	680	3:1:3QS7-897N-ZS82	Morti, cittadinanze 1879 Nati, pubblicazioni, matrimoni, morti, cittadinanze 1800-1893 Nati 1894
Santa Maria a Vico	MC5R-Q23	681	3:1:3QS7-L97N-Z923	Morti, cittadinanze 1879 Nati, pubblicazioni, matrimoni, morti, cittadinanze 1800-1893 Nati 1894
Santa Maria a Vico	MC5R-Q23	682	3:1:3QS7-897N-ZSH4	Morti, cittadinanze 1879 Nati, pubblicazioni, matrimoni, morti, cittadinanze 1800-1893 Nati 1894
Santa Maria a Vico	MC5R-Q23	683	3:1:3QS7-897N-ZSHT	Morti, cittadinanze 1879 Nati, pubblicazioni, matrimoni, morti, cittadinanze 1800-1893 Nati 1894
Santa Maria a Vico	MC5R-Q23	684	3:1:3QS7-897N-ZSZM	Morti, cittadinanze 1879 Nati, pubblicazioni, matrimoni, morti, cittadinanze 1800-1893 Nati 1894
Santa Maria a Vico	MC5R-Q23	685	3:1:3QS7-997N-ZSCD	Morti, cittadinanze 1879 Nati, pubblicazioni, matrimoni, morti, cittadinanze 1800-1893 Nati 1894
Santa Maria a Vico	MC5R-Q23	686	3:1:3QS7-997N-ZSZ8	Morti, cittadinanze 1879 Nati, pubblicazioni, matrimoni, morti, cittadinanze 1800-1893 Nati 1894
Santa Maria a Vico	MC5R-Q23	687	3:1:3QS7-L97N-Z9KV	Morti, cittadinanze 1879 Nati, pubblicazioni, matrimoni, morti, cittadinanze 1800-1893 Nati 1894
Santa Maria a Vico	MC5R-Q23	688	3:1:3QS7-897N-ZSQP	Morti, cittadinanze 1879 Nati, pubblicazioni, matrimoni, morti, cittadinanze 1800-1893 Nati 1894
Santa Maria a Vico	MC5R-Q23	689	3:1:3QS7-L97N-Z9NL	Morti, cittadinanze 1879 Nati, pubblicazioni, matrimoni, morti, cittadinanze 1800-1893 Nati 1894
Santa Maria a Vico	MC5R-Q23	690	3:1:3QS7-997N-ZS4C	Morti, cittadinanze 1879 Nati, pubblicazioni, matrimoni, morti, cittadinanze 1800-1893 Nati 1894
Santa Maria a Vico	MC5R-Q23	691	3:1:3QS7-897N-ZSHR	Morti, cittadinanze 1879 Nati, pubblicazioni, matrimoni, morti, cittadinanze 1800-1893 Nati 1894
Santa Maria a Vico	MC5R-Q23	692	3:1:3QS7-897N-ZSH5	Morti, cittadinanze 1879 Nati, pubblicazioni, matrimoni, morti, cittadinanze 1800-1893 Nati 1894
Santa Maria a Vico	MC5R-Q23	693	3:1:3QS7-L97N-Z9V9	Morti, cittadinanze 1879 Nati, pubblicazioni, matrimoni, morti, cittadinanze 1800-1893 Nati 1894
Santa Maria a Vico	MC5R-Q23	694	3:1:3QSQ-G97N-ZSWH	Morti, cittadinanze 1879 Nati, pubblicazioni, matrimoni, morti, cittadinanze 1800-1893 Nati 1894
Santa Maria a Vico	MC5R-Q23	695	3:1:3QS7-997N-ZS4M	Morti, cittadinanze 1879 Nati, pubblicazioni, matrimoni, morti, cittadinanze 1800-1893 Nati 1894
Santa Maria a Vico	MC5R-Q23	696	3:1:3QSQ-G97N-ZSQ9	Morti, cittadinanze 1879 Nati, pubblicazioni, matrimoni, morti, cittadinanze 1800-1893 Nati 1894
Santa Maria a Vico	MC5R-Q23	697	3:1:3QS7-997N-ZS4K	Morti, cittadinanze 1879 Nati, pubblicazioni, matrimoni, morti, cittadinanze 1800-1893 Nati 1894
Santa Maria a Vico	MC5R-Q23	698	3:1:3QS7-897N-ZSWP	Morti, cittadinanze 1879 Nati, pubblicazioni, matrimoni, morti, cittadinanze 1800-1893 Nati 1894
Santa Maria a Vico	MC5R-Q23	699	3:1:3QSQ-G97N-ZSSX	Morti, cittadinanze 1879 Nati, pubblicazioni, matrimoni, morti, cittadinanze 1800-1893 Nati 1894
Santa Maria a Vico	MC5R-Q23	700	3:1:3QSQ-G97N-ZS7C	Morti, cittadinanze 1879 Nati, pubblicazioni, matrimoni, morti, cittadinanze 1800-1893 Nati 1894
Santa Maria a Vico	MC5R-Q23	701	3:1:3QS7-L97N-Z9F1	Morti, cittadinanze 1879 Nati, pubblicazioni, matrimoni, morti, cittadinanze 1800-1893 Nati 1894
Santa Maria a Vico	MC5R-Q23	702	3:1:3QS7-897N-ZSC9	Morti, cittadinanze 1879 Nati, pubblicazioni, matrimoni, morti, cittadinanze 1800-1893 Nati 1894
Santa Maria a Vico	MC5R-Q23	703	3:1:3QS7-L97N-Z9XH	Morti, cittadinanze 1879 Nati, pubblicazioni, matrimoni, morti, cittadinanze 1800-1893 Nati 1894
Santa Maria a Vico	MC5R-Q23	704	3:1:3QS7-997N-ZSQB	Morti, cittadinanze 1879 Nati, pubblicazioni, matrimoni, morti, cittadinanze 1800-1893 Nati 1894
Santa Maria a Vico	MC5R-Q23	705	3:1:3QS7-997N-ZS4Y	Morti, cittadinanze 1879 Nati, pubblicazioni, matrimoni, morti, cittadinanze 1800-1893 Nati 1894
Santa Maria a Vico	MC5R-Q23	706	3:1:3QS7-897N-ZS3R	Morti, cittadinanze 1879 Nati, pubblicazioni, matrimoni, morti, cittadinanze 1800-1893 Nati 1894
Santa Maria a Vico	MC5R-Q23	707	3:1:3QS7-997N-ZS37	Morti, cittadinanze 1879 Nati, pubblicazioni, matrimoni, morti, cittadinanze 1800-1893 Nati 1894
Santa Maria a Vico	MC5R-Q23	708	3:1:3QS7-L97N-Z9ND	Morti, cittadinanze 1879 Nati, pubblicazioni, matrimoni, morti, cittadinanze 1800-1893 Nati 1894
Santa Maria a Vico	MC5R-Q23	709	3:1:3QSQ-G97N-ZS92	Morti, cittadinanze 1879 Nati, pubblicazioni, matrimoni, morti, cittadinanze 1800-1893 Nati 1894
Santa Maria a Vico	MC5R-Q23	710	3:1:3QS7-997N-ZSWG	Morti, cittadinanze 1879 Nati, pubblicazioni, matrimoni, morti, cittadinanze 1800-1893 Nati 1894
Santa Maria a Vico	MC5R-Q23	711	3:1:3QSQ-G97N-ZSMT	Morti, cittadinanze 1879 Nati, pubblicazioni, matrimoni, morti, cittadinanze 1800-1893 Nati 1894
Santa Maria a Vico	MC5R-Q23	712	3:1:3QSQ-G97N-ZSSK	Morti, cittadinanze 1879 Nati, pubblicazioni, matrimoni, morti, cittadinanze 1800-1893 Nati 1894
Santa Maria a Vico	MC5R-Q23	713	3:1:3QS7-997N-ZS7V	Morti, cittadinanze 1879 Nati, pubblicazioni, matrimoni, morti, cittadinanze 1800-1893 Nati 1894
Santa Maria a Vico	MC5R-Q23	714	3:1:3QS7-997N-ZSQF	Morti, cittadinanze 1879 Nati, pubblicazioni, matrimoni, morti, cittadinanze 1800-1893 Nati 1894
Santa Maria a Vico	MC5R-Q23	715	3:1:3QS7-L97N-Z96G	Morti, cittadinanze 1879 Nati, pubblicazioni, matrimoni, morti, cittadinanze 1800-1893 Nati 1894
Santa Maria a Vico	MC5R-Q23	716	3:1:3QS7-997N-ZS3B	Morti, cittadinanze 1879 Nati, pubblicazioni, matrimoni, morti, cittadinanze 1800-1893 Nati 1894
Santa Maria a Vico	MC5R-Q23	717	3:1:3QS7-997N-ZS7G	Morti, cittadinanze 1879 Nati, pubblicazioni, matrimoni, morti, cittadinanze 1800-1893 Nati 1894
Santa Maria a Vico	MC5R-Q23	718	3:1:3QS7-997N-ZS7B	Morti, cittadinanze 1879 Nati, pubblicazioni, matrimoni, morti, cittadinanze 1800-1893 Nati 1894
Santa Maria a Vico	MC5R-Q23	719	3:1:3QS7-897N-Z91Z	Morti, cittadinanze 1879 Nati, pubblicazioni, matrimoni, morti, cittadinanze 1800-1893 Nati 1894
Santa Maria a Vico	MC5R-Q23	720	3:1:3QS7-997N-ZS32	Morti, cittadinanze 1879 Nati, pubblicazioni, matrimoni, morti, cittadinanze 1800-1893 Nati 1894
Santa Maria a Vico	MC5R-Q23	721	3:1:3QS7-897N-ZSQN	Morti, cittadinanze 1879 Nati, pubblicazioni, matrimoni, morti, cittadinanze 1800-1893 Nati 1894
Santa Maria a Vico	MC5R-Q23	722	3:1:3QS7-897N-ZSWJ	Morti, cittadinanze 1879 Nati, pubblicazioni, matrimoni, morti, cittadinanze 1800-1893 Nati 1894
Santa Maria a Vico	MC5R-Q23	723	3:1:3QSQ-G97N-ZSSY	Morti, cittadinanze 1879 Nati, pubblicazioni, matrimoni, morti, cittadinanze 1800-1893 Nati 1894
Santa Maria a Vico	MC5R-Q23	724	3:1:3QS7-897N-ZSQH	Morti, cittadinanze 1879 Nati, pubblicazioni, matrimoni, morti, cittadinanze 1800-1893 Nati 1894
Santa Maria a Vico	MC5R-Q23	725	3:1:3QSQ-G97N-ZSST	Morti, cittadinanze 1879 Nati, pubblicazioni, matrimoni, morti, cittadinanze 1800-1893 Nati 1894
Santa Maria a Vico	MC5R-Q23	726	3:1:3QS7-997N-ZSQS	Morti, cittadinanze 1879 Nati, pubblicazioni, matrimoni, morti, cittadinanze 1800-1893 Nati 1894
Santa Maria a Vico	MC5R-Q23	727	3:1:3QS7-897N-ZSS5	Morti, cittadinanze 1879 Nati, pubblicazioni, matrimoni, morti, cittadinanze 1800-1893 Nati 1894
Santa Maria a Vico	MC5R-Q23	728	3:1:3QS7-L97N-Z9DD	Morti, cittadinanze 1879 Nati, pubblicazioni, matrimoni, morti, cittadinanze 1800-1893 Nati 1894
Santa Maria a Vico	MC5R-Q23	729	3:1:3QS7-L97N-Z96F	Morti, cittadinanze 1879 Nati, pubblicazioni, matrimoni, morti, cittadinanze 1800-1893 Nati 1894
Santa Maria a Vico	MC5R-Q23	730	3:1:3QS7-997N-ZSHF	Morti, cittadinanze 1879 Nati, pubblicazioni, matrimoni, morti, cittadinanze 1800-1893 Nati 1894
Santa Maria a Vico	MC5R-Q23	731	3:1:3QS7-L97N-Z98K	Morti, cittadinanze 1879 Nati, pubblicazioni, matrimoni, morti, cittadinanze 1800-1893 Nati 1894
Santa Maria a Vico	MC5R-Q23	732	3:1:3QS7-897N-ZSHP	Morti, cittadinanze 1879 Nati, pubblicazioni, matrimoni, morti, cittadinanze 1800-1893 Nati 1894
Santa Maria a Vico	MC5R-Q23	733	3:1:3QS7-897N-ZS4D	Morti, cittadinanze 1879 Nati, pubblicazioni, matrimoni, morti, cittadinanze 1800-1893 Nati 1894
Santa Maria a Vico	MC5R-Q23	734	3:1:3QS7-997N-ZSW8	Morti, cittadinanze 1879 Nati, pubblicazioni, matrimoni, morti, cittadinanze 1800-1893 Nati 1894
Santa Maria a Vico	MC5R-Q23	735	3:1:3QSQ-G97N-ZS93	Morti, cittadinanze 1879 Nati, pubblicazioni, matrimoni, morti, cittadinanze 1800-1893 Nati 1894
Santa Maria a Vico	MC5R-Q23	736	3:1:3QS7-997N-Z91F	Morti, cittadinanze 1879 Nati, pubblicazioni, matrimoni, morti, cittadinanze 1800-1893 Nati 1894
Santa Maria a Vico	MC5R-Q23	737	3:1:3QS7-L97N-Z986	Morti, cittadinanze 1879 Nati, pubblicazioni, matrimoni, morti, cittadinanze 1800-1893 Nati 1894
Santa Maria a Vico	MC5R-Q23	738	3:1:3QS7-897N-ZSSY	Morti, cittadinanze 1879 Nati, pubblicazioni, matrimoni, morti, cittadinanze 1800-1893 Nati 1894
Santa Maria a Vico	MC5R-Q23	739	3:1:3QS7-997N-ZS3Q	Morti, cittadinanze 1879 Nati, pubblicazioni, matrimoni, morti, cittadinanze 1800-1893 Nati 1894
Santa Maria a Vico	MC5R-Q23	740	3:1:3QSQ-G97N-Z9B2	Morti, cittadinanze 1879 Nati, pubblicazioni, matrimoni, morti, cittadinanze 1800-1893 Nati 1894
Santa Maria a Vico	MC5R-Q23	741	3:1:3QS7-997N-ZS3G	Morti, cittadinanze 1879 Nati, pubblicazioni, matrimoni, morti, cittadinanze 1800-1893 Nati 1894
Santa Maria a Vico	MC5R-Q23	742	3:1:3QSQ-G97N-Z9B4	Morti, cittadinanze 1879 Nati, pubblicazioni, matrimoni, morti, cittadinanze 1800-1893 Nati 1894
Santa Maria a Vico	MC5R-Q23	743	3:1:3QS7-897N-ZS38	Morti, cittadinanze 1879 Nati, pubblicazioni, matrimoni, morti, cittadinanze 1800-1893 Nati 1894
Santa Maria a Vico	MC5R-Q23	744	3:1:3QS7-897N-Z9BN	Morti, cittadinanze 1879 Nati, pubblicazioni, matrimoni, morti, cittadinanze 1800-1893 Nati 1894
Santa Maria a Vico	MC5R-Q23	745	3:1:3QSQ-G97N-Z9BH	Morti, cittadinanze 1879 Nati, pubblicazioni, matrimoni, morti, cittadinanze 1800-1893 Nati 1894
Santa Maria a Vico	MC5R-Q23	746	3:1:3QS7-L97N-Z9DX	Morti, cittadinanze 1879 Nati, pubblicazioni, matrimoni, morti, cittadinanze 1800-1893 Nati 1894
Santa Maria a Vico	MC5R-Q23	747	3:1:3QS7-997N-ZS7C	Morti, cittadinanze 1879 Nati, pubblicazioni, matrimoni, morti, cittadinanze 1800-1893 Nati 1894
Santa Maria a Vico	MC5R-Q23	748	3:1:3QS7-997N-ZSQC	Morti, cittadinanze 1879 Nati, pubblicazioni, matrimoni, morti, cittadinanze 1800-1893 Nati 1894
Santa Maria a Vico	MC5R-Q23	749	3:1:3QS7-997N-Z9BM	Morti, cittadinanze 1879 Nati, pubblicazioni, matrimoni, morti, cittadinanze 1800-1893 Nati 1894
Santa Maria a Vico	MC5R-Q23	750	3:1:3QS7-997N-ZS9T	Morti, cittadinanze 1879 Nati, pubblicazioni, matrimoni, morti, cittadinanze 1800-1893 Nati 1894
Santa Maria a Vico	MC5R-Q23	751	3:1:3QS7-897N-Z9YN	Morti, cittadinanze 1879 Nati, pubblicazioni, matrimoni, morti, cittadinanze 1800-1893 Nati 1894
Santa Maria a Vico	MC5R-Q23	752	3:1:3QS7-L97N-Z98X	Morti, cittadinanze 1879 Nati, pubblicazioni, matrimoni, morti, cittadinanze 1800-1893 Nati 1894
Santa Maria a Vico	MC5R-Q23	753	3:1:3QS7-897N-ZSHK	Morti, cittadinanze 1879 Nati, pubblicazioni, matrimoni, morti, cittadinanze 1800-1893 Nati 1894
Santa Maria a Vico	MC5R-Q23	754	3:1:3QS7-897N-ZSQ3	Morti, cittadinanze 1879 Nati, pubblicazioni, matrimoni, morti, cittadinanze 1800-1893 Nati 1894
Santa Maria a Vico	MC5R-Q23	755	3:1:3QS7-897N-Z91L	Morti, cittadinanze 1879 Nati, pubblicazioni, matrimoni, morti, cittadinanze 1800-1893 Nati 1894
Santa Maria a Vico	MC5R-Q23	756	3:1:3QS7-897N-ZSMS	Morti, cittadinanze 1879 Nati, pubblicazioni, matrimoni, morti, cittadinanze 1800-1893 Nati 1894
Santa Maria a Vico	MC5R-Q23	757	3:1:3QS7-997N-ZSM7	Morti, cittadinanze 1879 Nati, pubblicazioni, matrimoni, morti, cittadinanze 1800-1893 Nati 1894
Santa Maria a Vico	MC5R-Q23	758	3:1:3QS7-997N-Z9RY	Morti, cittadinanze 1879 Nati, pubblicazioni, matrimoni, morti, cittadinanze 1800-1893 Nati 1894
Santa Maria a Vico	MC5R-Q23	759	3:1:3QS7-897N-Z9BM	Morti, cittadinanze 1879 Nati, pubblicazioni, matrimoni, morti, cittadinanze 1800-1893 Nati 1894
Santa Maria a Vico	MC5R-Q23	760	3:1:3QSQ-G97N-ZSM9	Morti, cittadinanze 1879 Nati, pubblicazioni, matrimoni, morti, cittadinanze 1800-1893 Nati 1894
Santa Maria a Vico	MC5R-Q23	761	3:1:3QSQ-G97N-Z9GT	Morti, cittadinanze 1879 Nati, pubblicazioni, matrimoni, morti, cittadinanze 1800-1893 Nati 1894
Santa Maria a Vico	MC5R-Q23	762	3:1:3QS7-897N-Z9BX	Morti, cittadinanze 1879 Nati, pubblicazioni, matrimoni, morti, cittadinanze 1800-1893 Nati 1894
Santa Maria a Vico	MC5R-Q23	763	3:1:3QS7-997N-ZSMG	Morti, cittadinanze 1879 Nati, pubblicazioni, matrimoni, morti, cittadinanze 1800-1893 Nati 1894
Santa Maria a Vico	MC5R-Q23	764	3:1:3QSQ-G97N-Z9BK	Morti, cittadinanze 1879 Nati, pubblicazioni, matrimoni, morti, cittadinanze 1800-1893 Nati 1894
Santa Maria a Vico	MC5R-Q23	765	3:1:3QS7-897N-Z9BB	Morti, cittadinanze 1879 Nati, pubblicazioni, matrimoni, morti, cittadinanze 1800-1893 Nati 1894
Santa Maria a Vico	MC5R-Q23	766	3:1:3QS7-897N-Z9YF	Morti, cittadinanze 1879 Nati, pubblicazioni, matrimoni, morti, cittadinanze 1800-1893 Nati 1894
Santa Maria a Vico	MC5R-Q23	767	3:1:3QS7-997N-ZS9Z	Morti, cittadinanze 1879 Nati, pubblicazioni, matrimoni, morti, cittadinanze 1800-1893 Nati 1894
Santa Maria a Vico	MC5R-Q23	768	3:1:3QSQ-G97N-Z9BN	Morti, cittadinanze 1879 Nati, pubblicazioni, matrimoni, morti, cittadinanze 1800-1893 Nati 1894
Santa Maria a Vico	MC5R-Q23	769	3:1:3QS7-L97N-Z9DG	Morti, cittadinanze 1879 Nati, pubblicazioni, matrimoni, morti, cittadinanze 1800-1893 Nati 1894
Santa Maria a Vico	MC5R-Q23	770	3:1:3QS7-997N-ZSSK	Morti, cittadinanze 1879 Nati, pubblicazioni, matrimoni, morti, cittadinanze 1800-1893 Nati 1894
Santa Maria a Vico	MC5R-Q23	771	3:1:3QSQ-G97N-ZSM3	Morti, cittadinanze 1879 Nati, pubblicazioni, matrimoni, morti, cittadinanze 1800-1893 Nati 1894
Santa Maria a Vico	MC5R-Q23	772	3:1:3QS7-897N-Z91T	Morti, cittadinanze 1879 Nati, pubblicazioni, matrimoni, morti, cittadinanze 1800-1893 Nati 1894
Santa Maria a Vico	MC5R-Q23	773	3:1:3QS7-897N-ZSMV	Morti, cittadinanze 1879 Nati, pubblicazioni, matrimoni, morti, cittadinanze 1800-1893 Nati 1894
Santa Maria a Vico	MC5R-Q23	774	3:1:3QS7-897N-ZS9J	Morti, cittadinanze 1879 Nati, pubblicazioni, matrimoni, morti, cittadinanze 1800-1893 Nati 1894
Santa Maria a Vico	MC5R-Q23	775	3:1:3QS7-997N-Z9B1	Morti, cittadinanze 1879 Nati, pubblicazioni, matrimoni, morti, cittadinanze 1800-1893 Nati 1894
Santa Maria a Vico	MC5R-Q23	776	3:1:3QS7-897N-Z9BW	Morti, cittadinanze 1879 Nati, pubblicazioni, matrimoni, morti, cittadinanze 1800-1893 Nati 1894
Santa Maria a Vico	MC5R-Q23	777	3:1:3QS7-897N-Z9B2	Morti, cittadinanze 1879 Nati, pubblicazioni, matrimoni, morti, cittadinanze 1800-1893 Nati 1894
Santa Maria a Vico	MC5R-Q23	778	3:1:3QS7-997N-Z9YK	Morti, cittadinanze 1879 Nati, pubblicazioni, matrimoni, morti, cittadinanze 1800-1893 Nati 1894
Santa Maria a Vico	MC5R-Q23	779	3:1:3QS7-897N-Z9BL	Morti, cittadinanze 1879 Nati, pubblicazioni, matrimoni, morti, cittadinanze 1800-1893 Nati 1894
Santa Maria a Vico	MC5R-Q23	780	3:1:3QSQ-G97N-Z95V	Morti, cittadinanze 1879 Nati, pubblicazioni, matrimoni, morti, cittadinanze 1800-1893 Nati 1894
Santa Maria a Vico	MC5R-Q23	781	3:1:3QS7-997N-ZSMS	Morti, cittadinanze 1879 Nati, pubblicazioni, matrimoni, morti, cittadinanze 1800-1893 Nati 1894
Santa Maria a Vico	MC5R-Q23	782	3:1:3QS7-897N-Z9RD	Morti, cittadinanze 1879 Nati, pubblicazioni, matrimoni, morti, cittadinanze 1800-1893 Nati 1894
Santa Maria a Vico	MC5R-Q23	783	3:1:3QSQ-G97N-Z9RJ	Morti, cittadinanze 1879 Nati, pubblicazioni, matrimoni, morti, cittadinanze 1800-1893 Nati 1894
Santa Maria a Vico	MC5R-Q23	784	3:1:3QS7-897N-Z9TB	Morti, cittadinanze 1879 Nati, pubblicazioni, matrimoni, morti, cittadinanze 1800-1893 Nati 1894
Santa Maria a Vico	MC5R-Q23	785	3:1:3QS7-997N-Z9TF	Morti, cittadinanze 1879 Nati, pubblicazioni, matrimoni, morti, cittadinanze 1800-1893 Nati 1894
Santa Maria a Vico	MC5R-Q23	786	3:1:3QSQ-G97N-Z9TD	Morti, cittadinanze 1879 Nati, pubblicazioni, matrimoni, morti, cittadinanze 1800-1893 Nati 1894
Santa Maria a Vico	MC5R-Q23	787	3:1:3QS7-897N-Z9YS	Morti, cittadinanze 1879 Nati, pubblicazioni, matrimoni, morti, cittadinanze 1800-1893 Nati 1894
Santa Maria a Vico	MC5R-Q23	788	3:1:3QS7-897N-Z95K	Morti, cittadinanze 1879 Nati, pubblicazioni, matrimoni, morti, cittadinanze 1800-1893 Nati 1894
Santa Maria a Vico	MC5R-Q23	789	3:1:3QSQ-G97N-Z9P9	Morti, cittadinanze 1879 Nati, pubblicazioni, matrimoni, morti, cittadinanze 1800-1893 Nati 1894
Santa Maria a Vico	MC5R-Q23	790	3:1:3QSQ-G97N-Z95J	Morti, cittadinanze 1879 Nati, pubblicazioni, matrimoni, morti, cittadinanze 1800-1893 Nati 1894
Santa Maria a Vico	MC5R-Q23	791	3:1:3QSQ-G97N-Z95Y	Morti, cittadinanze 1879 Nati, pubblicazioni, matrimoni, morti, cittadinanze 1800-1893 Nati 1894
Santa Maria a Vico	MC5R-Q23	792	3:1:3QS7-997N-Z9YC	Morti, cittadinanze 1879 Nati, pubblicazioni, matrimoni, morti, cittadinanze 1800-1893 Nati 1894
Santa Maria a Vico	MC5R-Q23	793	3:1:3QS7-997N-ZSMK	Morti, cittadinanze 1879 Nati, pubblicazioni, matrimoni, morti, cittadinanze 1800-1893 Nati 1894
Santa Maria a Vico	MC5R-Q23	794	3:1:3QS7-897N-Z9TR	Morti, cittadinanze 1879 Nati, pubblicazioni, matrimoni, morti, cittadinanze 1800-1893 Nati 1894
Santa Maria a Vico	MC5R-Q23	795	3:1:3QSQ-G97N-Z9P1	Morti, cittadinanze 1879 Nati, pubblicazioni, matrimoni, morti, cittadinanze 1800-1893 Nati 1894
Santa Maria a Vico	MC5R-Q23	796	3:1:3QS7-997N-Z9T8	Morti, cittadinanze 1879 Nati, pubblicazioni, matrimoni, morti, cittadinanze 1800-1893 Nati 1894
Santa Maria a Vico	MC5R-Q23	797	3:1:3QSQ-G97N-Z9PM	Morti, cittadinanze 1879 Nati, pubblicazioni, matrimoni, morti, cittadinanze 1800-1893 Nati 1894
Santa Maria a Vico	MC5R-Q23	798	3:1:3QS7-897N-Z9RJ	Morti, cittadinanze 1879 Nati, pubblicazioni, matrimoni, morti, cittadinanze 1800-1893 Nati 1894
Santa Maria a Vico	MC5R-Q23	799	3:1:3QS7-997N-Z9R6	Morti, cittadinanze 1879 Nati, pubblicazioni, matrimoni, morti, cittadinanze 1800-1893 Nati 1894
Santa Maria a Vico	MC5R-Q23	800	3:1:3QS7-897N-Z95N	Morti, cittadinanze 1879 Nati, pubblicazioni, matrimoni, morti, cittadinanze 1800-1893 Nati 1894
Santa Maria a Vico	MC5R-Q23	801	3:1:3QS7-997N-Z9R1	Morti, cittadinanze 1879 Nati, pubblicazioni, matrimoni, morti, cittadinanze 1800-1893 Nati 1894
Santa Maria a Vico	MC5R-Q23	802	3:1:3QS7-897N-Z959	Morti, cittadinanze 1879 Nati, pubblicazioni, matrimoni, morti, cittadinanze 1800-1893 Nati 1894
Santa Maria a Vico	MC5R-Q23	803	3:1:3QS7-897N-Z9T5	Morti, cittadinanze 1879 Nati, pubblicazioni, matrimoni, morti, cittadinanze 1800-1893 Nati 1894
Santa Maria a Vico	MC5R-Q23	804	3:1:3QS7-997N-Z9YH	Morti, cittadinanze 1879 Nati, pubblicazioni, matrimoni, morti, cittadinanze 1800-1893 Nati 1894
Santa Maria a Vico	MC5R-Q23	805	3:1:3QS7-897N-Z9P3	Morti, cittadinanze 1879 Nati, pubblicazioni, matrimoni, morti, cittadinanze 1800-1893 Nati 1894
Santa Maria a Vico	MC5R-Q23	806	3:1:3QSQ-G97N-Z9PQ	Morti, cittadinanze 1879 Nati, pubblicazioni, matrimoni, morti, cittadinanze 1800-1893 Nati 1894
Santa Maria a Vico	MC5R-Q23	807	3:1:3QS7-997N-Z9TC	Morti, cittadinanze 1879 Nati, pubblicazioni, matrimoni, morti, cittadinanze 1800-1893 Nati 1894
Santa Maria a Vico	MC5R-Q23	808	3:1:3QSQ-G97N-Z9KL	Morti, cittadinanze 1879 Nati, pubblicazioni, matrimoni, morti, cittadinanze 1800-1893 Nati 1894
Santa Maria a Vico	MC5R-Q23	809	3:1:3QSQ-G97N-Z9V5	Morti, cittadinanze 1879 Nati, pubblicazioni, matrimoni, morti, cittadinanze 1800-1893 Nati 1894
Santa Maria a Vico	MC5R-Q23	810	3:1:3QS7-897N-Z9GR	Morti, cittadinanze 1879 Nati, pubblicazioni, matrimoni, morti, cittadinanze 1800-1893 Nati 1894
Santa Maria a Vico	MC5R-Q23	811	3:1:3QSQ-G97N-Z9GH	Morti, cittadinanze 1879 Nati, pubblicazioni, matrimoni, morti, cittadinanze 1800-1893 Nati 1894
Santa Maria a Vico	MC5R-Q23	812	3:1:3QS7-897N-Z95S	Morti, cittadinanze 1879 Nati, pubblicazioni, matrimoni, morti, cittadinanze 1800-1893 Nati 1894
Santa Maria a Vico	MC5R-Q23	813	3:1:3QSQ-G97N-Z9P2	Morti, cittadinanze 1879 Nati, pubblicazioni, matrimoni, morti, cittadinanze 1800-1893 Nati 1894
Santa Maria a Vico	MC5R-Q23	814	3:1:3QSQ-G97N-Z9KR	Morti, cittadinanze 1879 Nati, pubblicazioni, matrimoni, morti, cittadinanze 1800-1893 Nati 1894
Santa Maria a Vico	MC5R-Q23	815	3:1:3QS7-897N-Z9G8	Morti, cittadinanze 1879 Nati, pubblicazioni, matrimoni, morti, cittadinanze 1800-1893 Nati 1894
Santa Maria a Vico	MC5R-Q23	816	3:1:3QSQ-G97N-Z9VX	Morti, cittadinanze 1879 Nati, pubblicazioni, matrimoni, morti, cittadinanze 1800-1893 Nati 1894
Santa Maria a Vico	MC5R-Q23	817	3:1:3QSQ-G97N-Z9KM	Morti, cittadinanze 1879 Nati, pubblicazioni, matrimoni, morti, cittadinanze 1800-1893 Nati 1894
Santa Maria a Vico	MC5R-Q23	818	3:1:3QS7-897N-Z9KX	Morti, cittadinanze 1879 Nati, pubblicazioni, matrimoni, morti, cittadinanze 1800-1893 Nati 1894
Santa Maria a Vico	MC5R-Q23	819	3:1:3QSQ-G97N-Z9XS	Morti, cittadinanze 1879 Nati, pubblicazioni, matrimoni, morti, cittadinanze 1800-1893 Nati 1894
Santa Maria a Vico	MC5R-Q23	820	3:1:3QS7-997N-Z9G1	Morti, cittadinanze 1879 Nati, pubblicazioni, matrimoni, morti, cittadinanze 1800-1893 Nati 1894
Santa Maria a Vico	MC5R-Q23	821	3:1:3QS7-897N-Z9GL	Morti, cittadinanze 1879 Nati, pubblicazioni, matrimoni, morti, cittadinanze 1800-1893 Nati 1894
Santa Maria a Vico	MC5R-Q23	822	3:1:3QSQ-G97N-Z9JT	Morti, cittadinanze 1879 Nati, pubblicazioni, matrimoni, morti, cittadinanze 1800-1893 Nati 1894
Santa Maria a Vico	MC5R-Q23	823	3:1:3QS7-997N-Z95J	Morti, cittadinanze 1879 Nati, pubblicazioni, matrimoni, morti, cittadinanze 1800-1893 Nati 1894
Santa Maria a Vico	MC5R-Q23	824	3:1:3QS7-897N-Z9PZ	Morti, cittadinanze 1879 Nati, pubblicazioni, matrimoni, morti, cittadinanze 1800-1893 Nati 1894
Santa Maria a Vico	MC5R-Q23	825	3:1:3QS7-897N-Z92P	Morti, cittadinanze 1879 Nati, pubblicazioni, matrimoni, morti, cittadinanze 1800-1893 Nati 1894
Santa Maria a Vico	MC5R-Q23	826	3:1:3QS7-897N-Z9VY	Morti, cittadinanze 1879 Nati, pubblicazioni, matrimoni, morti, cittadinanze 1800-1893 Nati 1894
Santa Maria a Vico	MC5R-Q23	827	3:1:3QS7-997N-Z9K1	Morti, cittadinanze 1879 Nati, pubblicazioni, matrimoni, morti, cittadinanze 1800-1893 Nati 1894
Santa Maria a Vico	MC5R-Q23	828	3:1:3QS7-997N-Z9LS	Morti, cittadinanze 1879 Nati, pubblicazioni, matrimoni, morti, cittadinanze 1800-1893 Nati 1894
Santa Maria a Vico	MC5R-Q23	829	3:1:3QS7-997N-Z9LC	Morti, cittadinanze 1879 Nati, pubblicazioni, matrimoni, morti, cittadinanze 1800-1893 Nati 1894
Santa Maria a Vico	MC5R-Q23	830	3:1:3QSQ-G97N-Z96C	Morti, cittadinanze 1879 Nati, pubblicazioni, matrimoni, morti, cittadinanze 1800-1893 Nati 1894
Santa Maria a Vico	MC5R-Q23	831	3:1:3QS7-997N-Z92R	Morti, cittadinanze 1879 Nati, pubblicazioni, matrimoni, morti, cittadinanze 1800-1893 Nati 1894
Santa Maria a Vico	MC5R-Q23	832	3:1:3QS7-897N-Z9KN	Morti, cittadinanze 1879 Nati, pubblicazioni, matrimoni, morti, cittadinanze 1800-1893 Nati 1894
Santa Maria a Vico	MC5R-Q23	833	3:1:3QS7-897N-Z9KH	Morti, cittadinanze 1879 Nati, pubblicazioni, matrimoni, morti, cittadinanze 1800-1893 Nati 1894
Santa Maria a Vico	MC5R-Q23	834	3:1:3QSQ-G97N-Z9J5	Morti, cittadinanze 1879 Nati, pubblicazioni, matrimoni, morti, cittadinanze 1800-1893 Nati 1894
Santa Maria a Vico	MC5R-Q23	835	3:1:3QS7-997N-Z92H	Morti, cittadinanze 1879 Nati, pubblicazioni, matrimoni, morti, cittadinanze 1800-1893 Nati 1894
Santa Maria a Vico	MC5R-Q23	836	3:1:3QS7-897N-Z92C	Morti, cittadinanze 1879 Nati, pubblicazioni, matrimoni, morti, cittadinanze 1800-1893 Nati 1894
Santa Maria a Vico	MC5R-Q23	837	3:1:3QS7-897N-Z9KD	Morti, cittadinanze 1879 Nati, pubblicazioni, matrimoni, morti, cittadinanze 1800-1893 Nati 1894
Santa Maria a Vico	MC5R-Q23	838	3:1:3QSQ-G97N-Z9JH	Morti, cittadinanze 1879 Nati, pubblicazioni, matrimoni, morti, cittadinanze 1800-1893 Nati 1894
Santa Maria a Vico	MC5R-Q23	839	3:1:3QSQ-G97N-Z9X7	Morti, cittadinanze 1879 Nati, pubblicazioni, matrimoni, morti, cittadinanze 1800-1893 Nati 1894
Santa Maria a Vico	MC5R-Q23	840	3:1:3QS7-897N-Z9VX	Morti, cittadinanze 1879 Nati, pubblicazioni, matrimoni, morti, cittadinanze 1800-1893 Nati 1894
Santa Maria a Vico	MC5R-Q23	841	3:1:3QSQ-G97N-Z9F3	Morti, cittadinanze 1879 Nati, pubblicazioni, matrimoni, morti, cittadinanze 1800-1893 Nati 1894
Santa Maria a Vico	MC5R-Q23	842	3:1:3QS7-997N-Z9LP	Morti, cittadinanze 1879 Nati, pubblicazioni, matrimoni, morti, cittadinanze 1800-1893 Nati 1894
Santa Maria a Vico	MC5R-Q23	843	3:1:3QS7-997N-Z9LZ	Morti, cittadinanze 1879 Nati, pubblicazioni, matrimoni, morti, cittadinanze 1800-1893 Nati 1894
Santa Maria a Vico	MC5R-Q23	844	3:1:3QS7-997N-Z9LV	Morti, cittadinanze 1879 Nati, pubblicazioni, matrimoni, morti, cittadinanze 1800-1893 Nati 1894
Santa Maria a Vico	MC5R-Q23	845	3:1:3QS7-997N-Z92V	Morti, cittadinanze 1879 Nati, pubblicazioni, matrimoni, morti, cittadinanze 1800-1893 Nati 1894
Santa Maria a Vico	MC5R-Q23	846	3:1:3QS7-897N-Z92M	Morti, cittadinanze 1879 Nati, pubblicazioni, matrimoni, morti, cittadinanze 1800-1893 Nati 1894
Santa Maria a Vico	MC5R-Q23	847	3:1:3QS7-997N-Z92S	Morti, cittadinanze 1879 Nati, pubblicazioni, matrimoni, morti, cittadinanze 1800-1893 Nati 1894
Santa Maria a Vico	MC5R-Q23	848	3:1:3QS7-897N-Z9X5	Morti, cittadinanze 1879 Nati, pubblicazioni, matrimoni, morti, cittadinanze 1800-1893 Nati 1894
Santa Maria a Vico	MC5R-Q23	849	3:1:3QS7-997N-Z9NN	Morti, cittadinanze 1879 Nati, pubblicazioni, matrimoni, morti, cittadinanze 1800-1893 Nati 1894
Santa Maria a Vico	MC5R-Q23	850	3:1:3QSQ-G97N-Z9JJ	Morti, cittadinanze 1879 Nati, pubblicazioni, matrimoni, morti, cittadinanze 1800-1893 Nati 1894
Santa Maria a Vico	MC5R-Q23	851	3:1:3QSQ-G97N-Z9XQ	Morti, cittadinanze 1879 Nati, pubblicazioni, matrimoni, morti, cittadinanze 1800-1893 Nati 1894
Santa Maria a Vico	MC5R-Q23	852	3:1:3QS7-997N-Z9KF	Morti, cittadinanze 1879 Nati, pubblicazioni, matrimoni, morti, cittadinanze 1800-1893 Nati 1894
Santa Maria a Vico	MC5R-Q23	853	3:1:3QS7-897N-Z9FJ	Morti, cittadinanze 1879 Nati, pubblicazioni, matrimoni, morti, cittadinanze 1800-1893 Nati 1894
Santa Maria a Vico	MC5R-Q23	854	3:1:3QS7-897N-Z9XB	Morti, cittadinanze 1879 Nati, pubblicazioni, matrimoni, morti, cittadinanze 1800-1893 Nati 1894
Santa Maria a Vico	MC5R-Q23	855	3:1:3QSQ-G97N-Z96H	Morti, cittadinanze 1879 Nati, pubblicazioni, matrimoni, morti, cittadinanze 1800-1893 Nati 1894
Santa Maria a Vico	MC5R-Q23	856	3:1:3QS7-997N-Z9GW	Morti, cittadinanze 1879 Nati, pubblicazioni, matrimoni, morti, cittadinanze 1800-1893 Nati 1894
Santa Maria a Vico	MC5R-Q23	857	3:1:3QS7-897N-Z9N7	Morti, cittadinanze 1879 Nati, pubblicazioni, matrimoni, morti, cittadinanze 1800-1893 Nati 1894
Santa Maria a Vico	MC5R-Q23	858	3:1:3QS7-997N-Z9XZ	Morti, cittadinanze 1879 Nati, pubblicazioni, matrimoni, morti, cittadinanze 1800-1893 Nati 1894
Santa Maria a Vico	MC5R-Q23	859	3:1:3QS7-897N-Z9NM	Morti, cittadinanze 1879 Nati, pubblicazioni, matrimoni, morti, cittadinanze 1800-1893 Nati 1894
Santa Maria a Vico	MC5R-Q23	860	3:1:3QS7-897N-Z9F3	Morti, cittadinanze 1879 Nati, pubblicazioni, matrimoni, morti, cittadinanze 1800-1893 Nati 1894
Santa Maria a Vico	MC5R-Q23	861	3:1:3QSQ-G97N-Z9DP	Morti, cittadinanze 1879 Nati, pubblicazioni, matrimoni, morti, cittadinanze 1800-1893 Nati 1894
Santa Maria a Vico	MC5R-Q23	862	3:1:3QS7-997N-Z96Q	Morti, cittadinanze 1879 Nati, pubblicazioni, matrimoni, morti, cittadinanze 1800-1893 Nati 1894
Santa Maria a Vico	MC5R-Q23	863	3:1:3QS7-997N-Z9FG	Morti, cittadinanze 1879 Nati, pubblicazioni, matrimoni, morti, cittadinanze 1800-1893 Nati 1894
Santa Maria a Vico	MC5R-Q23	864	3:1:3QS7-997N-Z9NT	Morti, cittadinanze 1879 Nati, pubblicazioni, matrimoni, morti, cittadinanze 1800-1893 Nati 1894
Santa Maria a Vico	MC5R-Q23	865	3:1:3QS7-897N-Z9J5	Morti, cittadinanze 1879 Nati, pubblicazioni, matrimoni, morti, cittadinanze 1800-1893 Nati 1894
Santa Maria a Vico	MC5R-Q23	866	3:1:3QS7-897N-Z968	Morti, cittadinanze 1879 Nati, pubblicazioni, matrimoni, morti, cittadinanze 1800-1893 Nati 1894
Santa Maria a Vico	MC5R-Q23	867	3:1:3QS7-L97N-Z9CG	Morti, cittadinanze 1879 Nati, pubblicazioni, matrimoni, morti, cittadinanze 1800-1893 Nati 1894
Santa Maria a Vico	MC5R-Q23	868	3:1:3QS7-L97N-Z9HY	Morti, cittadinanze 1879 Nati, pubblicazioni, matrimoni, morti, cittadinanze 1800-1893 Nati 1894
Santa Maria a Vico	MC5R-Q23	869	3:1:3QS7-997N-Z9D7	Morti, cittadinanze 1879 Nati, pubblicazioni, matrimoni, morti, cittadinanze 1800-1893 Nati 1894
Santa Maria a Vico	MC5R-Q23	870	3:1:3QS7-997N-Z9F8	Morti, cittadinanze 1879 Nati, pubblicazioni, matrimoni, morti, cittadinanze 1800-1893 Nati 1894
Santa Maria a Vico	MC5R-Q23	871	3:1:3QS7-997N-Z96G	Morti, cittadinanze 1879 Nati, pubblicazioni, matrimoni, morti, cittadinanze 1800-1893 Nati 1894
Santa Maria a Vico	MC5R-Q23	872	3:1:3QSQ-G97N-Z9CZ	Morti, cittadinanze 1879 Nati, pubblicazioni, matrimoni, morti, cittadinanze 1800-1893 Nati 1894
Santa Maria a Vico	MC5R-Q23	873	3:1:3QS7-L97N-Z9CP	Morti, cittadinanze 1879 Nati, pubblicazioni, matrimoni, morti, cittadinanze 1800-1893 Nati 1894
Santa Maria a Vico	MC5R-Q23	874	3:1:3QS7-997N-Z9JM	Morti, cittadinanze 1879 Nati, pubblicazioni, matrimoni, morti, cittadinanze 1800-1893 Nati 1894
Santa Maria a Vico	MC5R-Q23	875	3:1:3QS7-997N-Z9XR	Morti, cittadinanze 1879 Nati, pubblicazioni, matrimoni, morti, cittadinanze 1800-1893 Nati 1894
Santa Maria a Vico	MC5R-Q23	876	3:1:3QS7-997N-Z9FB	Morti, cittadinanze 1879 Nati, pubblicazioni, matrimoni, morti, cittadinanze 1800-1893 Nati 1894
Santa Maria a Vico	MC5R-Q23	877	3:1:3QS7-L97N-Z9CK	Morti, cittadinanze 1879 Nati, pubblicazioni, matrimoni, morti, cittadinanze 1800-1893 Nati 1894
Santa Maria a Vico	MC5R-Q23	878	3:1:3QSQ-G97N-Z96Z	Morti, cittadinanze 1879 Nati, pubblicazioni, matrimoni, morti, cittadinanze 1800-1893 Nati 1894
Santa Maria a Vico	MC5R-Q23	879	3:1:3QS7-897N-Z9FS	Morti, cittadinanze 1879 Nati, pubblicazioni, matrimoni, morti, cittadinanze 1800-1893 Nati 1894
Santa Maria a Vico	MC5R-Q23	880	3:1:3QS7-997N-Z9J2	Morti, cittadinanze 1879 Nati, pubblicazioni, matrimoni, morti, cittadinanze 1800-1893 Nati 1894
Santa Maria a Vico	MC5R-Q23	881	3:1:3QSQ-G97N-Z9HX	Morti, cittadinanze 1879 Nati, pubblicazioni, matrimoni, morti, cittadinanze 1800-1893 Nati 1894
Santa Maria a Vico	MC5R-Q23	882	3:1:3QS7-L97N-Z94F	Morti, cittadinanze 1879 Nati, pubblicazioni, matrimoni, morti, cittadinanze 1800-1893 Nati 1894
Santa Maria a Vico	MC5R-Q23	883	3:1:3QS7-L97N-Z9HL	Morti, cittadinanze 1879 Nati, pubblicazioni, matrimoni, morti, cittadinanze 1800-1893 Nati 1894
Santa Maria a Vico	MC5R-Q23	884	3:1:3QSQ-G97N-Z9CY	Morti, cittadinanze 1879 Nati, pubblicazioni, matrimoni, morti, cittadinanze 1800-1893 Nati 1894
Santa Maria a Vico	MC5R-Q23	885	3:1:3QS7-997N-Z9DQ	Morti, cittadinanze 1879 Nati, pubblicazioni, matrimoni, morti, cittadinanze 1800-1893 Nati 1894
Santa Maria a Vico	MC5R-Q23	886	3:1:3QSQ-G97N-Z94J	Morti, cittadinanze 1879 Nati, pubblicazioni, matrimoni, morti, cittadinanze 1800-1893 Nati 1894
Santa Maria a Vico	MC5R-Q23	887	3:1:3QS7-997N-Z9CN	Morti, cittadinanze 1879 Nati, pubblicazioni, matrimoni, morti, cittadinanze 1800-1893 Nati 1894
Santa Maria a Vico	MC5R-Q23	888	3:1:3QS7-897N-Z9D5	Morti, cittadinanze 1879 Nati, pubblicazioni, matrimoni, morti, cittadinanze 1800-1893 Nati 1894
Santa Maria a Vico	MC5R-Q23	889	3:1:3QS7-997N-Z9DR	Morti, cittadinanze 1879 Nati, pubblicazioni, matrimoni, morti, cittadinanze 1800-1893 Nati 1894
Santa Maria a Vico	MC5R-Q23	890	3:1:3QSQ-G97N-Z9CJ	Morti, cittadinanze 1879 Nati, pubblicazioni, matrimoni, morti, cittadinanze 1800-1893 Nati 1894
Santa Maria a Vico	MC5R-Q23	891	3:1:3QSQ-G97N-Z9H7	Morti, cittadinanze 1879 Nati, pubblicazioni, matrimoni, morti, cittadinanze 1800-1893 Nati 1894
Santa Maria a Vico	MC5R-Q23	892	3:1:3QSQ-G97N-Z9ZK	Morti, cittadinanze 1879 Nati, pubblicazioni, matrimoni, morti, cittadinanze 1800-1893 Nati 1894
Santa Maria a Vico	MC5R-Q23	893	3:1:3QS7-997N-Z9XQ	Morti, cittadinanze 1879 Nati, pubblicazioni, matrimoni, morti, cittadinanze 1800-1893 Nati 1894
Santa Maria a Vico	MC5R-Q23	894	3:1:3QS7-997N-Z9N5	Morti, cittadinanze 1879 Nati, pubblicazioni, matrimoni, morti, cittadinanze 1800-1893 Nati 1894
Santa Maria a Vico	MC5R-Q23	895	3:1:3QSQ-G97N-Z9Z9	Morti, cittadinanze 1879 Nati, pubblicazioni, matrimoni, morti, cittadinanze 1800-1893 Nati 1894
Santa Maria a Vico	MC5R-Q23	896	3:1:3QSQ-G97N-Z9WL	Morti, cittadinanze 1879 Nati, pubblicazioni, matrimoni, morti, cittadinanze 1800-1893 Nati 1894
Santa Maria a Vico	MC5R-Q23	897	3:1:3QS7-L97N-Z94K	Morti, cittadinanze 1879 Nati, pubblicazioni, matrimoni, morti, cittadinanze 1800-1893 Nati 1894
Santa Maria a Vico	MC5R-Q23	898	3:1:3QS7-997N-Z9FF	Morti, cittadinanze 1879 Nati, pubblicazioni, matrimoni, morti, cittadinanze 1800-1893 Nati 1894
Santa Maria a Vico	MC5R-Q23	899	3:1:3QS7-L97N-Z978	Morti, cittadinanze 1879 Nati, pubblicazioni, matrimoni, morti, cittadinanze 1800-1893 Nati 1894
Santa Maria a Vico	MC5R-Q23	900	3:1:3QS7-897N-Z9ZS	Morti, cittadinanze 1879 Nati, pubblicazioni, matrimoni, morti, cittadinanze 1800-1893 Nati 1894
Santa Maria a Vico	MC5R-Q23	901	3:1:3QS7-L97N-Z9C3	Morti, cittadinanze 1879 Nati, pubblicazioni, matrimoni, morti, cittadinanze 1800-1893 Nati 1894
Santa Maria a Vico	MC5R-Q23	902	3:1:3QSQ-G97N-Z9HN	Morti, cittadinanze 1879 Nati, pubblicazioni, matrimoni, morti, cittadinanze 1800-1893 Nati 1894
Santa Maria a Vico	MC5R-Q23	903	3:1:3QSQ-G97N-Z9Z3	Morti, cittadinanze 1879 Nati, pubblicazioni, matrimoni, morti, cittadinanze 1800-1893 Nati 1894
Santa Maria a Vico	MC5R-Q23	904	3:1:3QS7-997N-Z9D9	Morti, cittadinanze 1879 Nati, pubblicazioni, matrimoni, morti, cittadinanze 1800-1893 Nati 1894
Santa Maria a Vico	MC5R-Q23	905	3:1:3QSQ-G97N-Z94C	Morti, cittadinanze 1879 Nati, pubblicazioni, matrimoni, morti, cittadinanze 1800-1893 Nati 1894
Santa Maria a Vico	MC5R-Q23	906	3:1:3QSQ-G97N-Z97V	Morti, cittadinanze 1879 Nati, pubblicazioni, matrimoni, morti, cittadinanze 1800-1893 Nati 1894
Santa Maria a Vico	MC5R-Q23	907	3:1:3QS7-897N-Z983	Morti, cittadinanze 1879 Nati, pubblicazioni, matrimoni, morti, cittadinanze 1800-1893 Nati 1894
Santa Maria a Vico	MC5R-Q23	908	3:1:3QS7-897N-Z9ZG	Morti, cittadinanze 1879 Nati, pubblicazioni, matrimoni, morti, cittadinanze 1800-1893 Nati 1894
Santa Maria a Vico	MC5R-Q23	909	3:1:3QS7-L97N-Z9WH	Morti, cittadinanze 1879 Nati, pubblicazioni, matrimoni, morti, cittadinanze 1800-1893 Nati 1894
Santa Maria a Vico	MC5R-Q23	910	3:1:3QS7-997N-Z9WV	Morti, cittadinanze 1879 Nati, pubblicazioni, matrimoni, morti, cittadinanze 1800-1893 Nati 1894
Santa Maria a Vico	MC5R-Q23	911	3:1:3QS7-997N-Z9CZ	Morti, cittadinanze 1879 Nati, pubblicazioni, matrimoni, morti, cittadinanze 1800-1893 Nati 1894
Santa Maria a Vico	MC5R-Q23	912	3:1:3QS7-997N-Z94C	Morti, cittadinanze 1879 Nati, pubblicazioni, matrimoni, morti, cittadinanze 1800-1893 Nati 1894
Santa Maria a Vico	MC5R-Q23	913	3:1:3QS7-997N-Z9DS	Morti, cittadinanze 1879 Nati, pubblicazioni, matrimoni, morti, cittadinanze 1800-1893 Nati 1894
Santa Maria a Vico	MC5R-Q23	914	3:1:3QS7-997N-Z9DN	Morti, cittadinanze 1879 Nati, pubblicazioni, matrimoni, morti, cittadinanze 1800-1893 Nati 1894
Santa Maria a Vico	MC5R-Q23	915	3:1:3QS7-897N-Z9HL	Morti, cittadinanze 1879 Nati, pubblicazioni, matrimoni, morti, cittadinanze 1800-1893 Nati 1894
Santa Maria a Vico	MC5R-Q23	916	3:1:3QS7-897N-Z9H6	Morti, cittadinanze 1879 Nati, pubblicazioni, matrimoni, morti, cittadinanze 1800-1893 Nati 1894
Santa Maria a Vico	MC5R-Q23	917	3:1:3QS7-897N-Z9Z4	Morti, cittadinanze 1879 Nati, pubblicazioni, matrimoni, morti, cittadinanze 1800-1893 Nati 1894
Santa Maria a Vico	MC5R-Q23	918	3:1:3QSQ-G97N-Z979	Morti, cittadinanze 1879 Nati, pubblicazioni, matrimoni, morti, cittadinanze 1800-1893 Nati 1894
Santa Maria a Vico	MC5R-Q23	919	3:1:3QS7-L97N-Z932	Morti, cittadinanze 1879 Nati, pubblicazioni, matrimoni, morti, cittadinanze 1800-1893 Nati 1894
Santa Maria a Vico	MC5R-Q23	920	3:1:3QS7-997N-Z9HL	Morti, cittadinanze 1879 Nati, pubblicazioni, matrimoni, morti, cittadinanze 1800-1893 Nati 1894
Santa Maria a Vico	MC5R-Q23	921	3:1:3QS7-L97N-Z9Q1	Morti, cittadinanze 1879 Nati, pubblicazioni, matrimoni, morti, cittadinanze 1800-1893 Nati 1894
Santa Maria a Vico	MC5R-Q23	922	3:1:3QS7-L97N-Z9QY	Morti, cittadinanze 1879 Nati, pubblicazioni, matrimoni, morti, cittadinanze 1800-1893 Nati 1894
Santa Maria a Vico	MC5R-Q23	923	3:1:3QS7-L97N-Z9WR	Morti, cittadinanze 1879 Nati, pubblicazioni, matrimoni, morti, cittadinanze 1800-1893 Nati 1894
Santa Maria a Vico	MC5R-Q23	924	3:1:3QS7-997N-Z9WS	Morti, cittadinanze 1879 Nati, pubblicazioni, matrimoni, morti, cittadinanze 1800-1893 Nati 1894
Santa Maria a Vico	MC5R-Q23	925	3:1:3QS7-997N-Z9CL	Morti, cittadinanze 1879 Nati, pubblicazioni, matrimoni, morti, cittadinanze 1800-1893 Nati 1894
Santa Maria a Vico	MC5R-Q23	926	3:1:3QS7-L97N-Z9CB	Morti, cittadinanze 1879 Nati, pubblicazioni, matrimoni, morti, cittadinanze 1800-1893 Nati 1894
Santa Maria a Vico	MC5R-Q23	927	3:1:3QS7-L97N-Z97J	Morti, cittadinanze 1879 Nati, pubblicazioni, matrimoni, morti, cittadinanze 1800-1893 Nati 1894
Santa Maria a Vico	MC5R-Q23	928	3:1:3QSQ-G97N-Z9ST	Morti, cittadinanze 1879 Nati, pubblicazioni, matrimoni, morti, cittadinanze 1800-1893 Nati 1894
Santa Maria a Vico	MC5R-Q23	929	3:1:3QS7-997N-Z9ZD	Morti, cittadinanze 1879 Nati, pubblicazioni, matrimoni, morti, cittadinanze 1800-1893 Nati 1894
Santa Maria a Vico	MC5R-Q23	930	3:1:3QS7-897N-Z97L	Morti, cittadinanze 1879 Nati, pubblicazioni, matrimoni, morti, cittadinanze 1800-1893 Nati 1894
Santa Maria a Vico	MC5R-Q23	931	3:1:3QSQ-G97N-Z9Q5	Morti, cittadinanze 1879 Nati, pubblicazioni, matrimoni, morti, cittadinanze 1800-1893 Nati 1894
Santa Maria a Vico	MC5R-Q23	932	3:1:3QS7-897N-Z9C8	Morti, cittadinanze 1879 Nati, pubblicazioni, matrimoni, morti, cittadinanze 1800-1893 Nati 1894
Santa Maria a Vico	MC5R-Q23	933	3:1:3QS7-L97N-Z93P	Morti, cittadinanze 1879 Nati, pubblicazioni, matrimoni, morti, cittadinanze 1800-1893 Nati 1894
Santa Maria a Vico	MC5R-Q23	934	3:1:3QS7-897N-Z94L	Morti, cittadinanze 1879 Nati, pubblicazioni, matrimoni, morti, cittadinanze 1800-1893 Nati 1894
Santa Maria a Vico	MC5R-Q23	935	3:1:3QS7-997N-Z9HQ	Morti, cittadinanze 1879 Nati, pubblicazioni, matrimoni, morti, cittadinanze 1800-1893 Nati 1894
Santa Maria a Vico	MC5R-Q23	936	3:1:3QS7-997N-Z9WK	Morti, cittadinanze 1879 Nati, pubblicazioni, matrimoni, morti, cittadinanze 1800-1893 Nati 1894
Santa Maria a Vico	MC5R-Q23	937	3:1:3QS7-897N-Z97Y	Morti, cittadinanze 1879 Nati, pubblicazioni, matrimoni, morti, cittadinanze 1800-1893 Nati 1894
Santa Maria a Vico	MC5R-Q23	938	3:1:3QSQ-G97N-Z99S	Morti, cittadinanze 1879 Nati, pubblicazioni, matrimoni, morti, cittadinanze 1800-1893 Nati 1894
Santa Maria a Vico	MC5R-Q23	939	3:1:3QSQ-G97N-Z9Q8	Morti, cittadinanze 1879 Nati, pubblicazioni, matrimoni, morti, cittadinanze 1800-1893 Nati 1894
Santa Maria a Vico	MC5R-Q23	940	3:1:3QS7-897N-Z9WM	Morti, cittadinanze 1879 Nati, pubblicazioni, matrimoni, morti, cittadinanze 1800-1893 Nati 1894
Santa Maria a Vico	MC5R-Q23	941	3:1:3QS7-L97N-Z9HR	Morti, cittadinanze 1879 Nati, pubblicazioni, matrimoni, morti, cittadinanze 1800-1893 Nati 1894
Santa Maria a Vico	MC5R-Q23	942	3:1:3QS7-L97N-Z93G	Morti, cittadinanze 1879 Nati, pubblicazioni, matrimoni, morti, cittadinanze 1800-1893 Nati 1894
Santa Maria a Vico	MC5R-Q23	943	3:1:3QS7-897N-Z942	Morti, cittadinanze 1879 Nati, pubblicazioni, matrimoni, morti, cittadinanze 1800-1893 Nati 1894
Santa Maria a Vico	MC5R-Q23	944	3:1:3QSQ-G97N-Z9SS	Morti, cittadinanze 1879 Nati, pubblicazioni, matrimoni, morti, cittadinanze 1800-1893 Nati 1894
Santa Maria a Vico	MC5R-Q23	945	3:1:3QS7-L97N-Z99Z	Morti, cittadinanze 1879 Nati, pubblicazioni, matrimoni, morti, cittadinanze 1800-1893 Nati 1894
Santa Maria a Vico	MC5R-Q23	946	3:1:3QS7-897N-Z9W3	Morti, cittadinanze 1879 Nati, pubblicazioni, matrimoni, morti, cittadinanze 1800-1893 Nati 1894
Santa Maria a Vico	MC5R-Q23	947	3:1:3QSQ-G97N-Z1K	Morti, cittadinanze 1879 Nati, pubblicazioni, matrimoni, morti, cittadinanze 1800-1893 Nati 1894
Santa Maria a Vico	MC5R-Q23	948	3:1:3QS7-897N-Z9W7	Morti, cittadinanze 1879 Nati, pubblicazioni, matrimoni, morti, cittadinanze 1800-1893 Nati 1894
Santa Maria a Vico	MC5R-Q23	949	3:1:3QS7-997N-Z93F	Morti, cittadinanze 1879 Nati, pubblicazioni, matrimoni, morti, cittadinanze 1800-1893 Nati 1894
Santa Maria a Vico	MC5R-Q23	950	3:1:3QS7-897N-Z9HH	Morti, cittadinanze 1879 Nati, pubblicazioni, matrimoni, morti, cittadinanze 1800-1893 Nati 1894
Santa Maria a Vico	MC5R-Q23	951	3:1:3QS7-997N-Z94L	Morti, cittadinanze 1879 Nati, pubblicazioni, matrimoni, morti, cittadinanze 1800-1893 Nati 1894
Santa Maria a Vico	MC5R-Q23	952	3:1:3QSQ-G97N-Z15	Morti, cittadinanze 1879 Nati, pubblicazioni, matrimoni, morti, cittadinanze 1800-1893 Nati 1894
Santa Maria a Vico	MC5R-Q23	953	3:1:3QSQ-G97N-Z9MZ	Morti, cittadinanze 1879 Nati, pubblicazioni, matrimoni, morti, cittadinanze 1800-1893 Nati 1894
Santa Maria a Vico	MC5R-Q23	954	3:1:3QS7-897N-Z932	Morti, cittadinanze 1879 Nati, pubblicazioni, matrimoni, morti, cittadinanze 1800-1893 Nati 1894
Santa Maria a Vico	MC5R-Q23	955	3:1:3QS7-L97N-Z979	Morti, cittadinanze 1879 Nati, pubblicazioni, matrimoni, morti, cittadinanze 1800-1893 Nati 1894
Santa Maria a Vico	MC5R-Q23	956	3:1:3QSQ-G97N-Z9S3	Morti, cittadinanze 1879 Nati, pubblicazioni, matrimoni, morti, cittadinanze 1800-1893 Nati 1894
Santa Maria a Vico	MC5R-Q23	957	3:1:3QS7-997N-Z99V	Morti, cittadinanze 1879 Nati, pubblicazioni, matrimoni, morti, cittadinanze 1800-1893 Nati 1894
Santa Maria a Vico	MC5R-Q23	958	3:1:3QSQ-G97N-Z9SL	Morti, cittadinanze 1879 Nati, pubblicazioni, matrimoni, morti, cittadinanze 1800-1893 Nati 1894
Santa Maria a Vico	MC5R-Q23	959	3:1:3QS7-997N-Z97G	Morti, cittadinanze 1879 Nati, pubblicazioni, matrimoni, morti, cittadinanze 1800-1893 Nati 1894
Santa Maria a Vico	MC5R-Q23	960	3:1:3QS7-897N-Z9S2	Morti, cittadinanze 1879 Nati, pubblicazioni, matrimoni, morti, cittadinanze 1800-1893 Nati 1894
Santa Maria a Vico	MC5R-Q23	961	3:1:3QS7-L97N-Z9ML	Morti, cittadinanze 1879 Nati, pubblicazioni, matrimoni, morti, cittadinanze 1800-1893 Nati 1894
Santa Maria a Vico	MC5R-Q23	962	3:1:3QS7-L97N-Z1B	Morti, cittadinanze 1879 Nati, pubblicazioni, matrimoni, morti, cittadinanze 1800-1893 Nati 1894
Santa Maria a Vico	MC5R-Q23	963	3:1:3QS7-897N-Z9SY	Morti, cittadinanze 1879 Nati, pubblicazioni, matrimoni, morti, cittadinanze 1800-1893 Nati 1894
Santa Maria a Vico	MC5R-Q23	964	3:1:3QS7-L97N-Z93C	Morti, cittadinanze 1879 Nati, pubblicazioni, matrimoni, morti, cittadinanze 1800-1893 Nati 1894
Santa Maria a Vico	MC5R-Q23	965	3:1:3QSQ-G97N-ZBT	Morti, cittadinanze 1879 Nati, pubblicazioni, matrimoni, morti, cittadinanze 1800-1893 Nati 1894
Santa Maria a Vico	MC5R-Q23	966	3:1:3QS7-897N-Z9QY	Morti, cittadinanze 1879 Nati, pubblicazioni, matrimoni, morti, cittadinanze 1800-1893 Nati 1894
Santa Maria a Vico	MC5R-Q23	967	3:1:3QS7-997N-Z97D	Morti, cittadinanze 1879 Nati, pubblicazioni, matrimoni, morti, cittadinanze 1800-1893 Nati 1894
Santa Maria a Vico	MC5R-Q23	968	3:1:3QS7-897N-Z99G	Morti, cittadinanze 1879 Nati, pubblicazioni, matrimoni, morti, cittadinanze 1800-1893 Nati 1894
Santa Maria a Vico	MC5R-Q23	969	3:1:3QS7-L97N-Z9MJ	Morti, cittadinanze 1879 Nati, pubblicazioni, matrimoni, morti, cittadinanze 1800-1893 Nati 1894
Santa Maria a Vico	MC5R-Q23	970	3:1:3QSQ-G97N-Z99Z	Morti, cittadinanze 1879 Nati, pubblicazioni, matrimoni, morti, cittadinanze 1800-1893 Nati 1894
Santa Maria a Vico	MC5R-Q23	971	3:1:3QSQ-G97N-Z9MM	Morti, cittadinanze 1879 Nati, pubblicazioni, matrimoni, morti, cittadinanze 1800-1893 Nati 1894
Santa Maria a Vico	MC5R-Q23	972	3:1:3QS7-997N-Z993	Morti, cittadinanze 1879 Nati, pubblicazioni, matrimoni, morti, cittadinanze 1800-1893 Nati 1894
Santa Maria a Vico	MC5R-Q23	973	3:1:3QSQ-G97N-Z93G	Morti, cittadinanze 1879 Nati, pubblicazioni, matrimoni, morti, cittadinanze 1800-1893 Nati 1894
Santa Maria a Vico	MC5R-Q23	974	3:1:3QS7-L97N-ZBD	Morti, cittadinanze 1879 Nati, pubblicazioni, matrimoni, morti, cittadinanze 1800-1893 Nati 1894
Santa Maria a Vico	MC5R-Q23	975	3:1:3QS7-997N-Z93L	Morti, cittadinanze 1879 Nati, pubblicazioni, matrimoni, morti, cittadinanze 1800-1893 Nati 1894
Santa Maria a Vico	MC5R-Q23	976	3:1:3QSQ-G97N-Z994	Morti, cittadinanze 1879 Nati, pubblicazioni, matrimoni, morti, cittadinanze 1800-1893 Nati 1894
Santa Maria a Vico	MC5R-Q23	977	3:1:3QS7-897N-Z9SS	Morti, cittadinanze 1879 Nati, pubblicazioni, matrimoni, morti, cittadinanze 1800-1893 Nati 1894
Santa Maria a Vico	MC5R-Q23	978	3:1:3QS7-997N-Z999	Morti, cittadinanze 1879 Nati, pubblicazioni, matrimoni, morti, cittadinanze 1800-1893 Nati 1894
Santa Maria a Vico	MC5R-Q23	979	3:1:3QS7-897N-Z93C	Morti, cittadinanze 1879 Nati, pubblicazioni, matrimoni, morti, cittadinanze 1800-1893 Nati 1894
Santa Maria a Vico	MC5R-Q23	980	3:1:3QS7-897N-Z99B	Morti, cittadinanze 1879 Nati, pubblicazioni, matrimoni, morti, cittadinanze 1800-1893 Nati 1894
Santa Maria a Vico	MC5R-Q23	981	3:1:3QS7-997N-Z93B	Morti, cittadinanze 1879 Nati, pubblicazioni, matrimoni, morti, cittadinanze 1800-1893 Nati 1894
Santa Maria a Vico	MC5R-Q23	982	3:1:3QS7-897N-Z97F	Morti, cittadinanze 1879 Nati, pubblicazioni, matrimoni, morti, cittadinanze 1800-1893 Nati 1894
Santa Maria a Vico	MC5R-Q23	983	3:1:3QS7-997N-ZBY	Morti, cittadinanze 1879 Nati, pubblicazioni, matrimoni, morti, cittadinanze 1800-1893 Nati 1894
Santa Maria a Vico	MC5R-Q23	984	3:1:3QS7-897N-Z97Q	Morti, cittadinanze 1879 Nati, pubblicazioni, matrimoni, morti, cittadinanze 1800-1893 Nati 1894
Santa Maria a Vico	MC5R-Q23	985	3:1:3QS7-997N-Z97P	Morti, cittadinanze 1879 Nati, pubblicazioni, matrimoni, morti, cittadinanze 1800-1893 Nati 1894
Santa Maria a Vico	MC5R-Q23	986	3:1:3QS7-897N-Z9M4	Morti, cittadinanze 1879 Nati, pubblicazioni, matrimoni, morti, cittadinanze 1800-1893 Nati 1894
Santa Maria a Vico	MC5R-Q23	987	3:1:3QS7-897N-Z9QX	Morti, cittadinanze 1879 Nati, pubblicazioni, matrimoni, morti, cittadinanze 1800-1893 Nati 1894
Santa Maria a Vico	MC5R-Q23	988	3:1:3QS7-L97N-ZYT	Morti, cittadinanze 1879 Nati, pubblicazioni, matrimoni, morti, cittadinanze 1800-1893 Nati 1894
Santa Maria a Vico	MC5R-Q23	989	3:1:3QS7-997N-Z9M9	Morti, cittadinanze 1879 Nati, pubblicazioni, matrimoni, morti, cittadinanze 1800-1893 Nati 1894
Santa Maria a Vico	MC5R-Q23	990	3:1:3QS7-L97N-ZY5	Morti, cittadinanze 1879 Nati, pubblicazioni, matrimoni, morti, cittadinanze 1800-1893 Nati 1894
Santa Maria a Vico	MC5R-Q23	991	3:1:3QS7-997N-Z99F	Morti, cittadinanze 1879 Nati, pubblicazioni, matrimoni, morti, cittadinanze 1800-1893 Nati 1894
Santa Maria a Vico	MC5R-Q23	992	3:1:3QSQ-G97N-Z99V	Morti, cittadinanze 1879 Nati, pubblicazioni, matrimoni, morti, cittadinanze 1800-1893 Nati 1894
Santa Maria a Vico	MC5R-Q23	993	3:1:3QSQ-G97N-Z5R	Morti, cittadinanze 1879 Nati, pubblicazioni, matrimoni, morti, cittadinanze 1800-1893 Nati 1894
Santa Maria a Vico	MC5R-Q23	994	3:1:3QS7-997N-Z1M	Morti, cittadinanze 1879 Nati, pubblicazioni, matrimoni, morti, cittadinanze 1800-1893 Nati 1894
Santa Maria a Vico	MC5R-Q23	995	3:1:3QSQ-G97N-ZTF	Morti, cittadinanze 1879 Nati, pubblicazioni, matrimoni, morti, cittadinanze 1800-1893 Nati 1894
Santa Maria a Vico	MC5R-Q23	996	3:1:3QS7-997N-Z9MZ	Morti, cittadinanze 1879 Nati, pubblicazioni, matrimoni, morti, cittadinanze 1800-1893 Nati 1894
Santa Maria a Vico	MC5R-Q23	997	3:1:3QS7-997N-Z9S3	Morti, cittadinanze 1879 Nati, pubblicazioni, matrimoni, morti, cittadinanze 1800-1893 Nati 1894
Santa Maria a Vico	MC5R-Q23	998	3:1:3QS7-897N-ZB4	Morti, cittadinanze 1879 Nati, pubblicazioni, matrimoni, morti, cittadinanze 1800-1893 Nati 1894
Santa Maria a Vico	MC5R-Q23	999	3:1:3QS7-997N-ZB7	Morti, cittadinanze 1879 Nati, pubblicazioni, matrimoni, morti, cittadinanze 1800-1893 Nati 1894
Santa Maria a Vico	MC5R-Q23	1000	3:1:3QS7-L97N-ZY7	Morti, cittadinanze 1879 Nati, pubblicazioni, matrimoni, morti, cittadinanze 1800-1893 Nati 1894
Santa Maria a Vico	MC5R-Q23	1001	3:1:3QS7-897N-Z9MT	Morti, cittadinanze 1879 Nati, pubblicazioni, matrimoni, morti, cittadinanze 1800-1893 Nati 1894
Santa Maria a Vico	MC5R-Q23	1002	3:1:3QS7-997N-Z93Q	Morti, cittadinanze 1879 Nati, pubblicazioni, matrimoni, morti, cittadinanze 1800-1893 Nati 1894
Santa Maria a Vico	MC5R-Q23	1003	3:1:3QS7-897N-ZTG	Morti, cittadinanze 1879 Nati, pubblicazioni, matrimoni, morti, cittadinanze 1800-1893 Nati 1894
Santa Maria a Vico	MC5R-Q23	1004	3:1:3QS7-997N-ZYP	Morti, cittadinanze 1879 Nati, pubblicazioni, matrimoni, morti, cittadinanze 1800-1893 Nati 1894
Santa Maria a Vico	MC5R-Q23	1005	3:1:3QSQ-G97N-Z51	Morti, cittadinanze 1879 Nati, pubblicazioni, matrimoni, morti, cittadinanze 1800-1893 Nati 1894
Santa Maria a Vico	MC5R-Q23	1006	3:1:3QS7-897N-Z1G	Morti, cittadinanze 1879 Nati, pubblicazioni, matrimoni, morti, cittadinanze 1800-1893 Nati 1894
Santa Maria a Vico	MC5R-Q23	1007	3:1:3QSQ-G97N-Z1S	Morti, cittadinanze 1879 Nati, pubblicazioni, matrimoni, morti, cittadinanze 1800-1893 Nati 1894
Santa Maria a Vico	MC5R-Q23	1008	3:1:3QS7-997N-ZTW	Morti, cittadinanze 1879 Nati, pubblicazioni, matrimoni, morti, cittadinanze 1800-1893 Nati 1894
Santa Maria a Vico	MC5R-Q23	1009	3:1:3QSQ-G97N-Z5C	Morti, cittadinanze 1879 Nati, pubblicazioni, matrimoni, morti, cittadinanze 1800-1893 Nati 1894
Santa Maria a Vico	MC5R-Q23	1010	3:1:3QSQ-G97N-Z5P	Morti, cittadinanze 1879 Nati, pubblicazioni, matrimoni, morti, cittadinanze 1800-1893 Nati 1894
Santa Maria a Vico	MC5R-Q23	1011	3:1:3QS7-997N-ZBH	Morti, cittadinanze 1879 Nati, pubblicazioni, matrimoni, morti, cittadinanze 1800-1893 Nati 1894
Santa Maria a Vico	MC5R-Q23	1012	3:1:3QS7-897N-ZY3	Morti, cittadinanze 1879 Nati, pubblicazioni, matrimoni, morti, cittadinanze 1800-1893 Nati 1894
Santa Maria a Vico	MC5R-Q23	1013	3:1:3QS7-L97N-ZBM	Morti, cittadinanze 1879 Nati, pubblicazioni, matrimoni, morti, cittadinanze 1800-1893 Nati 1894
Santa Maria a Vico	MC5R-Q23	1014	3:1:3QS7-897N-Z93T	Morti, cittadinanze 1879 Nati, pubblicazioni, matrimoni, morti, cittadinanze 1800-1893 Nati 1894
Santa Maria a Vico	MC5R-Q23	1015	3:1:3QSQ-G97N-ZRY	Morti, cittadinanze 1879 Nati, pubblicazioni, matrimoni, morti, cittadinanze 1800-1893 Nati 1894
Santa Maria a Vico	MC5R-Q23	1016	3:1:3QS7-897N-Z99K	Morti, cittadinanze 1879 Nati, pubblicazioni, matrimoni, morti, cittadinanze 1800-1893 Nati 1894
Santa Maria a Vico	MC5R-Q23	1017	3:1:3QS7-L97N-ZBS	Morti, cittadinanze 1879 Nati, pubblicazioni, matrimoni, morti, cittadinanze 1800-1893 Nati 1894
Santa Maria a Vico	MC5R-Q23	1018	3:1:3QS7-997N-Z9MY	Morti, cittadinanze 1879 Nati, pubblicazioni, matrimoni, morti, cittadinanze 1800-1893 Nati 1894
Santa Maria a Vico	MC5R-Q23	1019	3:1:3QS7-997N-Z9SZ	Morti, cittadinanze 1879 Nati, pubblicazioni, matrimoni, morti, cittadinanze 1800-1893 Nati 1894
Santa Maria a Vico	MC5R-Q23	1020	3:1:3QS7-997N-Z992	Morti, cittadinanze 1879 Nati, pubblicazioni, matrimoni, morti, cittadinanze 1800-1893 Nati 1894
Santa Maria a Vico	MC5R-Q23	1021	3:1:3QSQ-G97N-ZTS	Morti, cittadinanze 1879 Nati, pubblicazioni, matrimoni, morti, cittadinanze 1800-1893 Nati 1894
Santa Maria a Vico	MC5R-Q23	1022	3:1:3QS7-897N-Z1F	Morti, cittadinanze 1879 Nati, pubblicazioni, matrimoni, morti, cittadinanze 1800-1893 Nati 1894
Santa Maria a Vico	MC5R-Q23	1023	3:1:3QSQ-G97N-ZBL	Morti, cittadinanze 1879 Nati, pubblicazioni, matrimoni, morti, cittadinanze 1800-1893 Nati 1894
Santa Maria a Vico	MC5R-Q23	1024	3:1:3QS7-L97N-ZY1	Morti, cittadinanze 1879 Nati, pubblicazioni, matrimoni, morti, cittadinanze 1800-1893 Nati 1894
Santa Maria a Vico	MC5R-Q23	1025	3:1:3QS7-997N-ZRB	Morti, cittadinanze 1879 Nati, pubblicazioni, matrimoni, morti, cittadinanze 1800-1893 Nati 1894
Santa Maria a Vico	MC5R-Q23	1026	3:1:3QSQ-G97N-ZGV	Morti, cittadinanze 1879 Nati, pubblicazioni, matrimoni, morti, cittadinanze 1800-1893 Nati 1894
Santa Maria a Vico	MC5R-Q23	1027	3:1:3QS7-997N-ZTD	Morti, cittadinanze 1879 Nati, pubblicazioni, matrimoni, morti, cittadinanze 1800-1893 Nati 1894
Santa Maria a Vico	MC5R-Q23	1028	3:1:3QS7-L97N-ZT6	Morti, cittadinanze 1879 Nati, pubblicazioni, matrimoni, morti, cittadinanze 1800-1893 Nati 1894
Santa Maria a Vico	MC5R-Q23	1029	3:1:3QSQ-G97N-ZTN	Morti, cittadinanze 1879 Nati, pubblicazioni, matrimoni, morti, cittadinanze 1800-1893 Nati 1894
Santa Maria a Vico	MC5R-Q23	1030	3:1:3QSQ-G97N-ZGT	Morti, cittadinanze 1879 Nati, pubblicazioni, matrimoni, morti, cittadinanze 1800-1893 Nati 1894
Santa Maria a Vico	MC5R-Q23	1031	3:1:3QS7-L97N-ZP7	Morti, cittadinanze 1879 Nati, pubblicazioni, matrimoni, morti, cittadinanze 1800-1893 Nati 1894
Santa Maria a Vico	MC5R-Q23	1032	3:1:3QS7-L97N-ZR2	Morti, cittadinanze 1879 Nati, pubblicazioni, matrimoni, morti, cittadinanze 1800-1893 Nati 1894
Santa Maria a Vico	MC5R-Q23	1033	3:1:3QSQ-G97N-ZRJ	Morti, cittadinanze 1879 Nati, pubblicazioni, matrimoni, morti, cittadinanze 1800-1893 Nati 1894
Santa Maria a Vico	MC5R-Q23	1034	3:1:3QS7-L97N-ZPR	Morti, cittadinanze 1879 Nati, pubblicazioni, matrimoni, morti, cittadinanze 1800-1893 Nati 1894
Santa Maria a Vico	MC5R-Q23	1035	3:1:3QS7-L97N-ZGT	Morti, cittadinanze 1879 Nati, pubblicazioni, matrimoni, morti, cittadinanze 1800-1893 Nati 1894
Santa Maria a Vico	MC5R-Q23	1036	3:1:3QS7-897N-Z9MB	Morti, cittadinanze 1879 Nati, pubblicazioni, matrimoni, morti, cittadinanze 1800-1893 Nati 1894
Santa Maria a Vico	MC5R-Q23	1037	3:1:3QS7-997N-Z11	Morti, cittadinanze 1879 Nati, pubblicazioni, matrimoni, morti, cittadinanze 1800-1893 Nati 1894
Santa Maria a Vico	MC5R-Q23	1038	3:1:3QS7-L97N-ZYW	Morti, cittadinanze 1879 Nati, pubblicazioni, matrimoni, morti, cittadinanze 1800-1893 Nati 1894
Santa Maria a Vico	MC5R-Q23	1039	3:1:3QS7-897N-Z52	Morti, cittadinanze 1879 Nati, pubblicazioni, matrimoni, morti, cittadinanze 1800-1893 Nati 1894
Santa Maria a Vico	MC5R-Q23	1040	3:1:3QS7-997N-ZPZ	Morti, cittadinanze 1879 Nati, pubblicazioni, matrimoni, morti, cittadinanze 1800-1893 Nati 1894
Santa Maria a Vico	MC5R-Q23	1041	3:1:3QSQ-G97N-ZGP	Morti, cittadinanze 1879 Nati, pubblicazioni, matrimoni, morti, cittadinanze 1800-1893 Nati 1894
Santa Maria a Vico	MC5R-Q23	1042	3:1:3QS7-897N-ZBF	Morti, cittadinanze 1879 Nati, pubblicazioni, matrimoni, morti, cittadinanze 1800-1893 Nati 1894
Santa Maria a Vico	MC5R-Q23	1043	3:1:3QS7-L97N-ZP6	Morti, cittadinanze 1879 Nati, pubblicazioni, matrimoni, morti, cittadinanze 1800-1893 Nati 1894
Santa Maria a Vico	MC5R-Q23	1044	3:1:3QS7-L97N-Z5W	Morti, cittadinanze 1879 Nati, pubblicazioni, matrimoni, morti, cittadinanze 1800-1893 Nati 1894
Santa Maria a Vico	MC5R-Q23	1045	3:1:3QS7-997N-ZL5	Morti, cittadinanze 1879 Nati, pubblicazioni, matrimoni, morti, cittadinanze 1800-1893 Nati 1894
Santa Maria a Vico	MC5R-Q23	1046	3:1:3QS7-L97N-ZPV	Morti, cittadinanze 1879 Nati, pubblicazioni, matrimoni, morti, cittadinanze 1800-1893 Nati 1894
Santa Maria a Vico	MC5R-Q23	1047	3:1:3QS7-897N-ZPJ	Morti, cittadinanze 1879 Nati, pubblicazioni, matrimoni, morti, cittadinanze 1800-1893 Nati 1894
Santa Maria a Vico	MC5R-Q23	1048	3:1:3QSQ-G97N-ZLQ	Morti, cittadinanze 1879 Nati, pubblicazioni, matrimoni, morti, cittadinanze 1800-1893 Nati 1894
Santa Maria a Vico	MC5R-Q23	1049	3:1:3QSQ-G97N-ZGX	Morti, cittadinanze 1879 Nati, pubblicazioni, matrimoni, morti, cittadinanze 1800-1893 Nati 1894
Santa Maria a Vico	MC5R-Q23	1050	3:1:3QS7-897N-ZR1	Morti, cittadinanze 1879 Nati, pubblicazioni, matrimoni, morti, cittadinanze 1800-1893 Nati 1894
Santa Maria a Vico	MC5R-Q23	1051	3:1:3QS7-L97N-ZGS	Morti, cittadinanze 1879 Nati, pubblicazioni, matrimoni, morti, cittadinanze 1800-1893 Nati 1894
Santa Maria a Vico	MC5R-Q23	1052	3:1:3QSQ-G97N-ZPL	Morti, cittadinanze 1879 Nati, pubblicazioni, matrimoni, morti, cittadinanze 1800-1893 Nati 1894
Santa Maria a Vico	MC5R-Q23	1053	3:1:3QS7-L97N-ZGK	Morti, cittadinanze 1879 Nati, pubblicazioni, matrimoni, morti, cittadinanze 1800-1893 Nati 1894
Santa Maria a Vico	MC5R-Q23	1054	3:1:3QSQ-G97N-ZLX	Morti, cittadinanze 1879 Nati, pubblicazioni, matrimoni, morti, cittadinanze 1800-1893 Nati 1894
Santa Maria a Vico	MC5R-Q23	1055	3:1:3QSQ-G97N-Z28	Morti, cittadinanze 1879 Nati, pubblicazioni, matrimoni, morti, cittadinanze 1800-1893 Nati 1894
Santa Maria a Vico	MC5R-Q23	1056	3:1:3QS7-L97N-ZLC	Morti, cittadinanze 1879 Nati, pubblicazioni, matrimoni, morti, cittadinanze 1800-1893 Nati 1894
Santa Maria a Vico	MC5R-Q23	1057	3:1:3QS7-L97N-ZL9	Morti, cittadinanze 1879 Nati, pubblicazioni, matrimoni, morti, cittadinanze 1800-1893 Nati 1894
Santa Maria a Vico	MC5R-Q23	1058	3:1:3QSQ-G97N-ZL5	Morti, cittadinanze 1879 Nati, pubblicazioni, matrimoni, morti, cittadinanze 1800-1893 Nati 1894
Santa Maria a Vico	MC5R-Q23	1059	3:1:3QS7-897N-Z5Q	Morti, cittadinanze 1879 Nati, pubblicazioni, matrimoni, morti, cittadinanze 1800-1893 Nati 1894
Santa Maria a Vico	MC5R-Q23	1060	3:1:3QS7-997N-ZT9	Morti, cittadinanze 1879 Nati, pubblicazioni, matrimoni, morti, cittadinanze 1800-1893 Nati 1894
Santa Maria a Vico	MC5R-Q23	1061	3:1:3QS7-997N-ZLK	Morti, cittadinanze 1879 Nati, pubblicazioni, matrimoni, morti, cittadinanze 1800-1893 Nati 1894
Santa Maria a Vico	MC5R-Q23	1062	3:1:3QSQ-G97N-ZV5	Morti, cittadinanze 1879 Nati, pubblicazioni, matrimoni, morti, cittadinanze 1800-1893 Nati 1894
Santa Maria a Vico	MC5R-Q23	1063	3:1:3QS7-997N-ZL4	Morti, cittadinanze 1879 Nati, pubblicazioni, matrimoni, morti, cittadinanze 1800-1893 Nati 1894
Santa Maria a Vico	MC5R-Q23	1064	3:1:3QSQ-G97N-ZKQ	Morti, cittadinanze 1879 Nati, pubblicazioni, matrimoni, morti, cittadinanze 1800-1893 Nati 1894
Santa Maria a Vico	MC5R-Q23	1065	3:1:3QS7-897N-Z5Y	Morti, cittadinanze 1879 Nati, pubblicazioni, matrimoni, morti, cittadinanze 1800-1893 Nati 1894
Santa Maria a Vico	MC5R-Q23	1066	3:1:3QS7-897N-Z5T	Morti, cittadinanze 1879 Nati, pubblicazioni, matrimoni, morti, cittadinanze 1800-1893 Nati 1894
Santa Maria a Vico	MC5R-Q23	1067	3:1:3QSQ-G97N-ZPR	Morti, cittadinanze 1879 Nati, pubblicazioni, matrimoni, morti, cittadinanze 1800-1893 Nati 1894
Santa Maria a Vico	MC5R-Q23	1068	3:1:3QS7-897N-ZPG	Morti, cittadinanze 1879 Nati, pubblicazioni, matrimoni, morti, cittadinanze 1800-1893 Nati 1894
Santa Maria a Vico	MC5R-Q23	1069	3:1:3QS7-997N-Z5J	Morti, cittadinanze 1879 Nati, pubblicazioni, matrimoni, morti, cittadinanze 1800-1893 Nati 1894
Santa Maria a Vico	MC5R-Q23	1070	3:1:3QS7-997N-ZGQ	Morti, cittadinanze 1879 Nati, pubblicazioni, matrimoni, morti, cittadinanze 1800-1893 Nati 1894
Santa Maria a Vico	MC5R-Q23	1071	3:1:3QS7-897N-ZP3	Morti, cittadinanze 1879 Nati, pubblicazioni, matrimoni, morti, cittadinanze 1800-1893 Nati 1894
Santa Maria a Vico	MC5R-Q23	1072	3:1:3QS7-L97N-ZR4	Morti, cittadinanze 1879 Nati, pubblicazioni, matrimoni, morti, cittadinanze 1800-1893 Nati 1894
Santa Maria a Vico	MC5R-Q23	1073	3:1:3QS7-897N-ZPH	Morti, cittadinanze 1879 Nati, pubblicazioni, matrimoni, morti, cittadinanze 1800-1893 Nati 1894
Santa Maria a Vico	MC5R-Q23	1074	3:1:3QS7-997N-ZLT	Morti, cittadinanze 1879 Nati, pubblicazioni, matrimoni, morti, cittadinanze 1800-1893 Nati 1894
Santa Maria a Vico	MC5R-Q23	1075	3:1:3QS7-897N-ZLS	Morti, cittadinanze 1879 Nati, pubblicazioni, matrimoni, morti, cittadinanze 1800-1893 Nati 1894
Santa Maria a Vico	MC5R-Q23	1076	3:1:3QSQ-G97N-ZJQ	Morti, cittadinanze 1879 Nati, pubblicazioni, matrimoni, morti, cittadinanze 1800-1893 Nati 1894
Santa Maria a Vico	MC5R-Q23	1077	3:1:3QSQ-G97N-ZJK	Morti, cittadinanze 1879 Nati, pubblicazioni, matrimoni, morti, cittadinanze 1800-1893 Nati 1894
Santa Maria a Vico	MC5R-Q23	1078	3:1:3QSQ-G97N-ZVL	Morti, cittadinanze 1879 Nati, pubblicazioni, matrimoni, morti, cittadinanze 1800-1893 Nati 1894
Santa Maria a Vico	MC5R-Q23	1079	3:1:3QS7-897N-ZKD	Morti, cittadinanze 1879 Nati, pubblicazioni, matrimoni, morti, cittadinanze 1800-1893 Nati 1894
Santa Maria a Vico	MC5R-Q23	1080	3:1:3QSQ-G97N-ZN1	Morti, cittadinanze 1879 Nati, pubblicazioni, matrimoni, morti, cittadinanze 1800-1893 Nati 1894
Santa Maria a Vico	MC5R-Q23	1081	3:1:3QSQ-G97N-ZGK	Morti, cittadinanze 1879 Nati, pubblicazioni, matrimoni, morti, cittadinanze 1800-1893 Nati 1894
Santa Maria a Vico	MC5R-Q23	1082	3:1:3QS7-997N-Z2Y	Morti, cittadinanze 1879 Nati, pubblicazioni, matrimoni, morti, cittadinanze 1800-1893 Nati 1894
Santa Maria a Vico	MC5R-Q23	1083	3:1:3QS7-897N-ZG6	Morti, cittadinanze 1879 Nati, pubblicazioni, matrimoni, morti, cittadinanze 1800-1893 Nati 1894
Santa Maria a Vico	MC5R-Q23	1084	3:1:3QS7-L97N-ZK1	Morti, cittadinanze 1879 Nati, pubblicazioni, matrimoni, morti, cittadinanze 1800-1893 Nati 1894
Santa Maria a Vico	MC5R-Q23	1085	3:1:3QS7-997N-Z2X	Morti, cittadinanze 1879 Nati, pubblicazioni, matrimoni, morti, cittadinanze 1800-1893 Nati 1894
Santa Maria a Vico	MC5R-Q23	1086	3:1:3QSQ-G97N-ZJH	Morti, cittadinanze 1879 Nati, pubblicazioni, matrimoni, morti, cittadinanze 1800-1893 Nati 1894
Santa Maria a Vico	MC5R-Q23	1087	3:1:3QS7-997N-ZVW	Morti, cittadinanze 1879 Nati, pubblicazioni, matrimoni, morti, cittadinanze 1800-1893 Nati 1894
Santa Maria a Vico	MC5R-Q23	1088	3:1:3QS7-997N-Z2M	Morti, cittadinanze 1879 Nati, pubblicazioni, matrimoni, morti, cittadinanze 1800-1893 Nati 1894
Santa Maria a Vico	MC5R-Q23	1089	3:1:3QS7-897N-ZRG	Morti, cittadinanze 1879 Nati, pubblicazioni, matrimoni, morti, cittadinanze 1800-1893 Nati 1894
Santa Maria a Vico	MC5R-Q23	1090	3:1:3QS7-L97N-Z2Q	Morti, cittadinanze 1879 Nati, pubblicazioni, matrimoni, morti, cittadinanze 1800-1893 Nati 1894
Santa Maria a Vico	MC5R-Q23	1091	3:1:3QSQ-G97N-ZJ3	Morti, cittadinanze 1879 Nati, pubblicazioni, matrimoni, morti, cittadinanze 1800-1893 Nati 1894
Santa Maria a Vico	MC5R-Q23	1092	3:1:3QSQ-G97N-ZN9	Morti, cittadinanze 1879 Nati, pubblicazioni, matrimoni, morti, cittadinanze 1800-1893 Nati 1894
Santa Maria a Vico	MC5R-Q23	1093	3:1:3QS7-897N-ZJF	Morti, cittadinanze 1879 Nati, pubblicazioni, matrimoni, morti, cittadinanze 1800-1893 Nati 1894
Santa Maria a Vico	MC5R-Q23	1094	3:1:3QS7-897N-ZNR	Morti, cittadinanze 1879 Nati, pubblicazioni, matrimoni, morti, cittadinanze 1800-1893 Nati 1894
Santa Maria a Vico	MC5R-Q23	1095	3:1:3QS7-L97N-ZKW	Morti, cittadinanze 1879 Nati, pubblicazioni, matrimoni, morti, cittadinanze 1800-1893 Nati 1894
Santa Maria a Vico	MC5R-Q23	1096	3:1:3QS7-997N-ZVZ	Morti, cittadinanze 1879 Nati, pubblicazioni, matrimoni, morti, cittadinanze 1800-1893 Nati 1894
Santa Maria a Vico	MC5R-Q23	1097	3:1:3QSQ-G97N-ZFY	Morti, cittadinanze 1879 Nati, pubblicazioni, matrimoni, morti, cittadinanze 1800-1893 Nati 1894
Santa Maria a Vico	MC5R-Q23	1098	3:1:3QS7-L97N-ZFP	Morti, cittadinanze 1879 Nati, pubblicazioni, matrimoni, morti, cittadinanze 1800-1893 Nati 1894
Santa Maria a Vico	MC5R-Q23	1099	3:1:3QS7-L97N-ZFQ	Morti, cittadinanze 1879 Nati, pubblicazioni, matrimoni, morti, cittadinanze 1800-1893 Nati 1894
Santa Maria a Vico	MC5R-Q23	1100	3:1:3QS7-897N-ZGS	Morti, cittadinanze 1879 Nati, pubblicazioni, matrimoni, morti, cittadinanze 1800-1893 Nati 1894
Santa Maria a Vico	MC5R-Q23	1101	3:1:3QS7-997N-ZK7	Morti, cittadinanze 1879 Nati, pubblicazioni, matrimoni, morti, cittadinanze 1800-1893 Nati 1894
Santa Maria a Vico	MC5R-Q23	1102	3:1:3QS7-897N-ZNK	Morti, cittadinanze 1879 Nati, pubblicazioni, matrimoni, morti, cittadinanze 1800-1893 Nati 1894
Santa Maria a Vico	MC5R-Q23	1103	3:1:3QS7-897N-ZG8	Morti, cittadinanze 1879 Nati, pubblicazioni, matrimoni, morti, cittadinanze 1800-1893 Nati 1894
Santa Maria a Vico	MC5R-Q23	1104	3:1:3QS7-L97N-ZJF	Morti, cittadinanze 1879 Nati, pubblicazioni, matrimoni, morti, cittadinanze 1800-1893 Nati 1894
Santa Maria a Vico	MC5R-Q23	1105	3:1:3QS7-L97N-ZJH	Morti, cittadinanze 1879 Nati, pubblicazioni, matrimoni, morti, cittadinanze 1800-1893 Nati 1894
Santa Maria a Vico	MC5R-Q23	1106	3:1:3QS7-L97N-ZJ1	Morti, cittadinanze 1879 Nati, pubblicazioni, matrimoni, morti, cittadinanze 1800-1893 Nati 1894
Santa Maria a Vico	MC5R-Q23	1107	3:1:3QSQ-G97N-ZXH	Morti, cittadinanze 1879 Nati, pubblicazioni, matrimoni, morti, cittadinanze 1800-1893 Nati 1894
Santa Maria a Vico	MC5R-Q23	1108	3:1:3QS7-997N-ZJQ	Morti, cittadinanze 1879 Nati, pubblicazioni, matrimoni, morti, cittadinanze 1800-1893 Nati 1894
Santa Maria a Vico	MC5R-Q23	1109	3:1:3QS7-997N-ZJ3	Morti, cittadinanze 1879 Nati, pubblicazioni, matrimoni, morti, cittadinanze 1800-1893 Nati 1894
Santa Maria a Vico	MC5R-Q23	1110	3:1:3QS7-L97N-ZNH	Morti, cittadinanze 1879 Nati, pubblicazioni, matrimoni, morti, cittadinanze 1800-1893 Nati 1894
Santa Maria a Vico	MC5R-Q23	1111	3:1:3QS7-L97N-ZDP	Morti, cittadinanze 1879 Nati, pubblicazioni, matrimoni, morti, cittadinanze 1800-1893 Nati 1894
Santa Maria a Vico	MC5R-Q23	1112	3:1:3QS7-L97N-ZNN	Morti, cittadinanze 1879 Nati, pubblicazioni, matrimoni, morti, cittadinanze 1800-1893 Nati 1894
Santa Maria a Vico	MC5R-Q23	1113	3:1:3QSQ-G97N-Z8P	Morti, cittadinanze 1879 Nati, pubblicazioni, matrimoni, morti, cittadinanze 1800-1893 Nati 1894
Santa Maria a Vico	MC5R-Q23	1114	3:1:3QSQ-G97N-ZXP	Morti, cittadinanze 1879 Nati, pubblicazioni, matrimoni, morti, cittadinanze 1800-1893 Nati 1894
Santa Maria a Vico	MC5R-Q23	1115	3:1:3QSQ-G97N-ZDF	Morti, cittadinanze 1879 Nati, pubblicazioni, matrimoni, morti, cittadinanze 1800-1893 Nati 1894
Santa Maria a Vico	MC5R-Q23	1116	3:1:3QS7-897N-ZJ7	Morti, cittadinanze 1879 Nati, pubblicazioni, matrimoni, morti, cittadinanze 1800-1893 Nati 1894
Santa Maria a Vico	MC5R-Q23	1117	3:1:3QS7-897N-Z6K	Morti, cittadinanze 1879 Nati, pubblicazioni, matrimoni, morti, cittadinanze 1800-1893 Nati 1894
Santa Maria a Vico	MC5R-Q23	1118	3:1:3QS7-897N-ZNJ	Morti, cittadinanze 1879 Nati, pubblicazioni, matrimoni, morti, cittadinanze 1800-1893 Nati 1894
Santa Maria a Vico	MC5R-Q23	1119	3:1:3QS7-897N-ZNH	Morti, cittadinanze 1879 Nati, pubblicazioni, matrimoni, morti, cittadinanze 1800-1893 Nati 1894
Santa Maria a Vico	MC5R-Q23	1120	3:1:3QS7-997N-ZXL	Morti, cittadinanze 1879 Nati, pubblicazioni, matrimoni, morti, cittadinanze 1800-1893 Nati 1894
Santa Maria a Vico	MC5R-Q23	1121	3:1:3QS7-897N-ZVD	Morti, cittadinanze 1879 Nati, pubblicazioni, matrimoni, morti, cittadinanze 1800-1893 Nati 1894
Santa Maria a Vico	MC5R-Q23	1122	3:1:3QS7-897N-ZFG	Morti, cittadinanze 1879 Nati, pubblicazioni, matrimoni, morti, cittadinanze 1800-1893 Nati 1894
Santa Maria a Vico	MC5R-Q23	1123	3:1:3QS7-L97N-ZVC	Morti, cittadinanze 1879 Nati, pubblicazioni, matrimoni, morti, cittadinanze 1800-1893 Nati 1894
Santa Maria a Vico	MC5R-Q23	1124	3:1:3QS7-L97N-ZK5	Morti, cittadinanze 1879 Nati, pubblicazioni, matrimoni, morti, cittadinanze 1800-1893 Nati 1894
Santa Maria a Vico	MC5R-Q23	1125	3:1:3QS7-L97N-ZD7	Morti, cittadinanze 1879 Nati, pubblicazioni, matrimoni, morti, cittadinanze 1800-1893 Nati 1894
Santa Maria a Vico	MC5R-Q23	1126	3:1:3QS7-897N-ZXW	Morti, cittadinanze 1879 Nati, pubblicazioni, matrimoni, morti, cittadinanze 1800-1893 Nati 1894
Santa Maria a Vico	MC5R-Q23	1127	3:1:3QS7-997N-Z6B	Morti, cittadinanze 1879 Nati, pubblicazioni, matrimoni, morti, cittadinanze 1800-1893 Nati 1894
Santa Maria a Vico	MC5R-Q23	1128	3:1:3QS7-L97N-Z6C	Morti, cittadinanze 1879 Nati, pubblicazioni, matrimoni, morti, cittadinanze 1800-1893 Nati 1894
Santa Maria a Vico	MC5R-Q23	1129	3:1:3QS7-L97N-ZNY	Morti, cittadinanze 1879 Nati, pubblicazioni, matrimoni, morti, cittadinanze 1800-1893 Nati 1894
Santa Maria a Vico	MC5R-Q23	1130	3:1:3QS7-L97N-Z64	Morti, cittadinanze 1879 Nati, pubblicazioni, matrimoni, morti, cittadinanze 1800-1893 Nati 1894
Santa Maria a Vico	MC5R-Q23	1131	3:1:3QSQ-G97N-ZDL	Morti, cittadinanze 1879 Nati, pubblicazioni, matrimoni, morti, cittadinanze 1800-1893 Nati 1894
Santa Maria a Vico	MC5R-Q23	1132	3:1:3QS7-L97N-Z2P	Morti, cittadinanze 1879 Nati, pubblicazioni, matrimoni, morti, cittadinanze 1800-1893 Nati 1894
Santa Maria a Vico	MC5R-Q23	1133	3:1:3QSQ-G97N-ZZV	Morti, cittadinanze 1879 Nati, pubblicazioni, matrimoni, morti, cittadinanze 1800-1893 Nati 1894
Santa Maria a Vico	MC5R-Q23	1134	3:1:3QS7-L97N-ZFH	Morti, cittadinanze 1879 Nati, pubblicazioni, matrimoni, morti, cittadinanze 1800-1893 Nati 1894
Santa Maria a Vico	MC5R-Q23	1135	3:1:3QS7-L97N-ZNF	Morti, cittadinanze 1879 Nati, pubblicazioni, matrimoni, morti, cittadinanze 1800-1893 Nati 1894
Santa Maria a Vico	MC5R-Q23	1136	3:1:3QS7-L97N-ZC7	Morti, cittadinanze 1879 Nati, pubblicazioni, matrimoni, morti, cittadinanze 1800-1893 Nati 1894
Santa Maria a Vico	MC5R-Q23	1137	3:1:3QS7-897N-Z6C	Morti, cittadinanze 1879 Nati, pubblicazioni, matrimoni, morti, cittadinanze 1800-1893 Nati 1894
Santa Maria a Vico	MC5R-Q23	1138	3:1:3QS7-897N-Z66	Morti, cittadinanze 1879 Nati, pubblicazioni, matrimoni, morti, cittadinanze 1800-1893 Nati 1894
Santa Maria a Vico	MC5R-Q23	1139	3:1:3QSQ-G97N-ZZT	Morti, cittadinanze 1879 Nati, pubblicazioni, matrimoni, morti, cittadinanze 1800-1893 Nati 1894
Santa Maria a Vico	MC5R-Q23	1140	3:1:3QS7-997N-ZNZ	Morti, cittadinanze 1879 Nati, pubblicazioni, matrimoni, morti, cittadinanze 1800-1893 Nati 1894
Santa Maria a Vico	MC5R-Q23	1141	3:1:3QS7-L97N-ZN3	Morti, cittadinanze 1879 Nati, pubblicazioni, matrimoni, morti, cittadinanze 1800-1893 Nati 1894
Santa Maria a Vico	MC5R-Q23	1142	3:1:3QS7-L97N-ZC2	Morti, cittadinanze 1879 Nati, pubblicazioni, matrimoni, morti, cittadinanze 1800-1893 Nati 1894
Santa Maria a Vico	MC5R-Q23	1143	3:1:3QS7-L97N-ZND	Morti, cittadinanze 1879 Nati, pubblicazioni, matrimoni, morti, cittadinanze 1800-1893 Nati 1894
Santa Maria a Vico	MC5R-Q23	1144	3:1:3QS7-L97N-ZXN	Morti, cittadinanze 1879 Nati, pubblicazioni, matrimoni, morti, cittadinanze 1800-1893 Nati 1894
Santa Maria a Vico	MC5R-Q23	1145	3:1:3QS7-997N-ZZZ	Morti, cittadinanze 1879 Nati, pubblicazioni, matrimoni, morti, cittadinanze 1800-1893 Nati 1894
Santa Maria a Vico	MC5R-Q23	1146	3:1:3QS7-897N-Z69	Morti, cittadinanze 1879 Nati, pubblicazioni, matrimoni, morti, cittadinanze 1800-1893 Nati 1894
Santa Maria a Vico	MC5R-Q23	1147	3:1:3QS7-997N-ZFN	Morti, cittadinanze 1879 Nati, pubblicazioni, matrimoni, morti, cittadinanze 1800-1893 Nati 1894
Santa Maria a Vico	MC5R-Q23	1148	3:1:3QS7-L97N-ZCB	Morti, cittadinanze 1879 Nati, pubblicazioni, matrimoni, morti, cittadinanze 1800-1893 Nati 1894
Santa Maria a Vico	MC5R-Q23	1149	3:1:3QSQ-G97N-ZCV	Morti, cittadinanze 1879 Nati, pubblicazioni, matrimoni, morti, cittadinanze 1800-1893 Nati 1894
Santa Maria a Vico	MC5R-Q23	1150	3:1:3QS7-L97N-ZZL	Morti, cittadinanze 1879 Nati, pubblicazioni, matrimoni, morti, cittadinanze 1800-1893 Nati 1894
Santa Maria a Vico	MC5R-Q23	1151	3:1:3QS7-897N-ZDM	Morti, cittadinanze 1879 Nati, pubblicazioni, matrimoni, morti, cittadinanze 1800-1893 Nati 1894
Santa Maria a Vico	MC5R-Q23	1152	3:1:3QS7-L97N-ZC4	Morti, cittadinanze 1879 Nati, pubblicazioni, matrimoni, morti, cittadinanze 1800-1893 Nati 1894
Santa Maria a Vico	MC5R-Q23	1153	3:1:3QS7-997N-ZFW	Morti, cittadinanze 1879 Nati, pubblicazioni, matrimoni, morti, cittadinanze 1800-1893 Nati 1894
Santa Maria a Vico	MC5R-Q23	1154	3:1:3QS7-L97N-ZZY	Morti, cittadinanze 1879 Nati, pubblicazioni, matrimoni, morti, cittadinanze 1800-1893 Nati 1894
Santa Maria a Vico	MC5R-Q23	1155	3:1:3QS7-897N-ZDP	Morti, cittadinanze 1879 Nati, pubblicazioni, matrimoni, morti, cittadinanze 1800-1893 Nati 1894
Santa Maria a Vico	MC5R-Q23	1156	3:1:3QS7-L97N-Z86	Morti, cittadinanze 1879 Nati, pubblicazioni, matrimoni, morti, cittadinanze 1800-1893 Nati 1894
Santa Maria a Vico	MC5R-Q23	1157	3:1:3QS7-997N-ZDD	Morti, cittadinanze 1879 Nati, pubblicazioni, matrimoni, morti, cittadinanze 1800-1893 Nati 1894
Santa Maria a Vico	MC5R-Q23	1158	3:1:3QS7-L97N-ZZX	Morti, cittadinanze 1879 Nati, pubblicazioni, matrimoni, morti, cittadinanze 1800-1893 Nati 1894
Santa Maria a Vico	MC5R-Q23	1159	3:1:3QSQ-G97N-ZHV	Morti, cittadinanze 1879 Nati, pubblicazioni, matrimoni, morti, cittadinanze 1800-1893 Nati 1894
Santa Maria a Vico	MC5R-Q23	1160	3:1:3QSQ-G97N-ZHT	Morti, cittadinanze 1879 Nati, pubblicazioni, matrimoni, morti, cittadinanze 1800-1893 Nati 1894
Santa Maria a Vico	MC5R-Q23	1161	3:1:3QS7-897N-ZDF	Morti, cittadinanze 1879 Nati, pubblicazioni, matrimoni, morti, cittadinanze 1800-1893 Nati 1894
Santa Maria a Vico	MC5R-Q23	1162	3:1:3QS7-897N-Z87	Morti, cittadinanze 1879 Nati, pubblicazioni, matrimoni, morti, cittadinanze 1800-1893 Nati 1894
Santa Maria a Vico	MC5R-Q23	1163	3:1:3QS7-897N-Z8K	Morti, cittadinanze 1879 Nati, pubblicazioni, matrimoni, morti, cittadinanze 1800-1893 Nati 1894
Santa Maria a Vico	MC5R-Q23	1164	3:1:3QS7-997N-Z4H	Morti, cittadinanze 1879 Nati, pubblicazioni, matrimoni, morti, cittadinanze 1800-1893 Nati 1894
Santa Maria a Vico	MC5R-Q23	1165	3:1:3QS7-897N-Z6M	Morti, cittadinanze 1879 Nati, pubblicazioni, matrimoni, morti, cittadinanze 1800-1893 Nati 1894
Santa Maria a Vico	MC5R-Q23	1166	3:1:3QS7-897N-ZZ9	Morti, cittadinanze 1879 Nati, pubblicazioni, matrimoni, morti, cittadinanze 1800-1893 Nati 1894
Santa Maria a Vico	MC5R-Q23	1167	3:1:3QSQ-G97N-Z4S	Morti, cittadinanze 1879 Nati, pubblicazioni, matrimoni, morti, cittadinanze 1800-1893 Nati 1894
Santa Maria a Vico	MC5R-Q23	1168	3:1:3QS7-L97N-Z4Y	Morti, cittadinanze 1879 Nati, pubblicazioni, matrimoni, morti, cittadinanze 1800-1893 Nati 1894
Santa Maria a Vico	MC5R-Q23	1169	3:1:3QS7-997N-ZZ7	Morti, cittadinanze 1879 Nati, pubblicazioni, matrimoni, morti, cittadinanze 1800-1893 Nati 1894
Santa Maria a Vico	MC5R-Q23	1170	3:1:3QS7-897N-ZDD	Morti, cittadinanze 1879 Nati, pubblicazioni, matrimoni, morti, cittadinanze 1800-1893 Nati 1894
Santa Maria a Vico	MC5R-Q23	1171	3:1:3QS7-997N-ZZT	Morti, cittadinanze 1879 Nati, pubblicazioni, matrimoni, morti, cittadinanze 1800-1893 Nati 1894
Santa Maria a Vico	MC5R-Q23	1172	3:1:3QS7-897N-ZWY	Morti, cittadinanze 1879 Nati, pubblicazioni, matrimoni, morti, cittadinanze 1800-1893 Nati 1894
Santa Maria a Vico	MC5R-Q23	1173	3:1:3QS7-997N-ZHD	Morti, cittadinanze 1879 Nati, pubblicazioni, matrimoni, morti, cittadinanze 1800-1893 Nati 1894
Santa Maria a Vico	MC5R-Q23	1174	3:1:3QS7-997N-ZHJ	Morti, cittadinanze 1879 Nati, pubblicazioni, matrimoni, morti, cittadinanze 1800-1893 Nati 1894
Santa Maria a Vico	MC5R-Q23	1175	3:1:3QSQ-G97N-ZHF	Morti, cittadinanze 1879 Nati, pubblicazioni, matrimoni, morti, cittadinanze 1800-1893 Nati 1894
Santa Maria a Vico	MC5R-Q23	1176	3:1:3QS7-997N-ZDH	Morti, cittadinanze 1879 Nati, pubblicazioni, matrimoni, morti, cittadinanze 1800-1893 Nati 1894
Santa Maria a Vico	MC5R-Q23	1177	3:1:3QS7-997N-Z8R	Morti, cittadinanze 1879 Nati, pubblicazioni, matrimoni, morti, cittadinanze 1800-1893 Nati 1894
Santa Maria a Vico	MC5R-Q23	1178	3:1:3QS7-897N-ZZB	Morti, cittadinanze 1879 Nati, pubblicazioni, matrimoni, morti, cittadinanze 1800-1893 Nati 1894
Santa Maria a Vico	MC5R-Q23	1179	3:1:3QS7-897N-ZC4	Morti, cittadinanze 1879 Nati, pubblicazioni, matrimoni, morti, cittadinanze 1800-1893 Nati 1894
Santa Maria a Vico	MC5R-Q23	1180	3:1:3QSQ-G97N-Z49	Morti, cittadinanze 1879 Nati, pubblicazioni, matrimoni, morti, cittadinanze 1800-1893 Nati 1894
Santa Maria a Vico	MC5R-Q23	1181	3:1:3QS7-897N-ZZF	Morti, cittadinanze 1879 Nati, pubblicazioni, matrimoni, morti, cittadinanze 1800-1893 Nati 1894
Santa Maria a Vico	MC5R-Q23	1182	3:1:3QS7-997N-Z4B	Morti, cittadinanze 1879 Nati, pubblicazioni, matrimoni, morti, cittadinanze 1800-1893 Nati 1894
Santa Maria a Vico	MC5R-Q23	1183	3:1:3QS7-897N-ZCQ	Morti, cittadinanze 1879 Nati, pubblicazioni, matrimoni, morti, cittadinanze 1800-1893 Nati 1894
Santa Maria a Vico	MC5R-Q23	1184	3:1:3QS7-997N-ZD6	Morti, cittadinanze 1879 Nati, pubblicazioni, matrimoni, morti, cittadinanze 1800-1893 Nati 1894
Santa Maria a Vico	MC5R-Q23	1185	3:1:3QSQ-G97N-Z48	Morti, cittadinanze 1879 Nati, pubblicazioni, matrimoni, morti, cittadinanze 1800-1893 Nati 1894
Santa Maria a Vico	MC5R-Q23	1186	3:1:3QS7-L97N-Z4D	Morti, cittadinanze 1879 Nati, pubblicazioni, matrimoni, morti, cittadinanze 1800-1893 Nati 1894
Santa Maria a Vico	MC5R-Q23	1187	3:1:3QS7-997N-ZZX	Morti, cittadinanze 1879 Nati, pubblicazioni, matrimoni, morti, cittadinanze 1800-1893 Nati 1894
Santa Maria a Vico	MC5R-Q23	1188	3:1:3QS7-L97N-Z4V	Morti, cittadinanze 1879 Nati, pubblicazioni, matrimoni, morti, cittadinanze 1800-1893 Nati 1894
Santa Maria a Vico	MC5R-Q23	1189	3:1:3QSQ-G97N-ZQ8	Morti, cittadinanze 1879 Nati, pubblicazioni, matrimoni, morti, cittadinanze 1800-1893 Nati 1894
Santa Maria a Vico	MC5R-Q23	1190	3:1:3QS7-997N-Z88	Morti, cittadinanze 1879 Nati, pubblicazioni, matrimoni, morti, cittadinanze 1800-1893 Nati 1894
Santa Maria a Vico	MC5R-Q23	1191	3:1:3QS7-L97N-ZHC	Morti, cittadinanze 1879 Nati, pubblicazioni, matrimoni, morti, cittadinanze 1800-1893 Nati 1894
Santa Maria a Vico	MC5R-Q23	1192	3:1:3QSQ-G97N-Z7S	Morti, cittadinanze 1879 Nati, pubblicazioni, matrimoni, morti, cittadinanze 1800-1893 Nati 1894
Santa Maria a Vico	MC5R-Q23	1193	3:1:3QSQ-G97N-ZW4	Morti, cittadinanze 1879 Nati, pubblicazioni, matrimoni, morti, cittadinanze 1800-1893 Nati 1894
Santa Maria a Vico	MC5R-Q23	1194	3:1:3QS7-897N-Z8D	Morti, cittadinanze 1879 Nati, pubblicazioni, matrimoni, morti, cittadinanze 1800-1893 Nati 1894
Santa Maria a Vico	MC5R-Q23	1195	3:1:3QS7-L97N-ZHW	Morti, cittadinanze 1879 Nati, pubblicazioni, matrimoni, morti, cittadinanze 1800-1893 Nati 1894
Santa Maria a Vico	MC5R-Q23	1196	3:1:3QS7-897N-Z4T	Morti, cittadinanze 1879 Nati, pubblicazioni, matrimoni, morti, cittadinanze 1800-1893 Nati 1894
Santa Maria a Vico	MC5R-Q23	1197	3:1:3QS7-L97N-ZWM	Morti, cittadinanze 1879 Nati, pubblicazioni, matrimoni, morti, cittadinanze 1800-1893 Nati 1894
Santa Maria a Vico	MC5R-Q23	1198	3:1:3QS7-L97N-Z42	Morti, cittadinanze 1879 Nati, pubblicazioni, matrimoni, morti, cittadinanze 1800-1893 Nati 1894
Santa Maria a Vico	MC5R-Q23	1199	3:1:3QS7-997N-Z4J	Morti, cittadinanze 1879 Nati, pubblicazioni, matrimoni, morti, cittadinanze 1800-1893 Nati 1894
Santa Maria a Vico	MC5R-Q23	1200	3:1:3QS7-L97N-ZS9	Morti, cittadinanze 1879 Nati, pubblicazioni, matrimoni, morti, cittadinanze 1800-1893 Nati 1894
Santa Maria a Vico	MC5R-Q23	1201	3:1:3QS7-997N-Z4V	Morti, cittadinanze 1879 Nati, pubblicazioni, matrimoni, morti, cittadinanze 1800-1893 Nati 1894
Santa Maria a Vico	MC5R-Q23	1202	3:1:3QSQ-G97N-ZWM	Morti, cittadinanze 1879 Nati, pubblicazioni, matrimoni, morti, cittadinanze 1800-1893 Nati 1894
Santa Maria a Vico	MC5R-Q23	1203	3:1:3QS7-L97N-ZWF	Morti, cittadinanze 1879 Nati, pubblicazioni, matrimoni, morti, cittadinanze 1800-1893 Nati 1894
Santa Maria a Vico	MC5R-Q23	1204	3:1:3QS7-897N-Z7N	Morti, cittadinanze 1879 Nati, pubblicazioni, matrimoni, morti, cittadinanze 1800-1893 Nati 1894
Santa Maria a Vico	MC5R-Q23	1205	3:1:3QS7-997N-ZHX	Morti, cittadinanze 1879 Nati, pubblicazioni, matrimoni, morti, cittadinanze 1800-1893 Nati 1894
Santa Maria a Vico	MC5R-Q23	1206	3:1:3QS7-L97N-ZH2	Morti, cittadinanze 1879 Nati, pubblicazioni, matrimoni, morti, cittadinanze 1800-1893 Nati 1894
Santa Maria a Vico	MC5R-Q23	1207	3:1:3QS7-997N-ZHN	Morti, cittadinanze 1879 Nati, pubblicazioni, matrimoni, morti, cittadinanze 1800-1893 Nati 1894
Santa Maria a Vico	MC5R-Q23	1208	3:1:3QSQ-G97N-Z3K	Morti, cittadinanze 1879 Nati, pubblicazioni, matrimoni, morti, cittadinanze 1800-1893 Nati 1894
Santa Maria a Vico	MC5R-Q23	1209	3:1:3QS7-897N-ZQF	Morti, cittadinanze 1879 Nati, pubblicazioni, matrimoni, morti, cittadinanze 1800-1893 Nati 1894
Santa Maria a Vico	MC5R-Q23	1210	3:1:3QS7-997N-Z7Z	Morti, cittadinanze 1879 Nati, pubblicazioni, matrimoni, morti, cittadinanze 1800-1893 Nati 1894
Santa Maria a Vico	MC5R-Q23	1211	3:1:3QSQ-G97N-Z79	Morti, cittadinanze 1879 Nati, pubblicazioni, matrimoni, morti, cittadinanze 1800-1893 Nati 1894
Santa Maria a Vico	MC5R-Q23	1212	3:1:3QSQ-G97N-ZSM	Morti, cittadinanze 1879 Nati, pubblicazioni, matrimoni, morti, cittadinanze 1800-1893 Nati 1894
Santa Maria a Vico	MC5R-Q23	1213	3:1:3QS7-997N-Z79	Morti, cittadinanze 1879 Nati, pubblicazioni, matrimoni, morti, cittadinanze 1800-1893 Nati 1894
Santa Maria a Vico	MC5R-Q23	1214	3:1:3QS7-L97N-ZQ1	Morti, cittadinanze 1879 Nati, pubblicazioni, matrimoni, morti, cittadinanze 1800-1893 Nati 1894
Santa Maria a Vico	MC5R-Q23	1215	3:1:3QSQ-G97N-ZSL	Morti, cittadinanze 1879 Nati, pubblicazioni, matrimoni, morti, cittadinanze 1800-1893 Nati 1894
Santa Maria a Vico	MC5R-Q23	1216	3:1:3QSQ-G97N-Z3F	Morti, cittadinanze 1879 Nati, pubblicazioni, matrimoni, morti, cittadinanze 1800-1893 Nati 1894
Santa Maria a Vico	MC5R-Q23	1217	3:1:3QSQ-G97N-Z74	Morti, cittadinanze 1879 Nati, pubblicazioni, matrimoni, morti, cittadinanze 1800-1893 Nati 1894
Santa Maria a Vico	MC5R-Q23	1218	3:1:3QS7-997N-ZW9	Morti, cittadinanze 1879 Nati, pubblicazioni, matrimoni, morti, cittadinanze 1800-1893 Nati 1894
Santa Maria a Vico	MC5R-Q23	1219	3:1:3QS7-997N-ZHY	Morti, cittadinanze 1879 Nati, pubblicazioni, matrimoni, morti, cittadinanze 1800-1893 Nati 1894
Santa Maria a Vico	MC5R-Q23	1220	3:1:3QS7-L97N-Z7W	Morti, cittadinanze 1879 Nati, pubblicazioni, matrimoni, morti, cittadinanze 1800-1893 Nati 1894
Santa Maria a Vico	MC5R-Q23	1221	3:1:3QSQ-G97N-Z9H	Morti, cittadinanze 1879 Nati, pubblicazioni, matrimoni, morti, cittadinanze 1800-1893 Nati 1894
Santa Maria a Vico	MC5R-Q23	1222	3:1:3QS7-L97N-Z94	Morti, cittadinanze 1879 Nati, pubblicazioni, matrimoni, morti, cittadinanze 1800-1893 Nati 1894
Santa Maria a Vico	MC5R-Q23	1223	3:1:3QS7-997N-Z3D	Morti, cittadinanze 1879 Nati, pubblicazioni, matrimoni, morti, cittadinanze 1800-1893 Nati 1894
Santa Maria a Vico	MC5R-Q23	1224	3:1:3QS7-997N-ZSM	Morti, cittadinanze 1879 Nati, pubblicazioni, matrimoni, morti, cittadinanze 1800-1893 Nati 1894
Santa Maria a Vico	MC5R-Q23	1225	3:1:3QS7-897N-Z7G	Morti, cittadinanze 1879 Nati, pubblicazioni, matrimoni, morti, cittadinanze 1800-1893 Nati 1894
Santa Maria a Vico	MC5R-Q23	1226	3:1:3QSQ-G97N-Z37	Morti, cittadinanze 1879 Nati, pubblicazioni, matrimoni, morti, cittadinanze 1800-1893 Nati 1894
Santa Maria a Vico	MC5R-Q23	1227	3:1:3QSQ-G97N-ZSS	Morti, cittadinanze 1879 Nati, pubblicazioni, matrimoni, morti, cittadinanze 1800-1893 Nati 1894
Santa Maria a Vico	MC5R-Q23	1228	3:1:3QS7-897N-ZW5	Morti, cittadinanze 1879 Nati, pubblicazioni, matrimoni, morti, cittadinanze 1800-1893 Nati 1894
Santa Maria a Vico	MC5R-Q23	1229	3:1:3QS7-L97N-ZSL	Morti, cittadinanze 1879 Nati, pubblicazioni, matrimoni, morti, cittadinanze 1800-1893 Nati 1894
Santa Maria a Vico	MC5R-Q23	1230	3:1:3QS7-897N-ZSX	Morti, cittadinanze 1879 Nati, pubblicazioni, matrimoni, morti, cittadinanze 1800-1893 Nati 1894
Santa Maria a Vico	MC5R-Q23	1231	3:1:3QS7-897N-Z9W	Morti, cittadinanze 1879 Nati, pubblicazioni, matrimoni, morti, cittadinanze 1800-1893 Nati 1894
Santa Maria a Vico	MC5R-Q23	1232	3:1:3QS7-L97N-Z3J	Morti, cittadinanze 1879 Nati, pubblicazioni, matrimoni, morti, cittadinanze 1800-1893 Nati 1894
Santa Maria a Vico	MC5R-Q23	1233	3:1:3QS7-L97N-CFJY	Morti, cittadinanze 1879 Nati, pubblicazioni, matrimoni, morti, cittadinanze 1800-1893 Nati 1894
Santa Maria a Vico	MC5R-Q23	1234	3:1:3QS7-997N-ZQY	Morti, cittadinanze 1879 Nati, pubblicazioni, matrimoni, morti, cittadinanze 1800-1893 Nati 1894
Santa Maria a Vico	MC5R-Q23	1235	3:1:3QS7-997N-Z3F	Morti, cittadinanze 1879 Nati, pubblicazioni, matrimoni, morti, cittadinanze 1800-1893 Nati 1894
Santa Maria a Vico	MC5R-Q23	1236	3:1:3QS7-997N-ZQH	Morti, cittadinanze 1879 Nati, pubblicazioni, matrimoni, morti, cittadinanze 1800-1893 Nati 1894
Santa Maria a Vico	MC5R-Q23	1237	3:1:3QS7-897N-ZQY	Morti, cittadinanze 1879 Nati, pubblicazioni, matrimoni, morti, cittadinanze 1800-1893 Nati 1894
Santa Maria a Vico	MC5R-Q23	1238	3:1:3QS7-L97N-ZK	Morti, cittadinanze 1879 Nati, pubblicazioni, matrimoni, morti, cittadinanze 1800-1893 Nati 1894
Santa Maria a Vico	MC5R-Q23	1239	3:1:3QSQ-G97N-ZK	Morti, cittadinanze 1879 Nati, pubblicazioni, matrimoni, morti, cittadinanze 1800-1893 Nati 1894
Santa Maria a Vico	MC5R-Q23	1240	3:1:3QS7-L97N-CFNN	Morti, cittadinanze 1879 Nati, pubblicazioni, matrimoni, morti, cittadinanze 1800-1893 Nati 1894
Santa Maria a Vico	MC5R-Q23	1241	3:1:3QSQ-G97N-ZS6	Morti, cittadinanze 1879 Nati, pubblicazioni, matrimoni, morti, cittadinanze 1800-1893 Nati 1894
Santa Maria a Vico	MC5R-Q23	1242	3:1:3QSQ-G97N-Z9W	Morti, cittadinanze 1879 Nati, pubblicazioni, matrimoni, morti, cittadinanze 1800-1893 Nati 1894
Santa Maria a Vico	MC5R-Q23	1243	3:1:3QS7-897N-ZSM	Morti, cittadinanze 1879 Nati, pubblicazioni, matrimoni, morti, cittadinanze 1800-1893 Nati 1894
Santa Maria a Vico	MC5R-Q23	1244	3:1:3QSQ-G97N-Z9G	Morti, cittadinanze 1879 Nati, pubblicazioni, matrimoni, morti, cittadinanze 1800-1893 Nati 1894
Santa Maria a Vico	MC5R-Q23	1245	3:1:3QS7-L97N-ZSC	Morti, cittadinanze 1879 Nati, pubblicazioni, matrimoni, morti, cittadinanze 1800-1893 Nati 1894
Santa Maria a Vico	MC5R-Q23	1246	3:1:3QS7-997N-ZQP	Morti, cittadinanze 1879 Nati, pubblicazioni, matrimoni, morti, cittadinanze 1800-1893 Nati 1894
Santa Maria a Vico	MC5R-Q23	1247	3:1:3QSQ-G97N-CFVR	Morti, cittadinanze 1879 Nati, pubblicazioni, matrimoni, morti, cittadinanze 1800-1893 Nati 1894
Santa Maria a Vico	MC5R-Q23	1248	3:1:3QS7-L97N-ZSW	Morti, cittadinanze 1879 Nati, pubblicazioni, matrimoni, morti, cittadinanze 1800-1893 Nati 1894
Santa Maria a Vico	MC5R-Q23	1249	3:1:3QS7-897N-ZK	Morti, cittadinanze 1879 Nati, pubblicazioni, matrimoni, morti, cittadinanze 1800-1893 Nati 1894
Santa Maria a Vico	MC5R-Q23	1250	3:1:3QS7-997N-ZQ2	Morti, cittadinanze 1879 Nati, pubblicazioni, matrimoni, morti, cittadinanze 1800-1893 Nati 1894
Santa Maria a Vico	MC5R-Q23	1251	3:1:3QSQ-G97N-CFV8	Morti, cittadinanze 1879 Nati, pubblicazioni, matrimoni, morti, cittadinanze 1800-1893 Nati 1894
Santa Maria a Vico	MC5R-Q23	1252	3:1:3QSQ-G97N-Z5	Morti, cittadinanze 1879 Nati, pubblicazioni, matrimoni, morti, cittadinanze 1800-1893 Nati 1894
Santa Maria a Vico	MC5R-Q23	1253	3:1:3QS7-997N-CF86	Morti, cittadinanze 1879 Nati, pubblicazioni, matrimoni, morti, cittadinanze 1800-1893 Nati 1894
Santa Maria a Vico	MC5R-Q23	1254	3:1:3QSQ-G97N-CFVH	Morti, cittadinanze 1879 Nati, pubblicazioni, matrimoni, morti, cittadinanze 1800-1893 Nati 1894
Santa Maria a Vico	MC5R-Q23	1255	3:1:3QS7-997N-Z94	Morti, cittadinanze 1879 Nati, pubblicazioni, matrimoni, morti, cittadinanze 1800-1893 Nati 1894
Santa Maria a Vico	MC5R-Q23	1256	3:1:3QSQ-G97N-CFKM	Morti, cittadinanze 1879 Nati, pubblicazioni, matrimoni, morti, cittadinanze 1800-1893 Nati 1894
Santa Maria a Vico	MC5R-Q23	1257	3:1:3QSQ-G97N-ZQ	Morti, cittadinanze 1879 Nati, pubblicazioni, matrimoni, morti, cittadinanze 1800-1893 Nati 1894
Santa Maria a Vico	MC5R-Q23	1258	3:1:3QS7-L97N-ZC	Morti, cittadinanze 1879 Nati, pubblicazioni, matrimoni, morti, cittadinanze 1800-1893 Nati 1894
Santa Maria a Vico	MC5R-Q23	1259	3:1:3QSQ-G97N-CFJK	Morti, cittadinanze 1879 Nati, pubblicazioni, matrimoni, morti, cittadinanze 1800-1893 Nati 1894
Santa Maria a Vico	MC5R-Q23	1260	3:1:3QS7-897N-Z3W	Morti, cittadinanze 1879 Nati, pubblicazioni, matrimoni, morti, cittadinanze 1800-1893 Nati 1894
Santa Maria a Vico	MC5R-Q23	1261	3:1:3QS7-L97N-CFJQ	Morti, cittadinanze 1879 Nati, pubblicazioni, matrimoni, morti, cittadinanze 1800-1893 Nati 1894
Santa Maria a Vico	MC5R-Q23	1262	3:1:3QS7-897N-CFC2	Morti, cittadinanze 1879 Nati, pubblicazioni, matrimoni, morti, cittadinanze 1800-1893 Nati 1894
Santa Maria a Vico	MC5R-Q23	1263	3:1:3QS7-997N-CF8Y	Morti, cittadinanze 1879 Nati, pubblicazioni, matrimoni, morti, cittadinanze 1800-1893 Nati 1894
Santa Maria a Vico	MC5R-Q23	1264	3:1:3QSQ-G97N-CFJB	Morti, cittadinanze 1879 Nati, pubblicazioni, matrimoni, morti, cittadinanze 1800-1893 Nati 1894
Santa Maria a Vico	MC5R-Q23	1265	3:1:3QS7-997N-CF67	Morti, cittadinanze 1879 Nati, pubblicazioni, matrimoni, morti, cittadinanze 1800-1893 Nati 1894
Santa Maria a Vico	MC5R-Q23	1266	3:1:3QS7-897N-Z9H	Morti, cittadinanze 1879 Nati, pubblicazioni, matrimoni, morti, cittadinanze 1800-1893 Nati 1894
Santa Maria a Vico	MC5R-Q23	1267	3:1:3QS7-L97N-CFNM	Morti, cittadinanze 1879 Nati, pubblicazioni, matrimoni, morti, cittadinanze 1800-1893 Nati 1894
Santa Maria a Vico	MC5R-Q23	1268	3:1:3QS7-897N-CFCW	Morti, cittadinanze 1879 Nati, pubblicazioni, matrimoni, morti, cittadinanze 1800-1893 Nati 1894
Santa Maria a Vico	MC5R-Q23	1269	3:1:3QS7-897N-CFHZ	Morti, cittadinanze 1879 Nati, pubblicazioni, matrimoni, morti, cittadinanze 1800-1893 Nati 1894
Santa Maria a Vico	MC5R-Q23	1270	3:1:3QS7-897N-CFZ3	Morti, cittadinanze 1879 Nati, pubblicazioni, matrimoni, morti, cittadinanze 1800-1893 Nati 1894
Santa Maria a Vico	MC5R-Q23	1271	3:1:3QS7-L97N-ZX	Morti, cittadinanze 1879 Nati, pubblicazioni, matrimoni, morti, cittadinanze 1800-1893 Nati 1894
Santa Maria a Vico	MC5R-Q23	1272	3:1:3QSQ-G97N-CFNK	Morti, cittadinanze 1879 Nati, pubblicazioni, matrimoni, morti, cittadinanze 1800-1893 Nati 1894
Santa Maria a Vico	MC5R-Q23	1273	3:1:3QSQ-G97N-CFJ2	Morti, cittadinanze 1879 Nati, pubblicazioni, matrimoni, morti, cittadinanze 1800-1893 Nati 1894
Santa Maria a Vico	MC5R-Q23	1274	3:1:3QS7-997N-CF88	Morti, cittadinanze 1879 Nati, pubblicazioni, matrimoni, morti, cittadinanze 1800-1893 Nati 1894
Santa Maria a Vico	MC5R-Q23	1275	3:1:3QS7-L97N-CFJG	Morti, cittadinanze 1879 Nati, pubblicazioni, matrimoni, morti, cittadinanze 1800-1893 Nati 1894
Santa Maria a Vico	MC5R-Q23	1276	3:1:3QS7-L97N-CFNK	Morti, cittadinanze 1879 Nati, pubblicazioni, matrimoni, morti, cittadinanze 1800-1893 Nati 1894
Santa Maria a Vico	MC5R-Q23	1277	3:1:3QS7-997N-CFXG	Morti, cittadinanze 1879 Nati, pubblicazioni, matrimoni, morti, cittadinanze 1800-1893 Nati 1894
Santa Maria a Vico	MC5R-Q23	1278	3:1:3QS7-897N-CFQ7	Morti, cittadinanze 1879 Nati, pubblicazioni, matrimoni, morti, cittadinanze 1800-1893 Nati 1894
Santa Maria a Vico	MC5R-Q23	1279	3:1:3QS7-897N-CFQY	Morti, cittadinanze 1879 Nati, pubblicazioni, matrimoni, morti, cittadinanze 1800-1893 Nati 1894
Santa Maria a Vico	MC5R-Q23	1280	3:1:3QSQ-G97N-CF6Y	Morti, cittadinanze 1879 Nati, pubblicazioni, matrimoni, morti, cittadinanze 1800-1893 Nati 1894
Santa Maria a Vico	MC5R-Q23	1281	3:1:3QS7-L97N-CFN9	Morti, cittadinanze 1879 Nati, pubblicazioni, matrimoni, morti, cittadinanze 1800-1893 Nati 1894
Santa Maria a Vico	MC5R-Q23	1282	3:1:3QSQ-G97N-CFJ7	Morti, cittadinanze 1879 Nati, pubblicazioni, matrimoni, morti, cittadinanze 1800-1893 Nati 1894
Santa Maria a Vico	MC5R-Q23	1283	3:1:3QSQ-G97N-CFN5	Morti, cittadinanze 1879 Nati, pubblicazioni, matrimoni, morti, cittadinanze 1800-1893 Nati 1894
Santa Maria a Vico	MC5R-Q23	1284	3:1:3QS7-897N-CF8H	Morti, cittadinanze 1879 Nati, pubblicazioni, matrimoni, morti, cittadinanze 1800-1893 Nati 1894
Santa Maria a Vico	MC5R-Q23	1285	3:1:3QSQ-G97N-CFJP	Morti, cittadinanze 1879 Nati, pubblicazioni, matrimoni, morti, cittadinanze 1800-1893 Nati 1894
Santa Maria a Vico	MC5R-Q23	1286	3:1:3QS7-L97N-CFD4	Morti, cittadinanze 1879 Nati, pubblicazioni, matrimoni, morti, cittadinanze 1800-1893 Nati 1894
Santa Maria a Vico	MC5R-Q23	1287	3:1:3QS7-997N-CFC2	Morti, cittadinanze 1879 Nati, pubblicazioni, matrimoni, morti, cittadinanze 1800-1893 Nati 1894
Santa Maria a Vico	MC5R-Q23	1288	3:1:3QS7-997N-CF87	Morti, cittadinanze 1879 Nati, pubblicazioni, matrimoni, morti, cittadinanze 1800-1893 Nati 1894
Santa Maria a Vico	MC5R-Q23	1289	3:1:3QS7-897N-CFW1	Morti, cittadinanze 1879 Nati, pubblicazioni, matrimoni, morti, cittadinanze 1800-1893 Nati 1894
Santa Maria a Vico	MC5R-Q23	1290	3:1:3QS7-897N-CFCN	Morti, cittadinanze 1879 Nati, pubblicazioni, matrimoni, morti, cittadinanze 1800-1893 Nati 1894
Santa Maria a Vico	MC5R-Q23	1291	3:1:3QSQ-G97N-CFX4	Morti, cittadinanze 1879 Nati, pubblicazioni, matrimoni, morti, cittadinanze 1800-1893 Nati 1894
Santa Maria a Vico	MC5R-Q23	1292	3:1:3QS7-897N-CF4W	Morti, cittadinanze 1879 Nati, pubblicazioni, matrimoni, morti, cittadinanze 1800-1893 Nati 1894
Santa Maria a Vico	MC5R-Q23	1293	3:1:3QS7-997N-CF8T	Morti, cittadinanze 1879 Nati, pubblicazioni, matrimoni, morti, cittadinanze 1800-1893 Nati 1894
Santa Maria a Vico	MC5R-Q23	1294	3:1:3QS7-897N-CFSS	Morti, cittadinanze 1879 Nati, pubblicazioni, matrimoni, morti, cittadinanze 1800-1893 Nati 1894
Santa Maria a Vico	MC5R-Q23	1295	3:1:3QSQ-G97N-CF8B	Morti, cittadinanze 1879 Nati, pubblicazioni, matrimoni, morti, cittadinanze 1800-1893 Nati 1894
Santa Maria a Vico	MC5R-Q23	1296	3:1:3QS7-897N-CFQP	Morti, cittadinanze 1879 Nati, pubblicazioni, matrimoni, morti, cittadinanze 1800-1893 Nati 1894
Santa Maria a Vico	MC5R-Q23	1297	3:1:3QSQ-G97N-CFD1	Morti, cittadinanze 1879 Nati, pubblicazioni, matrimoni, morti, cittadinanze 1800-1893 Nati 1894
Santa Maria a Vico	MC5R-Q23	1298	3:1:3QS7-997N-CFZR	Morti, cittadinanze 1879 Nati, pubblicazioni, matrimoni, morti, cittadinanze 1800-1893 Nati 1894
Santa Maria a Vico	MC5R-Q23	1299	3:1:3QSQ-G97N-CF6T	Morti, cittadinanze 1879 Nati, pubblicazioni, matrimoni, morti, cittadinanze 1800-1893 Nati 1894
Santa Maria a Vico	MC5R-Q23	1300	3:1:3QS7-897N-CF77	Morti, cittadinanze 1879 Nati, pubblicazioni, matrimoni, morti, cittadinanze 1800-1893 Nati 1894
Santa Maria a Vico	MC5R-Q23	1301	3:1:3QS7-997N-CF8Z	Morti, cittadinanze 1879 Nati, pubblicazioni, matrimoni, morti, cittadinanze 1800-1893 Nati 1894
Santa Maria a Vico	MC5R-Q23	1302	3:1:3QSQ-G97N-CFNW	Morti, cittadinanze 1879 Nati, pubblicazioni, matrimoni, morti, cittadinanze 1800-1893 Nati 1894
Santa Maria a Vico	MC5R-Q23	1303	3:1:3QS7-L97N-CF6K	Morti, cittadinanze 1879 Nati, pubblicazioni, matrimoni, morti, cittadinanze 1800-1893 Nati 1894
Santa Maria a Vico	MC5R-Q23	1304	3:1:3QS7-L97N-CFZX	Morti, cittadinanze 1879 Nati, pubblicazioni, matrimoni, morti, cittadinanze 1800-1893 Nati 1894
Santa Maria a Vico	MC5R-Q23	1305	3:1:3QSQ-G97N-CF64	Morti, cittadinanze 1879 Nati, pubblicazioni, matrimoni, morti, cittadinanze 1800-1893 Nati 1894
Santa Maria a Vico	MC5R-Q23	1306	3:1:3QS7-897N-CFQF	Morti, cittadinanze 1879 Nati, pubblicazioni, matrimoni, morti, cittadinanze 1800-1893 Nati 1894
Santa Maria a Vico	MC5R-Q23	1307	3:1:3QS7-L97N-CF6W	Morti, cittadinanze 1879 Nati, pubblicazioni, matrimoni, morti, cittadinanze 1800-1893 Nati 1894
Santa Maria a Vico	MC5R-Q23	1308	3:1:3QS7-897N-CX1G	Morti, cittadinanze 1879 Nati, pubblicazioni, matrimoni, morti, cittadinanze 1800-1893 Nati 1894
Santa Maria a Vico	MC5R-Q23	1309	3:1:3QS7-L97N-CFDH	Morti, cittadinanze 1879 Nati, pubblicazioni, matrimoni, morti, cittadinanze 1800-1893 Nati 1894
Santa Maria a Vico	MC5R-Q23	1310	3:1:3QS7-897N-CF43	Morti, cittadinanze 1879 Nati, pubblicazioni, matrimoni, morti, cittadinanze 1800-1893 Nati 1894
Santa Maria a Vico	MC5R-Q23	1311	3:1:3QS7-897N-CF9B	Morti, cittadinanze 1879 Nati, pubblicazioni, matrimoni, morti, cittadinanze 1800-1893 Nati 1894
Santa Maria a Vico	MC5R-Q23	1312	3:1:3QS7-897N-CF93	Morti, cittadinanze 1879 Nati, pubblicazioni, matrimoni, morti, cittadinanze 1800-1893 Nati 1894
Santa Maria a Vico	MC5R-Q23	1313	3:1:3QS7-L97N-CF8Z	Morti, cittadinanze 1879 Nati, pubblicazioni, matrimoni, morti, cittadinanze 1800-1893 Nati 1894
Santa Maria a Vico	MC5R-Q23	1314	3:1:3QS7-997N-CF4H	Morti, cittadinanze 1879 Nati, pubblicazioni, matrimoni, morti, cittadinanze 1800-1893 Nati 1894
Santa Maria a Vico	MC5R-Q23	1315	3:1:3QS7-897N-CFWN	Morti, cittadinanze 1879 Nati, pubblicazioni, matrimoni, morti, cittadinanze 1800-1893 Nati 1894
Santa Maria a Vico	MC5R-Q23	1316	3:1:3QS7-997N-CFHV	Morti, cittadinanze 1879 Nati, pubblicazioni, matrimoni, morti, cittadinanze 1800-1893 Nati 1894
Santa Maria a Vico	MC5R-Q23	1317	3:1:3QS7-L97N-CFDS	Morti, cittadinanze 1879 Nati, pubblicazioni, matrimoni, morti, cittadinanze 1800-1893 Nati 1894
Santa Maria a Vico	MC5R-Q23	1318	3:1:3QS7-997N-CF44	Morti, cittadinanze 1879 Nati, pubblicazioni, matrimoni, morti, cittadinanze 1800-1893 Nati 1894
Santa Maria a Vico	MC5R-Q23	1319	3:1:3QS7-997N-CF7G	Morti, cittadinanze 1879 Nati, pubblicazioni, matrimoni, morti, cittadinanze 1800-1893 Nati 1894
Santa Maria a Vico	MC5R-Q23	1320	3:1:3QS7-L97N-CF4Y	Morti, cittadinanze 1879 Nati, pubblicazioni, matrimoni, morti, cittadinanze 1800-1893 Nati 1894
Santa Maria a Vico	MC5R-Q23	1321	3:1:3QSQ-G97N-CFDR	Morti, cittadinanze 1879 Nati, pubblicazioni, matrimoni, morti, cittadinanze 1800-1893 Nati 1894
Santa Maria a Vico	MC5R-Q23	1322	3:1:3QS7-997N-CF72	Morti, cittadinanze 1879 Nati, pubblicazioni, matrimoni, morti, cittadinanze 1800-1893 Nati 1894
Santa Maria a Vico	MC5R-Q23	1323	3:1:3QS7-997N-CFWJ	Morti, cittadinanze 1879 Nati, pubblicazioni, matrimoni, morti, cittadinanze 1800-1893 Nati 1894
Santa Maria a Vico	MC5R-Q23	1324	3:1:3QS7-997N-CF4N	Morti, cittadinanze 1879 Nati, pubblicazioni, matrimoni, morti, cittadinanze 1800-1893 Nati 1894
Santa Maria a Vico	MC5R-Q23	1325	3:1:3QSQ-G97N-CF6X	Morti, cittadinanze 1879 Nati, pubblicazioni, matrimoni, morti, cittadinanze 1800-1893 Nati 1894
Santa Maria a Vico	MC5R-Q23	1326	3:1:3QS7-L97N-CF8K	Morti, cittadinanze 1879 Nati, pubblicazioni, matrimoni, morti, cittadinanze 1800-1893 Nati 1894
Santa Maria a Vico	MC5R-Q23	1327	3:1:3QS7-897N-CFQ4	Morti, cittadinanze 1879 Nati, pubblicazioni, matrimoni, morti, cittadinanze 1800-1893 Nati 1894
Santa Maria a Vico	MC5R-Q23	1328	3:1:3QS7-997N-CF74	Morti, cittadinanze 1879 Nati, pubblicazioni, matrimoni, morti, cittadinanze 1800-1893 Nati 1894
Santa Maria a Vico	MC5R-Q23	1329	3:1:3QSQ-G97N-CFD3	Morti, cittadinanze 1879 Nati, pubblicazioni, matrimoni, morti, cittadinanze 1800-1893 Nati 1894
Santa Maria a Vico	MC5R-Q23	1330	3:1:3QS7-L97N-CFCR	Morti, cittadinanze 1879 Nati, pubblicazioni, matrimoni, morti, cittadinanze 1800-1893 Nati 1894
Santa Maria a Vico	MC5R-Q23	1331	3:1:3QS7-897N-CFQD	Morti, cittadinanze 1879 Nati, pubblicazioni, matrimoni, morti, cittadinanze 1800-1893 Nati 1894
Santa Maria a Vico	MC5R-Q23	1332	3:1:3QS7-897N-CF9X	Morti, cittadinanze 1879 Nati, pubblicazioni, matrimoni, morti, cittadinanze 1800-1893 Nati 1894
Santa Maria a Vico	MC5R-Q23	1333	3:1:3QS7-897N-CFQS	Morti, cittadinanze 1879 Nati, pubblicazioni, matrimoni, morti, cittadinanze 1800-1893 Nati 1894
Santa Maria a Vico	MC5R-Q23	1334	3:1:3QS7-L97N-CFCJ	Morti, cittadinanze 1879 Nati, pubblicazioni, matrimoni, morti, cittadinanze 1800-1893 Nati 1894
Santa Maria a Vico	MC5R-Q23	1335	3:1:3QS7-L97N-CFWQ	Morti, cittadinanze 1879 Nati, pubblicazioni, matrimoni, morti, cittadinanze 1800-1893 Nati 1894
Santa Maria a Vico	MC5R-Q23	1336	3:1:3QS7-997N-CF7F	Morti, cittadinanze 1879 Nati, pubblicazioni, matrimoni, morti, cittadinanze 1800-1893 Nati 1894
Santa Maria a Vico	MC5R-Q23	1337	3:1:3QS7-L97N-CFHM	Morti, cittadinanze 1879 Nati, pubblicazioni, matrimoni, morti, cittadinanze 1800-1893 Nati 1894
Santa Maria a Vico	MC5R-Q23	1338	3:1:3QS7-897N-CF3M	Morti, cittadinanze 1879 Nati, pubblicazioni, matrimoni, morti, cittadinanze 1800-1893 Nati 1894
Santa Maria a Vico	MC5R-Q23	1339	3:1:3QS7-L97N-CFCF	Morti, cittadinanze 1879 Nati, pubblicazioni, matrimoni, morti, cittadinanze 1800-1893 Nati 1894
Santa Maria a Vico	MC5R-Q23	1340	3:1:3QS7-L97N-CFHP	Morti, cittadinanze 1879 Nati, pubblicazioni, matrimoni, morti, cittadinanze 1800-1893 Nati 1894
Santa Maria a Vico	MC5R-Q23	1341	3:1:3QS7-897N-CFMR	Morti, cittadinanze 1879 Nati, pubblicazioni, matrimoni, morti, cittadinanze 1800-1893 Nati 1894
Santa Maria a Vico	MC5R-Q23	1342	3:1:3QSQ-G97N-CFHT	Morti, cittadinanze 1879 Nati, pubblicazioni, matrimoni, morti, cittadinanze 1800-1893 Nati 1894
Santa Maria a Vico	MC5R-Q23	1343	3:1:3QS7-L97N-CF7R	Morti, cittadinanze 1879 Nati, pubblicazioni, matrimoni, morti, cittadinanze 1800-1893 Nati 1894
Santa Maria a Vico	MC5R-Q23	1344	3:1:3QS7-897N-CF94	Morti, cittadinanze 1879 Nati, pubblicazioni, matrimoni, morti, cittadinanze 1800-1893 Nati 1894
Santa Maria a Vico	MC5R-Q23	1345	3:1:3QS7-897N-CFM2	Morti, cittadinanze 1879 Nati, pubblicazioni, matrimoni, morti, cittadinanze 1800-1893 Nati 1894
Santa Maria a Vico	MC5R-Q23	1346	3:1:3QSQ-G97N-CFHS	Morti, cittadinanze 1879 Nati, pubblicazioni, matrimoni, morti, cittadinanze 1800-1893 Nati 1894
Santa Maria a Vico	MC5R-Q23	1347	3:1:3QS7-897N-CX1L	Morti, cittadinanze 1879 Nati, pubblicazioni, matrimoni, morti, cittadinanze 1800-1893 Nati 1894
Santa Maria a Vico	MC5R-Q23	1348	3:1:3QS7-997N-CF3V	Morti, cittadinanze 1879 Nati, pubblicazioni, matrimoni, morti, cittadinanze 1800-1893 Nati 1894
Santa Maria a Vico	MC5R-Q23	1349	3:1:3QSQ-G97N-CFZC	Morti, cittadinanze 1879 Nati, pubblicazioni, matrimoni, morti, cittadinanze 1800-1893 Nati 1894
Santa Maria a Vico	MC5R-Q23	1350	3:1:3QS7-L97N-CF3B	Morti, cittadinanze 1879 Nati, pubblicazioni, matrimoni, morti, cittadinanze 1800-1893 Nati 1894
Santa Maria a Vico	MC5R-Q23	1351	3:1:3QS7-997N-CF3W	Morti, cittadinanze 1879 Nati, pubblicazioni, matrimoni, morti, cittadinanze 1800-1893 Nati 1894
Santa Maria a Vico	MC5R-Q23	1352	3:1:3QS7-L97N-CF75	Morti, cittadinanze 1879 Nati, pubblicazioni, matrimoni, morti, cittadinanze 1800-1893 Nati 1894
Santa Maria a Vico	MC5R-Q23	1353	3:1:3QS7-997N-CFQS	Morti, cittadinanze 1879 Nati, pubblicazioni, matrimoni, morti, cittadinanze 1800-1893 Nati 1894
Santa Maria a Vico	MC5R-Q23	1354	3:1:3QS7-897N-CFMB	Morti, cittadinanze 1879 Nati, pubblicazioni, matrimoni, morti, cittadinanze 1800-1893 Nati 1894
Santa Maria a Vico	MC5R-Q23	1355	3:1:3QS7-L97N-CFC8	Morti, cittadinanze 1879 Nati, pubblicazioni, matrimoni, morti, cittadinanze 1800-1893 Nati 1894
Santa Maria a Vico	MC5R-Q23	1356	3:1:3QS7-897N-CF9N	Morti, cittadinanze 1879 Nati, pubblicazioni, matrimoni, morti, cittadinanze 1800-1893 Nati 1894
Santa Maria a Vico	MC5R-Q23	1357	3:1:3QS7-L97N-CFW5	Morti, cittadinanze 1879 Nati, pubblicazioni, matrimoni, morti, cittadinanze 1800-1893 Nati 1894
Santa Maria a Vico	MC5R-Q23	1358	3:1:3QS7-997N-CF3F	Morti, cittadinanze 1879 Nati, pubblicazioni, matrimoni, morti, cittadinanze 1800-1893 Nati 1894
Santa Maria a Vico	MC5R-Q23	1359	3:1:3QSQ-G97N-CFZ6	Morti, cittadinanze 1879 Nati, pubblicazioni, matrimoni, morti, cittadinanze 1800-1893 Nati 1894
Santa Maria a Vico	MC5R-Q23	1360	3:1:3QSQ-G97N-CFCT	Morti, cittadinanze 1879 Nati, pubblicazioni, matrimoni, morti, cittadinanze 1800-1893 Nati 1894
Santa Maria a Vico	MC5R-Q23	1361	3:1:3QS7-L97N-CFHT	Morti, cittadinanze 1879 Nati, pubblicazioni, matrimoni, morti, cittadinanze 1800-1893 Nati 1894
Santa Maria a Vico	MC5R-Q23	1362	3:1:3QS7-L97N-CF7G	Morti, cittadinanze 1879 Nati, pubblicazioni, matrimoni, morti, cittadinanze 1800-1893 Nati 1894
Santa Maria a Vico	MC5R-Q23	1363	3:1:3QS7-L97N-CFWJ	Morti, cittadinanze 1879 Nati, pubblicazioni, matrimoni, morti, cittadinanze 1800-1893 Nati 1894
Santa Maria a Vico	MC5R-Q23	1364	3:1:3QSQ-G97N-CFHJ	Morti, cittadinanze 1879 Nati, pubblicazioni, matrimoni, morti, cittadinanze 1800-1893 Nati 1894
Santa Maria a Vico	MC5R-Q23	1365	3:1:3QS7-L97N-CFHF	Morti, cittadinanze 1879 Nati, pubblicazioni, matrimoni, morti, cittadinanze 1800-1893 Nati 1894
Santa Maria a Vico	MC5R-Q23	1366	3:1:3QS7-L97N-CF3F	Morti, cittadinanze 1879 Nati, pubblicazioni, matrimoni, morti, cittadinanze 1800-1893 Nati 1894
Santa Maria a Vico	MC5R-Q23	1367	3:1:3QSQ-G97N-CFCW	Morti, cittadinanze 1879 Nati, pubblicazioni, matrimoni, morti, cittadinanze 1800-1893 Nati 1894
Santa Maria a Vico	MC5R-Q23	1368	3:1:3QS7-L97N-CFQX	Morti, cittadinanze 1879 Nati, pubblicazioni, matrimoni, morti, cittadinanze 1800-1893 Nati 1894
Santa Maria a Vico	MC5R-Q23	1369	3:1:3QSQ-G97N-CFHB	Morti, cittadinanze 1879 Nati, pubblicazioni, matrimoni, morti, cittadinanze 1800-1893 Nati 1894
Santa Maria a Vico	MC5R-Q23	1370	3:1:3QS7-897N-CXBN	Morti, cittadinanze 1879 Nati, pubblicazioni, matrimoni, morti, cittadinanze 1800-1893 Nati 1894
Santa Maria a Vico	MC5R-Q23	1371	3:1:3QS7-897N-CFMC	Morti, cittadinanze 1879 Nati, pubblicazioni, matrimoni, morti, cittadinanze 1800-1893 Nati 1894
Santa Maria a Vico	MC5R-Q23	1372	3:1:3QS7-997N-CXBZ	Morti, cittadinanze 1879 Nati, pubblicazioni, matrimoni, morti, cittadinanze 1800-1893 Nati 1894
Santa Maria a Vico	MC5R-Q23	1373	3:1:3QSQ-G97N-CFHC	Morti, cittadinanze 1879 Nati, pubblicazioni, matrimoni, morti, cittadinanze 1800-1893 Nati 1894
Santa Maria a Vico	MC5R-Q23	1374	3:1:3QSQ-G97N-CF45	Morti, cittadinanze 1879 Nati, pubblicazioni, matrimoni, morti, cittadinanze 1800-1893 Nati 1894
Santa Maria a Vico	MC5R-Q23	1375	3:1:3QS7-L97N-CF43	Morti, cittadinanze 1879 Nati, pubblicazioni, matrimoni, morti, cittadinanze 1800-1893 Nati 1894
Santa Maria a Vico	MC5R-Q23	1376	3:1:3QS7-897N-CX1S	Morti, cittadinanze 1879 Nati, pubblicazioni, matrimoni, morti, cittadinanze 1800-1893 Nati 1894
Santa Maria a Vico	MC5R-Q23	1377	3:1:3QSQ-G97N-CF7V	Morti, cittadinanze 1879 Nati, pubblicazioni, matrimoni, morti, cittadinanze 1800-1893 Nati 1894
Santa Maria a Vico	MC5R-Q23	1378	3:1:3QSQ-G97N-CF72	Morti, cittadinanze 1879 Nati, pubblicazioni, matrimoni, morti, cittadinanze 1800-1893 Nati 1894
Santa Maria a Vico	MC5R-Q23	1379	3:1:3QS7-L97N-CF4X	Morti, cittadinanze 1879 Nati, pubblicazioni, matrimoni, morti, cittadinanze 1800-1893 Nati 1894
Santa Maria a Vico	MC5R-Q23	1380	3:1:3QS7-897N-CXT5	Morti, cittadinanze 1879 Nati, pubblicazioni, matrimoni, morti, cittadinanze 1800-1893 Nati 1894
Santa Maria a Vico	MC5R-Q23	1381	3:1:3QS7-997N-CFSX	Morti, cittadinanze 1879 Nati, pubblicazioni, matrimoni, morti, cittadinanze 1800-1893 Nati 1894
Santa Maria a Vico	MC5R-Q23	1382	3:1:3QS7-997N-CX1G	Morti, cittadinanze 1879 Nati, pubblicazioni, matrimoni, morti, cittadinanze 1800-1893 Nati 1894
Santa Maria a Vico	MC5R-Q23	1383	3:1:3QS7-997N-CXB6	Morti, cittadinanze 1879 Nati, pubblicazioni, matrimoni, morti, cittadinanze 1800-1893 Nati 1894
Santa Maria a Vico	MC5R-Q23	1384	3:1:3QSQ-G97N-CFH4	Morti, cittadinanze 1879 Nati, pubblicazioni, matrimoni, morti, cittadinanze 1800-1893 Nati 1894
Santa Maria a Vico	MC5R-Q23	1385	3:1:3QSQ-G97N-CFQ4	Morti, cittadinanze 1879 Nati, pubblicazioni, matrimoni, morti, cittadinanze 1800-1893 Nati 1894
Santa Maria a Vico	MC5R-Q23	1386	3:1:3QS7-897N-CXBH	Morti, cittadinanze 1879 Nati, pubblicazioni, matrimoni, morti, cittadinanze 1800-1893 Nati 1894
Santa Maria a Vico	MC5R-Q23	1387	3:1:3QS7-897N-CX12	Morti, cittadinanze 1879 Nati, pubblicazioni, matrimoni, morti, cittadinanze 1800-1893 Nati 1894
Santa Maria a Vico	MC5R-Q23	1388	3:1:3QSQ-G97N-CF4D	Morti, cittadinanze 1879 Nati, pubblicazioni, matrimoni, morti, cittadinanze 1800-1893 Nati 1894
Santa Maria a Vico	MC5R-Q23	1389	3:1:3QS7-997N-CF9H	Morti, cittadinanze 1879 Nati, pubblicazioni, matrimoni, morti, cittadinanze 1800-1893 Nati 1894
Santa Maria a Vico	MC5R-Q23	1390	3:1:3QS7-997N-CX1D	Morti, cittadinanze 1879 Nati, pubblicazioni, matrimoni, morti, cittadinanze 1800-1893 Nati 1894
Santa Maria a Vico	MC5R-Q23	1391	3:1:3QS7-L97N-CF9Y	Morti, cittadinanze 1879 Nati, pubblicazioni, matrimoni, morti, cittadinanze 1800-1893 Nati 1894
Santa Maria a Vico	MC5R-Q23	1392	3:1:3QSQ-G97N-CFQZ	Morti, cittadinanze 1879 Nati, pubblicazioni, matrimoni, morti, cittadinanze 1800-1893 Nati 1894
Santa Maria a Vico	MC5R-Q23	1393	3:1:3QS7-897N-CXTC	Morti, cittadinanze 1879 Nati, pubblicazioni, matrimoni, morti, cittadinanze 1800-1893 Nati 1894
Santa Maria a Vico	MC5R-Q23	1394	3:1:3QS7-L97N-CFM8	Morti, cittadinanze 1879 Nati, pubblicazioni, matrimoni, morti, cittadinanze 1800-1893 Nati 1894
Santa Maria a Vico	MC5R-Q23	1395	3:1:3QS7-997N-CX1W	Morti, cittadinanze 1879 Nati, pubblicazioni, matrimoni, morti, cittadinanze 1800-1893 Nati 1894
Santa Maria a Vico	MC5R-Q23	1396	3:1:3QS7-897N-CXT7	Morti, cittadinanze 1879 Nati, pubblicazioni, matrimoni, morti, cittadinanze 1800-1893 Nati 1894
Santa Maria a Vico	MC5R-Q23	1397	3:1:3QS7-897N-CXTG	Morti, cittadinanze 1879 Nati, pubblicazioni, matrimoni, morti, cittadinanze 1800-1893 Nati 1894
Santa Maria a Vico	MC5R-Q23	1398	3:1:3QS7-L97N-CFW1	Morti, cittadinanze 1879 Nati, pubblicazioni, matrimoni, morti, cittadinanze 1800-1893 Nati 1894
Santa Maria a Vico	MC5R-Q23	1399	3:1:3QS7-L97N-CF96	Morti, cittadinanze 1879 Nati, pubblicazioni, matrimoni, morti, cittadinanze 1800-1893 Nati 1894
Santa Maria a Vico	MC5R-Q23	1400	3:1:3QS7-897N-CXYF	Morti, cittadinanze 1879 Nati, pubblicazioni, matrimoni, morti, cittadinanze 1800-1893 Nati 1894
Santa Maria a Vico	MC5R-Q23	1401	3:1:3QS7-L97N-CFSN	Morti, cittadinanze 1879 Nati, pubblicazioni, matrimoni, morti, cittadinanze 1800-1893 Nati 1894
Santa Maria a Vico	MC5R-Q23	1402	3:1:3QS7-997N-CX1Z	Morti, cittadinanze 1879 Nati, pubblicazioni, matrimoni, morti, cittadinanze 1800-1893 Nati 1894
Santa Maria a Vico	MC5R-Q23	1403	3:1:3QS7-897N-CXP5	Morti, cittadinanze 1879 Nati, pubblicazioni, matrimoni, morti, cittadinanze 1800-1893 Nati 1894
Santa Maria a Vico	MC5R-Q23	1404	3:1:3QS7-997N-CXY3	Morti, cittadinanze 1879 Nati, pubblicazioni, matrimoni, morti, cittadinanze 1800-1893 Nati 1894
Santa Maria a Vico	MC5R-Q23	1405	3:1:3QSQ-G97N-CF7T	Morti, cittadinanze 1879 Nati, pubblicazioni, matrimoni, morti, cittadinanze 1800-1893 Nati 1894
Santa Maria a Vico	MC5R-Q23	1406	3:1:3QS7-997N-CFMJ	Morti, cittadinanze 1879 Nati, pubblicazioni, matrimoni, morti, cittadinanze 1800-1893 Nati 1894
Santa Maria a Vico	MC5R-Q23	1407	3:1:3QS7-L97N-CXBH	Morti, cittadinanze 1879 Nati, pubblicazioni, matrimoni, morti, cittadinanze 1800-1893 Nati 1894
Santa Maria a Vico	MC5R-Q23	1408	3:1:3QS7-997N-CXRB	Morti, cittadinanze 1879 Nati, pubblicazioni, matrimoni, morti, cittadinanze 1800-1893 Nati 1894
Santa Maria a Vico	MC5R-Q23	1409	3:1:3QSQ-G97N-CFWK	Morti, cittadinanze 1879 Nati, pubblicazioni, matrimoni, morti, cittadinanze 1800-1893 Nati 1894
Santa Maria a Vico	MC5R-Q23	1410	3:1:3QS7-L97N-CFSK	Morti, cittadinanze 1879 Nati, pubblicazioni, matrimoni, morti, cittadinanze 1800-1893 Nati 1894
Santa Maria a Vico	MC5R-Q23	1411	3:1:3QS7-L97N-CF9P	Morti, cittadinanze 1879 Nati, pubblicazioni, matrimoni, morti, cittadinanze 1800-1893 Nati 1894
Santa Maria a Vico	MC5R-Q23	1412	3:1:3QS7-897N-CXTT	Morti, cittadinanze 1879 Nati, pubblicazioni, matrimoni, morti, cittadinanze 1800-1893 Nati 1894
Santa Maria a Vico	MC5R-Q23	1413	3:1:3QS7-997N-CXYY	Morti, cittadinanze 1879 Nati, pubblicazioni, matrimoni, morti, cittadinanze 1800-1893 Nati 1894
Santa Maria a Vico	MC5R-Q23	1414	3:1:3QS7-997N-CX52	Morti, cittadinanze 1879 Nati, pubblicazioni, matrimoni, morti, cittadinanze 1800-1893 Nati 1894
Santa Maria a Vico	MC5R-Q23	1415	3:1:3QSQ-G97N-CFQQ	Morti, cittadinanze 1879 Nati, pubblicazioni, matrimoni, morti, cittadinanze 1800-1893 Nati 1894
Santa Maria a Vico	MC5R-Q23	1416	3:1:3QS7-997N-CXRY	Morti, cittadinanze 1879 Nati, pubblicazioni, matrimoni, morti, cittadinanze 1800-1893 Nati 1894
Santa Maria a Vico	MC5R-Q23	1417	3:1:3QS7-L97N-CFS3	Morti, cittadinanze 1879 Nati, pubblicazioni, matrimoni, morti, cittadinanze 1800-1893 Nati 1894
Santa Maria a Vico	MC5R-Q23	1418	3:1:3QS7-897N-CXTS	Morti, cittadinanze 1879 Nati, pubblicazioni, matrimoni, morti, cittadinanze 1800-1893 Nati 1894
Santa Maria a Vico	MC5R-Q23	1419	3:1:3QSQ-G97N-CFQK	Morti, cittadinanze 1879 Nati, pubblicazioni, matrimoni, morti, cittadinanze 1800-1893 Nati 1894
Santa Maria a Vico	MC5R-Q23	1420	3:1:3QS7-897N-CXLD	Morti, cittadinanze 1879 Nati, pubblicazioni, matrimoni, morti, cittadinanze 1800-1893 Nati 1894
Santa Maria a Vico	MC5R-Q23	1421	3:1:3QS7-L97N-CFMD	Morti, cittadinanze 1879 Nati, pubblicazioni, matrimoni, morti, cittadinanze 1800-1893 Nati 1894
Santa Maria a Vico	MC5R-Q23	1422	3:1:3QS7-L97N-CX16	Morti, cittadinanze 1879 Nati, pubblicazioni, matrimoni, morti, cittadinanze 1800-1893 Nati 1894
Santa Maria a Vico	MC5R-Q23	1423	3:1:3QS7-897N-CX53	Morti, cittadinanze 1879 Nati, pubblicazioni, matrimoni, morti, cittadinanze 1800-1893 Nati 1894
Santa Maria a Vico	MC5R-Q23	1424	3:1:3QSQ-G97N-CFQ7	Morti, cittadinanze 1879 Nati, pubblicazioni, matrimoni, morti, cittadinanze 1800-1893 Nati 1894
Santa Maria a Vico	MC5R-Q23	1425	3:1:3QS7-897N-CXRH	Morti, cittadinanze 1879 Nati, pubblicazioni, matrimoni, morti, cittadinanze 1800-1893 Nati 1894
Santa Maria a Vico	MC5R-Q23	1426	3:1:3QSQ-G97N-CFS7	Morti, cittadinanze 1879 Nati, pubblicazioni, matrimoni, morti, cittadinanze 1800-1893 Nati 1894
Santa Maria a Vico	MC5R-Q23	1427	3:1:3QS7-897N-CXGG	Morti, cittadinanze 1879 Nati, pubblicazioni, matrimoni, morti, cittadinanze 1800-1893 Nati 1894
Santa Maria a Vico	MC5R-Q23	1428	3:1:3QS7-897N-CXLG	Morti, cittadinanze 1879 Nati, pubblicazioni, matrimoni, morti, cittadinanze 1800-1893 Nati 1894
Santa Maria a Vico	MC5R-Q23	1429	3:1:3QSQ-G97N-CFQ2	Morti, cittadinanze 1879 Nati, pubblicazioni, matrimoni, morti, cittadinanze 1800-1893 Nati 1894
Santa Maria a Vico	MC5R-Q23	1430	3:1:3QSQ-G97N-CF3Y	Morti, cittadinanze 1879 Nati, pubblicazioni, matrimoni, morti, cittadinanze 1800-1893 Nati 1894
Santa Maria a Vico	MC5R-Q23	1431	3:1:3QS7-L97N-CXB7	Morti, cittadinanze 1879 Nati, pubblicazioni, matrimoni, morti, cittadinanze 1800-1893 Nati 1894
Santa Maria a Vico	MC5R-Q23	1432	3:1:3QS7-897N-CX2S	Morti, cittadinanze 1879 Nati, pubblicazioni, matrimoni, morti, cittadinanze 1800-1893 Nati 1894
Santa Maria a Vico	MC5R-Q23	1433	3:1:3QS7-L97N-CXR1	Morti, cittadinanze 1879 Nati, pubblicazioni, matrimoni, morti, cittadinanze 1800-1893 Nati 1894
Santa Maria a Vico	MC5R-Q23	1434	3:1:3QS7-L97N-CXB5	Morti, cittadinanze 1879 Nati, pubblicazioni, matrimoni, morti, cittadinanze 1800-1893 Nati 1894
Santa Maria a Vico	MC5R-Q23	1435	3:1:3QS7-897N-CXLC	Morti, cittadinanze 1879 Nati, pubblicazioni, matrimoni, morti, cittadinanze 1800-1893 Nati 1894
Santa Maria a Vico	MC5R-Q23	1436	3:1:3QS7-L97N-CF93	Morti, cittadinanze 1879 Nati, pubblicazioni, matrimoni, morti, cittadinanze 1800-1893 Nati 1894
Santa Maria a Vico	MC5R-Q23	1437	3:1:3QSQ-G97N-CF32	Morti, cittadinanze 1879 Nati, pubblicazioni, matrimoni, morti, cittadinanze 1800-1893 Nati 1894
Santa Maria a Vico	MC5R-Q23	1438	3:1:3QSQ-G97N-CF3X	Morti, cittadinanze 1879 Nati, pubblicazioni, matrimoni, morti, cittadinanze 1800-1893 Nati 1894
Santa Maria a Vico	MC5R-Q23	1439	3:1:3QS7-997N-CXRN	Morti, cittadinanze 1879 Nati, pubblicazioni, matrimoni, morti, cittadinanze 1800-1893 Nati 1894
Santa Maria a Vico	MC5R-Q23	1440	3:1:3QS7-997N-CXT5	Morti, cittadinanze 1879 Nati, pubblicazioni, matrimoni, morti, cittadinanze 1800-1893 Nati 1894
Santa Maria a Vico	MC5R-Q23	1441	3:1:3QS7-L97N-CFSF	Morti, cittadinanze 1879 Nati, pubblicazioni, matrimoni, morti, cittadinanze 1800-1893 Nati 1894
Santa Maria a Vico	MC5R-Q23	1442	3:1:3QS7-897N-CXGT	Morti, cittadinanze 1879 Nati, pubblicazioni, matrimoni, morti, cittadinanze 1800-1893 Nati 1894
Santa Maria a Vico	MC5R-Q23	1443	3:1:3QS7-L97N-CXY4	Morti, cittadinanze 1879 Nati, pubblicazioni, matrimoni, morti, cittadinanze 1800-1893 Nati 1894
Santa Maria a Vico	MC5R-Q23	1444	3:1:3QS7-897N-CX2C	Morti, cittadinanze 1879 Nati, pubblicazioni, matrimoni, morti, cittadinanze 1800-1893 Nati 1894
Santa Maria a Vico	MC5R-Q23	1445	3:1:3QS7-L97N-CF9L	Morti, cittadinanze 1879 Nati, pubblicazioni, matrimoni, morti, cittadinanze 1800-1893 Nati 1894
Santa Maria a Vico	MC5R-Q23	1446	3:1:3QS7-897N-CXPD	Morti, cittadinanze 1879 Nati, pubblicazioni, matrimoni, morti, cittadinanze 1800-1893 Nati 1894
Santa Maria a Vico	MC5R-Q23	1447	3:1:3QS7-L97N-CFM1	Morti, cittadinanze 1879 Nati, pubblicazioni, matrimoni, morti, cittadinanze 1800-1893 Nati 1894
Santa Maria a Vico	MC5R-Q23	1448	3:1:3QS7-897N-CXKS	Morti, cittadinanze 1879 Nati, pubblicazioni, matrimoni, morti, cittadinanze 1800-1893 Nati 1894
Santa Maria a Vico	MC5R-Q23	1449	3:1:3QSQ-G97N-CX1L	Morti, cittadinanze 1879 Nati, pubblicazioni, matrimoni, morti, cittadinanze 1800-1893 Nati 1894
Santa Maria a Vico	MC5R-Q23	1450	3:1:3QS7-997N-CXP8	Morti, cittadinanze 1879 Nati, pubblicazioni, matrimoni, morti, cittadinanze 1800-1893 Nati 1894
Santa Maria a Vico	MC5R-Q23	1451	3:1:3QS7-L97N-CXYK	Morti, cittadinanze 1879 Nati, pubblicazioni, matrimoni, morti, cittadinanze 1800-1893 Nati 1894
Santa Maria a Vico	MC5R-Q23	1452	3:1:3QS7-997N-CX5N	Morti, cittadinanze 1879 Nati, pubblicazioni, matrimoni, morti, cittadinanze 1800-1893 Nati 1894
Santa Maria a Vico	MC5R-Q23	1453	3:1:3QS7-997N-CXLS	Morti, cittadinanze 1879 Nati, pubblicazioni, matrimoni, morti, cittadinanze 1800-1893 Nati 1894
Santa Maria a Vico	MC5R-Q23	1454	3:1:3QS7-997N-CXLR	Morti, cittadinanze 1879 Nati, pubblicazioni, matrimoni, morti, cittadinanze 1800-1893 Nati 1894
Santa Maria a Vico	MC5R-Q23	1455	3:1:3QS7-L97N-CXB6	Morti, cittadinanze 1879 Nati, pubblicazioni, matrimoni, morti, cittadinanze 1800-1893 Nati 1894
Santa Maria a Vico	MC5R-Q23	1456	3:1:3QSQ-G97N-CX17	Morti, cittadinanze 1879 Nati, pubblicazioni, matrimoni, morti, cittadinanze 1800-1893 Nati 1894
Santa Maria a Vico	MC5R-Q23	1457	3:1:3QS7-897N-CXV8	Morti, cittadinanze 1879 Nati, pubblicazioni, matrimoni, morti, cittadinanze 1800-1893 Nati 1894
Santa Maria a Vico	MC5R-Q23	1458	3:1:3QSQ-G97N-CF9B	Morti, cittadinanze 1879 Nati, pubblicazioni, matrimoni, morti, cittadinanze 1800-1893 Nati 1894
Santa Maria a Vico	MC5R-Q23	1459	3:1:3QS7-897N-CX2Z	Morti, cittadinanze 1879 Nati, pubblicazioni, matrimoni, morti, cittadinanze 1800-1893 Nati 1894
Santa Maria a Vico	MC5R-Q23	1460	3:1:3QS7-897N-CXKC	Morti, cittadinanze 1879 Nati, pubblicazioni, matrimoni, morti, cittadinanze 1800-1893 Nati 1894
Santa Maria a Vico	MC5R-Q23	1461	3:1:3QS7-997N-CX5L	Morti, cittadinanze 1879 Nati, pubblicazioni, matrimoni, morti, cittadinanze 1800-1893 Nati 1894
Santa Maria a Vico	MC5R-Q23	1462	3:1:3QS7-997N-CXR7	Morti, cittadinanze 1879 Nati, pubblicazioni, matrimoni, morti, cittadinanze 1800-1893 Nati 1894
Santa Maria a Vico	MC5R-Q23	1463	3:1:3QS7-997N-CX55	Morti, cittadinanze 1879 Nati, pubblicazioni, matrimoni, morti, cittadinanze 1800-1893 Nati 1894
Santa Maria a Vico	MC5R-Q23	1464	3:1:3QS7-L97N-CFMS	Morti, cittadinanze 1879 Nati, pubblicazioni, matrimoni, morti, cittadinanze 1800-1893 Nati 1894
Santa Maria a Vico	MC5R-Q23	1465	3:1:3QS7-L97N-CXYZ	Morti, cittadinanze 1879 Nati, pubblicazioni, matrimoni, morti, cittadinanze 1800-1893 Nati 1894
Santa Maria a Vico	MC5R-Q23	1466	3:1:3QS7-897N-CXJV	Morti, cittadinanze 1879 Nati, pubblicazioni, matrimoni, morti, cittadinanze 1800-1893 Nati 1894
Santa Maria a Vico	MC5R-Q23	1467	3:1:3QSQ-G97N-CF9J	Morti, cittadinanze 1879 Nati, pubblicazioni, matrimoni, morti, cittadinanze 1800-1893 Nati 1894
Santa Maria a Vico	MC5R-Q23	1468	3:1:3QS7-997N-CXLV	Morti, cittadinanze 1879 Nati, pubblicazioni, matrimoni, morti, cittadinanze 1800-1893 Nati 1894
Santa Maria a Vico	MC5R-Q23	1469	3:1:3QS7-997N-CXLD	Morti, cittadinanze 1879 Nati, pubblicazioni, matrimoni, morti, cittadinanze 1800-1893 Nati 1894
Santa Maria a Vico	MC5R-Q23	1470	3:1:3QS7-997N-CXLY	Morti, cittadinanze 1879 Nati, pubblicazioni, matrimoni, morti, cittadinanze 1800-1893 Nati 1894
Santa Maria a Vico	MC5R-Q23	1471	3:1:3QSQ-G97N-CXYS	Morti, cittadinanze 1879 Nati, pubblicazioni, matrimoni, morti, cittadinanze 1800-1893 Nati 1894
Santa Maria a Vico	MC5R-Q23	1472	3:1:3QS7-L97N-CXP2	Morti, cittadinanze 1879 Nati, pubblicazioni, matrimoni, morti, cittadinanze 1800-1893 Nati 1894
Santa Maria a Vico	MC5R-Q23	1473	3:1:3QS7-897N-CXX1	Morti, cittadinanze 1879 Nati, pubblicazioni, matrimoni, morti, cittadinanze 1800-1893 Nati 1894
Santa Maria a Vico	MC5R-Q23	1474	3:1:3QS7-L97N-CXTZ	Morti, cittadinanze 1879 Nati, pubblicazioni, matrimoni, morti, cittadinanze 1800-1893 Nati 1894
Santa Maria a Vico	MC5R-Q23	1475	3:1:3QS7-L97N-CXYS	Morti, cittadinanze 1879 Nati, pubblicazioni, matrimoni, morti, cittadinanze 1800-1893 Nati 1894
Santa Maria a Vico	MC5R-Q23	1476	3:1:3QSQ-G97N-CF93	Morti, cittadinanze 1879 Nati, pubblicazioni, matrimoni, morti, cittadinanze 1800-1893 Nati 1894
Santa Maria a Vico	MC5R-Q23	1477	3:1:3QS7-997N-CXL5	Morti, cittadinanze 1879 Nati, pubblicazioni, matrimoni, morti, cittadinanze 1800-1893 Nati 1894
Santa Maria a Vico	MC5R-Q23	1478	3:1:3QS7-L97N-CX57	Morti, cittadinanze 1879 Nati, pubblicazioni, matrimoni, morti, cittadinanze 1800-1893 Nati 1894
Santa Maria a Vico	MC5R-Q23	1479	3:1:3QSQ-G97N-CFM3	Morti, cittadinanze 1879 Nati, pubblicazioni, matrimoni, morti, cittadinanze 1800-1893 Nati 1894
Santa Maria a Vico	MC5R-Q23	1480	3:1:3QSQ-G97N-CFM5	Morti, cittadinanze 1879 Nati, pubblicazioni, matrimoni, morti, cittadinanze 1800-1893 Nati 1894
Santa Maria a Vico	MC5R-Q23	1481	3:1:3QSQ-G97N-CFMS	Morti, cittadinanze 1879 Nati, pubblicazioni, matrimoni, morti, cittadinanze 1800-1893 Nati 1894
Santa Maria a Vico	MC5R-Q23	1482	3:1:3QSQ-G97N-CF9Y	Morti, cittadinanze 1879 Nati, pubblicazioni, matrimoni, morti, cittadinanze 1800-1893 Nati 1894
Santa Maria a Vico	MC5R-Q23	1483	3:1:3QS7-897N-CXJ6	Morti, cittadinanze 1879 Nati, pubblicazioni, matrimoni, morti, cittadinanze 1800-1893 Nati 1894
Santa Maria a Vico	MC5R-Q23	1484	3:1:3QS7-L97N-CXL1	Morti, cittadinanze 1879 Nati, pubblicazioni, matrimoni, morti, cittadinanze 1800-1893 Nati 1894
Santa Maria a Vico	MC5R-Q23	1485	3:1:3QS7-897N-CXV9	Morti, cittadinanze 1879 Nati, pubblicazioni, matrimoni, morti, cittadinanze 1800-1893 Nati 1894
Santa Maria a Vico	MC5R-Q23	1486	3:1:3QS7-997N-CX2K	Morti, cittadinanze 1879 Nati, pubblicazioni, matrimoni, morti, cittadinanze 1800-1893 Nati 1894
Santa Maria a Vico	MC5R-Q23	1487	3:1:3QSQ-G97N-CFM6	Morti, cittadinanze 1879 Nati, pubblicazioni, matrimoni, morti, cittadinanze 1800-1893 Nati 1894
Santa Maria a Vico	MC5R-Q23	1488	3:1:3QS7-997N-CXLK	Morti, cittadinanze 1879 Nati, pubblicazioni, matrimoni, morti, cittadinanze 1800-1893 Nati 1894
Santa Maria a Vico	MC5R-Q23	1489	3:1:3QS7-897N-CXV2	Morti, cittadinanze 1879 Nati, pubblicazioni, matrimoni, morti, cittadinanze 1800-1893 Nati 1894
Santa Maria a Vico	MC5R-Q23	1490	3:1:3QS7-997N-CXV8	Morti, cittadinanze 1879 Nati, pubblicazioni, matrimoni, morti, cittadinanze 1800-1893 Nati 1894
Santa Maria a Vico	MC5R-Q23	1491	3:1:3QS7-897N-CXJS	Morti, cittadinanze 1879 Nati, pubblicazioni, matrimoni, morti, cittadinanze 1800-1893 Nati 1894
Santa Maria a Vico	MC5R-Q23	1492	3:1:3QS7-L97N-CX2J	Morti, cittadinanze 1879 Nati, pubblicazioni, matrimoni, morti, cittadinanze 1800-1893 Nati 1894
Santa Maria a Vico	MC5R-Q23	1493	3:1:3QS7-997N-CXKH	Morti, cittadinanze 1879 Nati, pubblicazioni, matrimoni, morti, cittadinanze 1800-1893 Nati 1894
Santa Maria a Vico	MC5R-Q23	1494	3:1:3QS7-L97N-CXKQ	Morti, cittadinanze 1879 Nati, pubblicazioni, matrimoni, morti, cittadinanze 1800-1893 Nati 1894
Santa Maria a Vico	MC5R-Q23	1495	3:1:3QS7-997N-CXVD	Morti, cittadinanze 1879 Nati, pubblicazioni, matrimoni, morti, cittadinanze 1800-1893 Nati 1894
Santa Maria a Vico	MC5R-Q23	1496	3:1:3QS7-997N-CXL3	Morti, cittadinanze 1879 Nati, pubblicazioni, matrimoni, morti, cittadinanze 1800-1893 Nati 1894
Santa Maria a Vico	MC5R-Q23	1497	3:1:3QS7-897N-CXFS	Morti, cittadinanze 1879 Nati, pubblicazioni, matrimoni, morti, cittadinanze 1800-1893 Nati 1894
Santa Maria a Vico	MC5R-Q23	1498	3:1:3QSQ-G97N-CX16	Morti, cittadinanze 1879 Nati, pubblicazioni, matrimoni, morti, cittadinanze 1800-1893 Nati 1894
Santa Maria a Vico	MC5R-Q23	1499	3:1:3QS7-897N-CXXT	Morti, cittadinanze 1879 Nati, pubblicazioni, matrimoni, morti, cittadinanze 1800-1893 Nati 1894
Santa Maria a Vico	MC5R-Q23	1500	3:1:3QS7-897N-CXDY	Morti, cittadinanze 1879 Nati, pubblicazioni, matrimoni, morti, cittadinanze 1800-1893 Nati 1894
Santa Maria a Vico	MC5R-Q23	1501	3:1:3QSQ-G97N-CXBD	Morti, cittadinanze 1879 Nati, pubblicazioni, matrimoni, morti, cittadinanze 1800-1893 Nati 1894
Santa Maria a Vico	MC5R-Q23	1502	3:1:3QSQ-G97N-CXBP	Morti, cittadinanze 1879 Nati, pubblicazioni, matrimoni, morti, cittadinanze 1800-1893 Nati 1894
Santa Maria a Vico	MC5R-Q23	1503	3:1:3QS7-L97N-CXGT	Morti, cittadinanze 1879 Nati, pubblicazioni, matrimoni, morti, cittadinanze 1800-1893 Nati 1894
Santa Maria a Vico	MC5R-Q23	1504	3:1:3QS7-L97N-CXKM	Morti, cittadinanze 1879 Nati, pubblicazioni, matrimoni, morti, cittadinanze 1800-1893 Nati 1894
Santa Maria a Vico	MC5R-Q23	1505	3:1:3QSQ-G97N-CX1S	Morti, cittadinanze 1879 Nati, pubblicazioni, matrimoni, morti, cittadinanze 1800-1893 Nati 1894
Santa Maria a Vico	MC5R-Q23	1506	3:1:3QS7-897N-CXXF	Morti, cittadinanze 1879 Nati, pubblicazioni, matrimoni, morti, cittadinanze 1800-1893 Nati 1894
Santa Maria a Vico	MC5R-Q23	1507	3:1:3QS7-897N-CXF1	Morti, cittadinanze 1879 Nati, pubblicazioni, matrimoni, morti, cittadinanze 1800-1893 Nati 1894
Santa Maria a Vico	MC5R-Q23	1508	3:1:3QS7-897N-CXJ9	Morti, cittadinanze 1879 Nati, pubblicazioni, matrimoni, morti, cittadinanze 1800-1893 Nati 1894
Santa Maria a Vico	MC5R-Q23	1509	3:1:3QS7-997N-CXVJ	Morti, cittadinanze 1879 Nati, pubblicazioni, matrimoni, morti, cittadinanze 1800-1893 Nati 1894
Santa Maria a Vico	MC5R-Q23	1510	3:1:3QSQ-G97N-CXTV	Morti, cittadinanze 1879 Nati, pubblicazioni, matrimoni, morti, cittadinanze 1800-1893 Nati 1894
Santa Maria a Vico	MC5R-Q23	1511	3:1:3QS7-L97N-CXL9	Morti, cittadinanze 1879 Nati, pubblicazioni, matrimoni, morti, cittadinanze 1800-1893 Nati 1894
Santa Maria a Vico	MC5R-Q23	1512	3:1:3QS7-997N-CXFY	Morti, cittadinanze 1879 Nati, pubblicazioni, matrimoni, morti, cittadinanze 1800-1893 Nati 1894
Santa Maria a Vico	MC5R-Q23	1513	3:1:3QS7-997N-CXD8	Morti, cittadinanze 1879 Nati, pubblicazioni, matrimoni, morti, cittadinanze 1800-1893 Nati 1894
Santa Maria a Vico	MC5R-Q23	1514	3:1:3QS7-L97N-CXLF	Morti, cittadinanze 1879 Nati, pubblicazioni, matrimoni, morti, cittadinanze 1800-1893 Nati 1894
Santa Maria a Vico	MC5R-Q23	1515	3:1:3QS7-997N-CX2D	Morti, cittadinanze 1879 Nati, pubblicazioni, matrimoni, morti, cittadinanze 1800-1893 Nati 1894
Santa Maria a Vico	MC5R-Q23	1516	3:1:3QSQ-G97N-CXR7	Morti, cittadinanze 1879 Nati, pubblicazioni, matrimoni, morti, cittadinanze 1800-1893 Nati 1894
Santa Maria a Vico	MC5R-Q23	1517	3:1:3QSQ-G97N-CXT8	Morti, cittadinanze 1879 Nati, pubblicazioni, matrimoni, morti, cittadinanze 1800-1893 Nati 1894
Santa Maria a Vico	MC5R-Q23	1518	3:1:3QS7-997N-CXVC	Morti, cittadinanze 1879 Nati, pubblicazioni, matrimoni, morti, cittadinanze 1800-1893 Nati 1894
Santa Maria a Vico	MC5R-Q23	1519	3:1:3QS7-L97N-CXLH	Morti, cittadinanze 1879 Nati, pubblicazioni, matrimoni, morti, cittadinanze 1800-1893 Nati 1894
Santa Maria a Vico	MC5R-Q23	1520	3:1:3QSQ-G97N-CXT9	Morti, cittadinanze 1879 Nati, pubblicazioni, matrimoni, morti, cittadinanze 1800-1893 Nati 1894
Santa Maria a Vico	MC5R-Q23	1521	3:1:3QS7-997N-CXJK	Morti, cittadinanze 1879 Nati, pubblicazioni, matrimoni, morti, cittadinanze 1800-1893 Nati 1894
Santa Maria a Vico	MC5R-Q23	1522	3:1:3QSQ-G97N-CXRG	Morti, cittadinanze 1879 Nati, pubblicazioni, matrimoni, morti, cittadinanze 1800-1893 Nati 1894
Santa Maria a Vico	MC5R-Q23	1523	3:1:3QS7-997N-CXV1	Morti, cittadinanze 1879 Nati, pubblicazioni, matrimoni, morti, cittadinanze 1800-1893 Nati 1894
Santa Maria a Vico	MC5R-Q23	1524	3:1:3QS7-L97N-CXL5	Morti, cittadinanze 1879 Nati, pubblicazioni, matrimoni, morti, cittadinanze 1800-1893 Nati 1894
Santa Maria a Vico	MC5R-Q23	1525	3:1:3QS7-897N-CXX3	Morti, cittadinanze 1879 Nati, pubblicazioni, matrimoni, morti, cittadinanze 1800-1893 Nati 1894
Santa Maria a Vico	MC5R-Q23	1526	3:1:3QS7-997N-CX8W	Morti, cittadinanze 1879 Nati, pubblicazioni, matrimoni, morti, cittadinanze 1800-1893 Nati 1894
Santa Maria a Vico	MC5R-Q23	1527	3:1:3QS7-L97N-CXNS	Morti, cittadinanze 1879 Nati, pubblicazioni, matrimoni, morti, cittadinanze 1800-1893 Nati 1894
Santa Maria a Vico	MC5R-Q23	1528	3:1:3QS7-L97N-CXKH	Morti, cittadinanze 1879 Nati, pubblicazioni, matrimoni, morti, cittadinanze 1800-1893 Nati 1894
Santa Maria a Vico	MC5R-Q23	1529	3:1:3QSQ-G97N-CX5W	Morti, cittadinanze 1879 Nati, pubblicazioni, matrimoni, morti, cittadinanze 1800-1893 Nati 1894
Santa Maria a Vico	MC5R-Q23	1530	3:1:3QS7-997N-CXJ3	Morti, cittadinanze 1879 Nati, pubblicazioni, matrimoni, morti, cittadinanze 1800-1893 Nati 1894
Santa Maria a Vico	MC5R-Q23	1531	3:1:3QS7-L97N-CXVT	Morti, cittadinanze 1879 Nati, pubblicazioni, matrimoni, morti, cittadinanze 1800-1893 Nati 1894
Santa Maria a Vico	MC5R-Q23	1532	3:1:3QSQ-G97N-CX5Z	Morti, cittadinanze 1879 Nati, pubblicazioni, matrimoni, morti, cittadinanze 1800-1893 Nati 1894
Santa Maria a Vico	MC5R-Q23	1533	3:1:3QS7-997N-CXZY	Morti, cittadinanze 1879 Nati, pubblicazioni, matrimoni, morti, cittadinanze 1800-1893 Nati 1894
Santa Maria a Vico	MC5R-Q23	1534	3:1:3QS7-997N-CXJQ	Morti, cittadinanze 1879 Nati, pubblicazioni, matrimoni, morti, cittadinanze 1800-1893 Nati 1894
Santa Maria a Vico	MC5R-Q23	1535	3:1:3QS7-997N-CXVW	Morti, cittadinanze 1879 Nati, pubblicazioni, matrimoni, morti, cittadinanze 1800-1893 Nati 1894
Santa Maria a Vico	MC5R-Q23	1536	3:1:3QS7-L97N-CXKZ	Morti, cittadinanze 1879 Nati, pubblicazioni, matrimoni, morti, cittadinanze 1800-1893 Nati 1894
Santa Maria a Vico	MC5R-Q23	1537	3:1:3QS7-997N-CXNY	Morti, cittadinanze 1879 Nati, pubblicazioni, matrimoni, morti, cittadinanze 1800-1893 Nati 1894
Santa Maria a Vico	MC5R-Q23	1538	3:1:3QS7-997N-CXNW	Morti, cittadinanze 1879 Nati, pubblicazioni, matrimoni, morti, cittadinanze 1800-1893 Nati 1894
Santa Maria a Vico	MC5R-Q23	1539	3:1:3QS7-997N-CXFL	Morti, cittadinanze 1879 Nati, pubblicazioni, matrimoni, morti, cittadinanze 1800-1893 Nati 1894
Santa Maria a Vico	MC5R-Q23	1540	3:1:3QS7-897N-CXDC	Morti, cittadinanze 1879 Nati, pubblicazioni, matrimoni, morti, cittadinanze 1800-1893 Nati 1894
Santa Maria a Vico	MC5R-Q23	1541	3:1:3QS7-L97N-CXVK	Morti, cittadinanze 1879 Nati, pubblicazioni, matrimoni, morti, cittadinanze 1800-1893 Nati 1894
Santa Maria a Vico	MC5R-Q23	1542	3:1:3QS7-997N-CXXH	Morti, cittadinanze 1879 Nati, pubblicazioni, matrimoni, morti, cittadinanze 1800-1893 Nati 1894
Santa Maria a Vico	MC5R-Q23	1543	3:1:3QS7-997N-CXN4	Morti, cittadinanze 1879 Nati, pubblicazioni, matrimoni, morti, cittadinanze 1800-1893 Nati 1894
Santa Maria a Vico	MC5R-Q23	1544	3:1:3QS7-L97N-CXFQ	Morti, cittadinanze 1879 Nati, pubblicazioni, matrimoni, morti, cittadinanze 1800-1893 Nati 1894
Santa Maria a Vico	MC5R-Q23	1545	3:1:3QS7-L97N-CXVH	Morti, cittadinanze 1879 Nati, pubblicazioni, matrimoni, morti, cittadinanze 1800-1893 Nati 1894
Santa Maria a Vico	MC5R-Q23	1546	3:1:3QSQ-G97N-CXPJ	Morti, cittadinanze 1879 Nati, pubblicazioni, matrimoni, morti, cittadinanze 1800-1893 Nati 1894
Santa Maria a Vico	MC5R-Q23	1547	3:1:3QSQ-G97N-CXLB	Morti, cittadinanze 1879 Nati, pubblicazioni, matrimoni, morti, cittadinanze 1800-1893 Nati 1894
Santa Maria a Vico	MC5R-Q23	1548	3:1:3QS7-997N-CXN8	Morti, cittadinanze 1879 Nati, pubblicazioni, matrimoni, morti, cittadinanze 1800-1893 Nati 1894
Santa Maria a Vico	MC5R-Q23	1549	3:1:3QS7-897N-CXZ1	Morti, cittadinanze 1879 Nati, pubblicazioni, matrimoni, morti, cittadinanze 1800-1893 Nati 1894
Santa Maria a Vico	MC5R-Q23	1550	3:1:3QS7-L97N-CXJ3	Morti, cittadinanze 1879 Nati, pubblicazioni, matrimoni, morti, cittadinanze 1800-1893 Nati 1894
Santa Maria a Vico	MC5R-Q23	1551	3:1:3QS7-L97N-CXJ1	Morti, cittadinanze 1879 Nati, pubblicazioni, matrimoni, morti, cittadinanze 1800-1893 Nati 1894
Santa Maria a Vico	MC5R-Q23	1552	3:1:3QS7-897N-CXW6	Morti, cittadinanze 1879 Nati, pubblicazioni, matrimoni, morti, cittadinanze 1800-1893 Nati 1894
Santa Maria a Vico	MC5R-Q23	1553	3:1:3QS7-L97N-CXNP	Morti, cittadinanze 1879 Nati, pubblicazioni, matrimoni, morti, cittadinanze 1800-1893 Nati 1894
Santa Maria a Vico	MC5R-Q23	1554	3:1:3QS7-997N-CXXZ	Morti, cittadinanze 1879 Nati, pubblicazioni, matrimoni, morti, cittadinanze 1800-1893 Nati 1894
Santa Maria a Vico	MC5R-Q23	1555	3:1:3QS7-997N-CXX2	Morti, cittadinanze 1879 Nati, pubblicazioni, matrimoni, morti, cittadinanze 1800-1893 Nati 1894
Santa Maria a Vico	MC5R-Q23	1556	3:1:3QS7-997N-CXFG	Morti, cittadinanze 1879 Nati, pubblicazioni, matrimoni, morti, cittadinanze 1800-1893 Nati 1894
Santa Maria a Vico	MC5R-Q23	1557	3:1:3QSQ-G97N-CXKG	Morti, cittadinanze 1879 Nati, pubblicazioni, matrimoni, morti, cittadinanze 1800-1893 Nati 1894
Santa Maria a Vico	MC5R-Q23	1558	3:1:3QS7-997N-CXXR	Morti, cittadinanze 1879 Nati, pubblicazioni, matrimoni, morti, cittadinanze 1800-1893 Nati 1894
Santa Maria a Vico	MC5R-Q23	1559	3:1:3QS7-997N-CXDK	Morti, cittadinanze 1879 Nati, pubblicazioni, matrimoni, morti, cittadinanze 1800-1893 Nati 1894
Santa Maria a Vico	MC5R-Q23	1560	3:1:3QSQ-G97N-CXPQ	Morti, cittadinanze 1879 Nati, pubblicazioni, matrimoni, morti, cittadinanze 1800-1893 Nati 1894
Santa Maria a Vico	MC5R-Q23	1561	3:1:3QS7-997N-CXD6	Morti, cittadinanze 1879 Nati, pubblicazioni, matrimoni, morti, cittadinanze 1800-1893 Nati 1894
Santa Maria a Vico	MC5R-Q23	1562	3:1:3QSQ-G97N-CXJV	Morti, cittadinanze 1879 Nati, pubblicazioni, matrimoni, morti, cittadinanze 1800-1893 Nati 1894
Santa Maria a Vico	MC5R-Q23	1563	3:1:3QSQ-G97N-CXPH	Morti, cittadinanze 1879 Nati, pubblicazioni, matrimoni, morti, cittadinanze 1800-1893 Nati 1894
Santa Maria a Vico	MC5R-Q23	1564	3:1:3QSQ-G97N-CXGG	Morti, cittadinanze 1879 Nati, pubblicazioni, matrimoni, morti, cittadinanze 1800-1893 Nati 1894
Santa Maria a Vico	MC5R-Q23	1565	3:1:3QSQ-G97N-CXN6	Morti, cittadinanze 1879 Nati, pubblicazioni, matrimoni, morti, cittadinanze 1800-1893 Nati 1894
Santa Maria a Vico	MC5R-Q23	1566	3:1:3QSQ-G97N-CXV4	Morti, cittadinanze 1879 Nati, pubblicazioni, matrimoni, morti, cittadinanze 1800-1893 Nati 1894
Santa Maria a Vico	MC5R-Q23	1567	3:1:3QSQ-G97N-CXGX	Morti, cittadinanze 1879 Nati, pubblicazioni, matrimoni, morti, cittadinanze 1800-1893 Nati 1894
Santa Maria a Vico	MC5R-Q23	1568	3:1:3QS7-897N-CXC6	Morti, cittadinanze 1879 Nati, pubblicazioni, matrimoni, morti, cittadinanze 1800-1893 Nati 1894
Santa Maria a Vico	MC5R-Q23	1569	3:1:3QS7-L97N-CXXG	Morti, cittadinanze 1879 Nati, pubblicazioni, matrimoni, morti, cittadinanze 1800-1893 Nati 1894
Santa Maria a Vico	MC5R-Q23	1570	3:1:3QS7-997N-CXDG	Morti, cittadinanze 1879 Nati, pubblicazioni, matrimoni, morti, cittadinanze 1800-1893 Nati 1894
Santa Maria a Vico	MC5R-Q23	1571	3:1:3QS7-897N-CXZF	Morti, cittadinanze 1879 Nati, pubblicazioni, matrimoni, morti, cittadinanze 1800-1893 Nati 1894
Santa Maria a Vico	MC5R-Q23	1572	3:1:3QS7-997N-CX6L	Morti, cittadinanze 1879 Nati, pubblicazioni, matrimoni, morti, cittadinanze 1800-1893 Nati 1894
Santa Maria a Vico	MC5R-Q23	1573	3:1:3QS7-L97N-CXXL	Morti, cittadinanze 1879 Nati, pubblicazioni, matrimoni, morti, cittadinanze 1800-1893 Nati 1894
Santa Maria a Vico	MC5R-Q23	1574	3:1:3QS7-997N-CXZ1	Morti, cittadinanze 1879 Nati, pubblicazioni, matrimoni, morti, cittadinanze 1800-1893 Nati 1894
Santa Maria a Vico	MC5R-Q23	1575	3:1:3QS7-897N-CXC4	Morti, cittadinanze 1879 Nati, pubblicazioni, matrimoni, morti, cittadinanze 1800-1893 Nati 1894
Santa Maria a Vico	MC5R-Q23	1576	3:1:3QS7-L97N-CXF5	Morti, cittadinanze 1879 Nati, pubblicazioni, matrimoni, morti, cittadinanze 1800-1893 Nati 1894
Santa Maria a Vico	MC5R-Q23	1577	3:1:3QS7-997N-CXC8	Morti, cittadinanze 1879 Nati, pubblicazioni, matrimoni, morti, cittadinanze 1800-1893 Nati 1894
Santa Maria a Vico	MC5R-Q23	1578	3:1:3QS7-897N-CXH8	Morti, cittadinanze 1879 Nati, pubblicazioni, matrimoni, morti, cittadinanze 1800-1893 Nati 1894
Santa Maria a Vico	MC5R-Q23	1579	3:1:3QSQ-G97N-CX5R	Morti, cittadinanze 1879 Nati, pubblicazioni, matrimoni, morti, cittadinanze 1800-1893 Nati 1894
Santa Maria a Vico	MC5R-Q23	1580	3:1:3QSQ-G97N-CX2Y	Morti, cittadinanze 1879 Nati, pubblicazioni, matrimoni, morti, cittadinanze 1800-1893 Nati 1894
Santa Maria a Vico	MC5R-Q23	1581	3:1:3QS7-997N-CXH8	Morti, cittadinanze 1879 Nati, pubblicazioni, matrimoni, morti, cittadinanze 1800-1893 Nati 1894
Santa Maria a Vico	MC5R-Q23	1582	3:1:3QS7-897N-CX41	Morti, cittadinanze 1879 Nati, pubblicazioni, matrimoni, morti, cittadinanze 1800-1893 Nati 1894
Santa Maria a Vico	MC5R-Q23	1583	3:1:3QS7-997N-CXCC	Morti, cittadinanze 1879 Nati, pubblicazioni, matrimoni, morti, cittadinanze 1800-1893 Nati 1894
Santa Maria a Vico	MC5R-Q23	1584	3:1:3QS7-997N-CX4C	Morti, cittadinanze 1879 Nati, pubblicazioni, matrimoni, morti, cittadinanze 1800-1893 Nati 1894
Santa Maria a Vico	MC5R-Q23	1585	3:1:3QSQ-G97N-CX2R	Morti, cittadinanze 1879 Nati, pubblicazioni, matrimoni, morti, cittadinanze 1800-1893 Nati 1894
Santa Maria a Vico	MC5R-Q23	1586	3:1:3QSQ-G97N-CXLJ	Morti, cittadinanze 1879 Nati, pubblicazioni, matrimoni, morti, cittadinanze 1800-1893 Nati 1894
Santa Maria a Vico	MC5R-Q23	1587	3:1:3QS7-997N-CXH3	Morti, cittadinanze 1879 Nati, pubblicazioni, matrimoni, morti, cittadinanze 1800-1893 Nati 1894
Santa Maria a Vico	MC5R-Q23	1588	3:1:3QS7-L97N-CXNW	Morti, cittadinanze 1879 Nati, pubblicazioni, matrimoni, morti, cittadinanze 1800-1893 Nati 1894
Santa Maria a Vico	MC5R-Q23	1589	3:1:3QS7-997N-CX4X	Morti, cittadinanze 1879 Nati, pubblicazioni, matrimoni, morti, cittadinanze 1800-1893 Nati 1894
Santa Maria a Vico	MC5R-Q23	1590	3:1:3QS7-897N-CXHV	Morti, cittadinanze 1879 Nati, pubblicazioni, matrimoni, morti, cittadinanze 1800-1893 Nati 1894
Santa Maria a Vico	MC5R-Q23	1591	3:1:3QSQ-G97N-CXVB	Morti, cittadinanze 1879 Nati, pubblicazioni, matrimoni, morti, cittadinanze 1800-1893 Nati 1894
Santa Maria a Vico	MC5R-Q23	1592	3:1:3QS7-897N-CX78	Morti, cittadinanze 1879 Nati, pubblicazioni, matrimoni, morti, cittadinanze 1800-1893 Nati 1894
Santa Maria a Vico	MC5R-Q23	1593	3:1:3QSQ-G97N-CXPW	Morti, cittadinanze 1879 Nati, pubblicazioni, matrimoni, morti, cittadinanze 1800-1893 Nati 1894
Santa Maria a Vico	MC5R-Q23	1594	3:1:3QS7-997N-CXZT	Morti, cittadinanze 1879 Nati, pubblicazioni, matrimoni, morti, cittadinanze 1800-1893 Nati 1894
Santa Maria a Vico	MC5R-Q23	1595	3:1:3QS7-897N-CXCJ	Morti, cittadinanze 1879 Nati, pubblicazioni, matrimoni, morti, cittadinanze 1800-1893 Nati 1894
Santa Maria a Vico	MC5R-Q23	1596	3:1:3QS7-997N-CXCB	Morti, cittadinanze 1879 Nati, pubblicazioni, matrimoni, morti, cittadinanze 1800-1893 Nati 1894
Santa Maria a Vico	MC5R-Q23	1597	3:1:3QS7-997N-CX4S	Morti, cittadinanze 1879 Nati, pubblicazioni, matrimoni, morti, cittadinanze 1800-1893 Nati 1894
Santa Maria a Vico	MC5R-Q23	1598	3:1:3QS7-997N-CX44	Morti, cittadinanze 1879 Nati, pubblicazioni, matrimoni, morti, cittadinanze 1800-1893 Nati 1894
Santa Maria a Vico	MC5R-Q23	1599	3:1:3QS7-897N-CXZ2	Morti, cittadinanze 1879 Nati, pubblicazioni, matrimoni, morti, cittadinanze 1800-1893 Nati 1894
Santa Maria a Vico	MC5R-Q23	1600	3:1:3QS7-997N-CXWQ	Morti, cittadinanze 1879 Nati, pubblicazioni, matrimoni, morti, cittadinanze 1800-1893 Nati 1894
Santa Maria a Vico	MC5R-Q23	1601	3:1:3QSQ-G97N-CXK7	Morti, cittadinanze 1879 Nati, pubblicazioni, matrimoni, morti, cittadinanze 1800-1893 Nati 1894
Santa Maria a Vico	MC5R-Q23	1602	3:1:3QS7-L97N-CXDL	Morti, cittadinanze 1879 Nati, pubblicazioni, matrimoni, morti, cittadinanze 1800-1893 Nati 1894
Santa Maria a Vico	MC5R-Q23	1603	3:1:3QS7-897N-CXWC	Morti, cittadinanze 1879 Nati, pubblicazioni, matrimoni, morti, cittadinanze 1800-1893 Nati 1894
Santa Maria a Vico	MC5R-Q23	1604	3:1:3QS7-L97N-CX8R	Morti, cittadinanze 1879 Nati, pubblicazioni, matrimoni, morti, cittadinanze 1800-1893 Nati 1894
Santa Maria a Vico	MC5R-Q23	1605	3:1:3QS7-L97N-CX8K	Morti, cittadinanze 1879 Nati, pubblicazioni, matrimoni, morti, cittadinanze 1800-1893 Nati 1894
Santa Maria a Vico	MC5R-Q23	1606	3:1:3QS7-997N-CXZN	Morti, cittadinanze 1879 Nati, pubblicazioni, matrimoni, morti, cittadinanze 1800-1893 Nati 1894
Santa Maria a Vico	MC5R-Q23	1607	3:1:3QSQ-G97N-CX6X	Morti, cittadinanze 1879 Nati, pubblicazioni, matrimoni, morti, cittadinanze 1800-1893 Nati 1894
Santa Maria a Vico	MC5R-Q23	1608	3:1:3QS7-997N-CXWJ	Morti, cittadinanze 1879 Nati, pubblicazioni, matrimoni, morti, cittadinanze 1800-1893 Nati 1894
Santa Maria a Vico	MC5R-Q23	1609	3:1:3QS7-L97N-CXD5	Morti, cittadinanze 1879 Nati, pubblicazioni, matrimoni, morti, cittadinanze 1800-1893 Nati 1894
Santa Maria a Vico	MC5R-Q23	1610	3:1:3QS7-997N-CX4D	Morti, cittadinanze 1879 Nati, pubblicazioni, matrimoni, morti, cittadinanze 1800-1893 Nati 1894
Santa Maria a Vico	MC5R-Q23	1611	3:1:3QS7-L97N-CXXF	Morti, cittadinanze 1879 Nati, pubblicazioni, matrimoni, morti, cittadinanze 1800-1893 Nati 1894
Santa Maria a Vico	MC5R-Q23	1612	3:1:3QS7-897N-CX7F	Morti, cittadinanze 1879 Nati, pubblicazioni, matrimoni, morti, cittadinanze 1800-1893 Nati 1894
Santa Maria a Vico	MC5R-Q23	1613	3:1:3QS7-L97N-CXNX	Morti, cittadinanze 1879 Nati, pubblicazioni, matrimoni, morti, cittadinanze 1800-1893 Nati 1894
Santa Maria a Vico	MC5R-Q23	1614	3:1:3QS7-897N-CX7T	Morti, cittadinanze 1879 Nati, pubblicazioni, matrimoni, morti, cittadinanze 1800-1893 Nati 1894
Santa Maria a Vico	MC5R-Q23	1615	3:1:3QS7-997N-CXHB	Morti, cittadinanze 1879 Nati, pubblicazioni, matrimoni, morti, cittadinanze 1800-1893 Nati 1894
Santa Maria a Vico	MC5R-Q23	1616	3:1:3QS7-897N-CXQT	Morti, cittadinanze 1879 Nati, pubblicazioni, matrimoni, morti, cittadinanze 1800-1893 Nati 1894
Santa Maria a Vico	MC5R-Q23	1617	3:1:3QS7-L97N-CXC4	Morti, cittadinanze 1879 Nati, pubblicazioni, matrimoni, morti, cittadinanze 1800-1893 Nati 1894
Santa Maria a Vico	MC5R-Q23	1618	3:1:3QS7-L97N-CX89	Morti, cittadinanze 1879 Nati, pubblicazioni, matrimoni, morti, cittadinanze 1800-1893 Nati 1894
Santa Maria a Vico	MC5R-Q23	1619	3:1:3QS7-997N-CXQH	Morti, cittadinanze 1879 Nati, pubblicazioni, matrimoni, morti, cittadinanze 1800-1893 Nati 1894
Santa Maria a Vico	MC5R-Q23	1620	3:1:3QSQ-G97N-CXXD	Morti, cittadinanze 1879 Nati, pubblicazioni, matrimoni, morti, cittadinanze 1800-1893 Nati 1894
Santa Maria a Vico	MC5R-Q23	1621	3:1:3QSQ-G97N-CXJ9	Morti, cittadinanze 1879 Nati, pubblicazioni, matrimoni, morti, cittadinanze 1800-1893 Nati 1894
Santa Maria a Vico	MC5R-Q23	1622	3:1:3QS7-897N-CXS7	Morti, cittadinanze 1879 Nati, pubblicazioni, matrimoni, morti, cittadinanze 1800-1893 Nati 1894
Santa Maria a Vico	MC5R-Q23	1623	3:1:3QSQ-G97N-CXD5	Morti, cittadinanze 1879 Nati, pubblicazioni, matrimoni, morti, cittadinanze 1800-1893 Nati 1894
Santa Maria a Vico	MC5R-Q23	1624	3:1:3QSQ-G97N-CXK6	Morti, cittadinanze 1879 Nati, pubblicazioni, matrimoni, morti, cittadinanze 1800-1893 Nati 1894
Santa Maria a Vico	MC5R-Q23	1625	3:1:3QS7-997N-CXWC	Morti, cittadinanze 1879 Nati, pubblicazioni, matrimoni, morti, cittadinanze 1800-1893 Nati 1894
Santa Maria a Vico	MC5R-Q23	1626	3:1:3QS7-997N-CX37	Morti, cittadinanze 1879 Nati, pubblicazioni, matrimoni, morti, cittadinanze 1800-1893 Nati 1894
Santa Maria a Vico	MC5R-Q23	1627	3:1:3QSQ-G97N-CXJ3	Morti, cittadinanze 1879 Nati, pubblicazioni, matrimoni, morti, cittadinanze 1800-1893 Nati 1894
Santa Maria a Vico	MC5R-Q23	1628	3:1:3QS7-897N-CX49	Morti, cittadinanze 1879 Nati, pubblicazioni, matrimoni, morti, cittadinanze 1800-1893 Nati 1894
Santa Maria a Vico	MC5R-Q23	1629	3:1:3QS7-997N-CXQL	Morti, cittadinanze 1879 Nati, pubblicazioni, matrimoni, morti, cittadinanze 1800-1893 Nati 1894
Santa Maria a Vico	MC5R-Q23	1630	3:1:3QS7-L97N-CX61	Morti, cittadinanze 1879 Nati, pubblicazioni, matrimoni, morti, cittadinanze 1800-1893 Nati 1894
Santa Maria a Vico	MC5R-Q23	1631	3:1:3QS7-L97N-CXZ4	Morti, cittadinanze 1879 Nati, pubblicazioni, matrimoni, morti, cittadinanze 1800-1893 Nati 1894
Santa Maria a Vico	MC5R-Q23	1632	3:1:3QS7-L97N-CXHD	Morti, cittadinanze 1879 Nati, pubblicazioni, matrimoni, morti, cittadinanze 1800-1893 Nati 1894
Santa Maria a Vico	MC5R-Q23	1633	3:1:3QS7-L97N-CXZZ	Morti, cittadinanze 1879 Nati, pubblicazioni, matrimoni, morti, cittadinanze 1800-1893 Nati 1894
Santa Maria a Vico	MC5R-Q23	1634	3:1:3QS7-897N-CX9X	Morti, cittadinanze 1879 Nati, pubblicazioni, matrimoni, morti, cittadinanze 1800-1893 Nati 1894
Santa Maria a Vico	MC5R-Q23	1635	3:1:3QS7-L97N-CXHQ	Morti, cittadinanze 1879 Nati, pubblicazioni, matrimoni, morti, cittadinanze 1800-1893 Nati 1894
Santa Maria a Vico	MC5R-Q23	1636	3:1:3QS7-997N-CX43	Morti, cittadinanze 1879 Nati, pubblicazioni, matrimoni, morti, cittadinanze 1800-1893 Nati 1894
Santa Maria a Vico	MC5R-Q23	1637	3:1:3QS7-L97N-CXCZ	Morti, cittadinanze 1879 Nati, pubblicazioni, matrimoni, morti, cittadinanze 1800-1893 Nati 1894
Santa Maria a Vico	MC5R-Q23	1638	3:1:3QS7-L97N-CX6H	Morti, cittadinanze 1879 Nati, pubblicazioni, matrimoni, morti, cittadinanze 1800-1893 Nati 1894
Santa Maria a Vico	MC5R-Q23	1639	3:1:3QSQ-G97N-CXF6	Morti, cittadinanze 1879 Nati, pubblicazioni, matrimoni, morti, cittadinanze 1800-1893 Nati 1894
Santa Maria a Vico	MC5R-Q23	1640	3:1:3QS7-L97N-CXZF	Morti, cittadinanze 1879 Nati, pubblicazioni, matrimoni, morti, cittadinanze 1800-1893 Nati 1894
Santa Maria a Vico	MC5R-Q23	1641	3:1:3QS7-L97N-CXDJ	Morti, cittadinanze 1879 Nati, pubblicazioni, matrimoni, morti, cittadinanze 1800-1893 Nati 1894
Santa Maria a Vico	MC5R-Q23	1642	3:1:3QS7-997N-CXQ4	Morti, cittadinanze 1879 Nati, pubblicazioni, matrimoni, morti, cittadinanze 1800-1893 Nati 1894
Santa Maria a Vico	MC5R-Q23	1643	3:1:3QS7-L97N-CX7R	Morti, cittadinanze 1879 Nati, pubblicazioni, matrimoni, morti, cittadinanze 1800-1893 Nati 1894
Santa Maria a Vico	MC5R-Q23	1644	3:1:3QS7-997N-CXQ1	Morti, cittadinanze 1879 Nati, pubblicazioni, matrimoni, morti, cittadinanze 1800-1893 Nati 1894
Santa Maria a Vico	MC5R-Q23	1645	3:1:3QS7-L97N-CXCB	Morti, cittadinanze 1879 Nati, pubblicazioni, matrimoni, morti, cittadinanze 1800-1893 Nati 1894
Santa Maria a Vico	MC5R-Q23	1646	3:1:3QS7-997N-CXSV	Morti, cittadinanze 1879 Nati, pubblicazioni, matrimoni, morti, cittadinanze 1800-1893 Nati 1894
Santa Maria a Vico	MC5R-Q23	1647	3:1:3QS7-897N-CX35	Morti, cittadinanze 1879 Nati, pubblicazioni, matrimoni, morti, cittadinanze 1800-1893 Nati 1894
Santa Maria a Vico	MC5R-Q23	1648	3:1:3QS7-L97N-CXCJ	Morti, cittadinanze 1879 Nati, pubblicazioni, matrimoni, morti, cittadinanze 1800-1893 Nati 1894
Santa Maria a Vico	MC5R-Q23	1649	3:1:3QS7-L97N-CXWS	Morti, cittadinanze 1879 Nati, pubblicazioni, matrimoni, morti, cittadinanze 1800-1893 Nati 1894
Santa Maria a Vico	MC5R-Q23	1650	3:1:3QS7-897N-CX3R	Morti, cittadinanze 1879 Nati, pubblicazioni, matrimoni, morti, cittadinanze 1800-1893 Nati 1894
Santa Maria a Vico	MC5R-Q23	1651	3:1:3QSQ-G97N-CXZV	Morti, cittadinanze 1879 Nati, pubblicazioni, matrimoni, morti, cittadinanze 1800-1893 Nati 1894
Santa Maria a Vico	MC5R-Q23	1652	3:1:3QS7-997N-CXM9	Morti, cittadinanze 1879 Nati, pubblicazioni, matrimoni, morti, cittadinanze 1800-1893 Nati 1894
Santa Maria a Vico	MC5R-Q23	1653	3:1:3QS7-L97N-CXHJ	Morti, cittadinanze 1879 Nati, pubblicazioni, matrimoni, morti, cittadinanze 1800-1893 Nati 1894
Santa Maria a Vico	MC5R-Q23	1654	3:1:3QSQ-G97N-CXCB	Morti, cittadinanze 1879 Nati, pubblicazioni, matrimoni, morti, cittadinanze 1800-1893 Nati 1894
Santa Maria a Vico	MC5R-Q23	1655	3:1:3QS7-897N-CX9Z	Morti, cittadinanze 1879 Nati, pubblicazioni, matrimoni, morti, cittadinanze 1800-1893 Nati 1894
Santa Maria a Vico	MC5R-Q23	1656	3:1:3QS7-L97N-CX8P	Morti, cittadinanze 1879 Nati, pubblicazioni, matrimoni, morti, cittadinanze 1800-1893 Nati 1894
Santa Maria a Vico	MC5R-Q23	1657	3:1:3QS7-897N-CXSY	Morti, cittadinanze 1879 Nati, pubblicazioni, matrimoni, morti, cittadinanze 1800-1893 Nati 1894
Santa Maria a Vico	MC5R-Q23	1658	3:1:3QS7-897N-CXM9	Morti, cittadinanze 1879 Nati, pubblicazioni, matrimoni, morti, cittadinanze 1800-1893 Nati 1894
Santa Maria a Vico	MC5R-Q23	1659	3:1:3QS7-897N-CX9P	Morti, cittadinanze 1879 Nati, pubblicazioni, matrimoni, morti, cittadinanze 1800-1893 Nati 1894
Santa Maria a Vico	MC5R-Q23	1660	3:1:3QSQ-G97N-CXCK	Morti, cittadinanze 1879 Nati, pubblicazioni, matrimoni, morti, cittadinanze 1800-1893 Nati 1894
Santa Maria a Vico	MC5R-Q23	1661	3:1:3QSQ-G97N-CXZN	Morti, cittadinanze 1879 Nati, pubblicazioni, matrimoni, morti, cittadinanze 1800-1893 Nati 1894
Santa Maria a Vico	MC5R-Q23	1662	3:1:3QS7-897N-CX9N	Morti, cittadinanze 1879 Nati, pubblicazioni, matrimoni, morti, cittadinanze 1800-1893 Nati 1894
Santa Maria a Vico	MC5R-Q23	1663	3:1:3QS7-997N-CXS9	Morti, cittadinanze 1879 Nati, pubblicazioni, matrimoni, morti, cittadinanze 1800-1893 Nati 1894
Santa Maria a Vico	MC5R-Q23	1664	3:1:3QSQ-G97N-CXH3	Morti, cittadinanze 1879 Nati, pubblicazioni, matrimoni, morti, cittadinanze 1800-1893 Nati 1894
Santa Maria a Vico	MC5R-Q23	1665	3:1:3QS7-L97N-CX7G	Morti, cittadinanze 1879 Nati, pubblicazioni, matrimoni, morti, cittadinanze 1800-1893 Nati 1894
Santa Maria a Vico	MC5R-Q23	1666	3:1:3QS7-897N-C61Y	Morti, cittadinanze 1879 Nati, pubblicazioni, matrimoni, morti, cittadinanze 1800-1893 Nati 1894
Santa Maria a Vico	MC5R-Q23	1667	3:1:3QS7-L97N-CX4W	Morti, cittadinanze 1879 Nati, pubblicazioni, matrimoni, morti, cittadinanze 1800-1893 Nati 1894
Santa Maria a Vico	MC5R-Q23	1668	3:1:3QSQ-G97N-CXCP	Morti, cittadinanze 1879 Nati, pubblicazioni, matrimoni, morti, cittadinanze 1800-1893 Nati 1894
Santa Maria a Vico	MC5R-Q23	1669	3:1:3QS7-L97N-CXWX	Morti, cittadinanze 1879 Nati, pubblicazioni, matrimoni, morti, cittadinanze 1800-1893 Nati 1894
Santa Maria a Vico	MC5R-Q23	1670	3:1:3QS7-897N-CX91	Morti, cittadinanze 1879 Nati, pubblicazioni, matrimoni, morti, cittadinanze 1800-1893 Nati 1894
Santa Maria a Vico	MC5R-Q23	1671	3:1:3QS7-L97N-CX4K	Morti, cittadinanze 1879 Nati, pubblicazioni, matrimoni, morti, cittadinanze 1800-1893 Nati 1894
Santa Maria a Vico	MC5R-Q23	1672	3:1:3QS7-L97N-CXZG	Morti, cittadinanze 1879 Nati, pubblicazioni, matrimoni, morti, cittadinanze 1800-1893 Nati 1894
Santa Maria a Vico	MC5R-Q23	1673	3:1:3QSQ-G97N-CX41	Morti, cittadinanze 1879 Nati, pubblicazioni, matrimoni, morti, cittadinanze 1800-1893 Nati 1894
Santa Maria a Vico	MC5R-Q23	1674	3:1:3QS7-897N-CXMV	Morti, cittadinanze 1879 Nati, pubblicazioni, matrimoni, morti, cittadinanze 1800-1893 Nati 1894
Santa Maria a Vico	MC5R-Q23	1675	3:1:3QS7-897N-C618	Morti, cittadinanze 1879 Nati, pubblicazioni, matrimoni, morti, cittadinanze 1800-1893 Nati 1894
Santa Maria a Vico	MC5R-Q23	1676	3:1:3QS7-L97N-CX7F	Morti, cittadinanze 1879 Nati, pubblicazioni, matrimoni, morti, cittadinanze 1800-1893 Nati 1894
Santa Maria a Vico	MC5R-Q23	1677	3:1:3QS7-997N-C6BT	Morti, cittadinanze 1879 Nati, pubblicazioni, matrimoni, morti, cittadinanze 1800-1893 Nati 1894
Santa Maria a Vico	MC5R-Q23	1678	3:1:3QSQ-G97N-CXHJ	Morti, cittadinanze 1879 Nati, pubblicazioni, matrimoni, morti, cittadinanze 1800-1893 Nati 1894
Santa Maria a Vico	MC5R-Q23	1679	3:1:3QS7-897N-CXSB	Morti, cittadinanze 1879 Nati, pubblicazioni, matrimoni, morti, cittadinanze 1800-1893 Nati 1894
Santa Maria a Vico	MC5R-Q23	1680	3:1:3QSQ-G97N-CX4C	Morti, cittadinanze 1879 Nati, pubblicazioni, matrimoni, morti, cittadinanze 1800-1893 Nati 1894
Santa Maria a Vico	MC5R-Q23	1681	3:1:3QSQ-G97N-CX4X	Morti, cittadinanze 1879 Nati, pubblicazioni, matrimoni, morti, cittadinanze 1800-1893 Nati 1894
Santa Maria a Vico	MC5R-Q23	1682	3:1:3QSQ-G97N-CXHY	Morti, cittadinanze 1879 Nati, pubblicazioni, matrimoni, morti, cittadinanze 1800-1893 Nati 1894
Santa Maria a Vico	MC5R-Q23	1683	3:1:3QS7-L97N-CXQV	Morti, cittadinanze 1879 Nati, pubblicazioni, matrimoni, morti, cittadinanze 1800-1893 Nati 1894
Santa Maria a Vico	MC5R-Q23	1684	3:1:3QSQ-G97N-CX7R	Morti, cittadinanze 1879 Nati, pubblicazioni, matrimoni, morti, cittadinanze 1800-1893 Nati 1894
Santa Maria a Vico	MC5R-Q23	1685	3:1:3QSQ-G97N-CX71	Morti, cittadinanze 1879 Nati, pubblicazioni, matrimoni, morti, cittadinanze 1800-1893 Nati 1894
Santa Maria a Vico	MC5R-Q23	1686	3:1:3QSQ-G97N-CXHK	Morti, cittadinanze 1879 Nati, pubblicazioni, matrimoni, morti, cittadinanze 1800-1893 Nati 1894
Santa Maria a Vico	MC5R-Q23	1687	3:1:3QS7-L97N-CXQS	Morti, cittadinanze 1879 Nati, pubblicazioni, matrimoni, morti, cittadinanze 1800-1893 Nati 1894
Santa Maria a Vico	MC5R-Q23	1688	3:1:3QS7-897N-CX9K	Morti, cittadinanze 1879 Nati, pubblicazioni, matrimoni, morti, cittadinanze 1800-1893 Nati 1894
Santa Maria a Vico	MC5R-Q23	1689	3:1:3QS7-L97N-CXQM	Morti, cittadinanze 1879 Nati, pubblicazioni, matrimoni, morti, cittadinanze 1800-1893 Nati 1894
Santa Maria a Vico	MC5R-Q23	1690	3:1:3QS7-897N-CXMQ	Morti, cittadinanze 1879 Nati, pubblicazioni, matrimoni, morti, cittadinanze 1800-1893 Nati 1894
Santa Maria a Vico	MC5R-Q23	1691	3:1:3QSQ-G97N-CX76	Morti, cittadinanze 1879 Nati, pubblicazioni, matrimoni, morti, cittadinanze 1800-1893 Nati 1894
Santa Maria a Vico	MC5R-Q23	1692	3:1:3QS7-997N-C6YP	Morti, cittadinanze 1879 Nati, pubblicazioni, matrimoni, morti, cittadinanze 1800-1893 Nati 1894
Santa Maria a Vico	MC5R-Q23	1693	3:1:3QSQ-G97N-CXW3	Morti, cittadinanze 1879 Nati, pubblicazioni, matrimoni, morti, cittadinanze 1800-1893 Nati 1894
Santa Maria a Vico	MC5R-Q23	1694	3:1:3QSQ-G97N-CX31	Morti, cittadinanze 1879 Nati, pubblicazioni, matrimoni, morti, cittadinanze 1800-1893 Nati 1894
Santa Maria a Vico	MC5R-Q23	1695	3:1:3QS7-997N-C611	Morti, cittadinanze 1879 Nati, pubblicazioni, matrimoni, morti, cittadinanze 1800-1893 Nati 1894
Santa Maria a Vico	MC5R-Q23	1696	3:1:3QS7-997N-C6YB	Morti, cittadinanze 1879 Nati, pubblicazioni, matrimoni, morti, cittadinanze 1800-1893 Nati 1894
Santa Maria a Vico	MC5R-Q23	1697	3:1:3QS7-L97N-CXS5	Morti, cittadinanze 1879 Nati, pubblicazioni, matrimoni, morti, cittadinanze 1800-1893 Nati 1894
Santa Maria a Vico	MC5R-Q23	1698	3:1:3QS7-997N-C6YR	Morti, cittadinanze 1879 Nati, pubblicazioni, matrimoni, morti, cittadinanze 1800-1893 Nati 1894
Santa Maria a Vico	MC5R-Q23	1699	3:1:3QS7-997N-C6BV	Morti, cittadinanze 1879 Nati, pubblicazioni, matrimoni, morti, cittadinanze 1800-1893 Nati 1894
Santa Maria a Vico	MC5R-Q23	1700	3:1:3QSQ-G97N-CX7D	Morti, cittadinanze 1879 Nati, pubblicazioni, matrimoni, morti, cittadinanze 1800-1893 Nati 1894
Santa Maria a Vico	MC5R-Q23	1701	3:1:3QSQ-G97N-CXQP	Morti, cittadinanze 1879 Nati, pubblicazioni, matrimoni, morti, cittadinanze 1800-1893 Nati 1894
Santa Maria a Vico	MC5R-Q23	1702	3:1:3QS7-997N-C6RK	Morti, cittadinanze 1879 Nati, pubblicazioni, matrimoni, morti, cittadinanze 1800-1893 Nati 1894
Santa Maria a Vico	MC5R-Q23	1703	3:1:3QS7-997N-C65L	Morti, cittadinanze 1879 Nati, pubblicazioni, matrimoni, morti, cittadinanze 1800-1893 Nati 1894
Santa Maria a Vico	MC5R-Q23	1704	3:1:3QSQ-G97N-CX44	Morti, cittadinanze 1879 Nati, pubblicazioni, matrimoni, morti, cittadinanze 1800-1893 Nati 1894
Santa Maria a Vico	MC5R-Q23	1705	3:1:3QS7-897N-C6Y7	Morti, cittadinanze 1879 Nati, pubblicazioni, matrimoni, morti, cittadinanze 1800-1893 Nati 1894
Santa Maria a Vico	MC5R-Q23	1706	3:1:3QS7-897N-C6YC	Morti, cittadinanze 1879 Nati, pubblicazioni, matrimoni, morti, cittadinanze 1800-1893 Nati 1894
Santa Maria a Vico	MC5R-Q23	1707	3:1:3QS7-897N-C6TX	Morti, cittadinanze 1879 Nati, pubblicazioni, matrimoni, morti, cittadinanze 1800-1893 Nati 1894
Santa Maria a Vico	MC5R-Q23	1708	3:1:3QS7-997N-C6R4	Morti, cittadinanze 1879 Nati, pubblicazioni, matrimoni, morti, cittadinanze 1800-1893 Nati 1894
Santa Maria a Vico	MC5R-Q23	1709	3:1:3QSQ-G97N-CX7T	Morti, cittadinanze 1879 Nati, pubblicazioni, matrimoni, morti, cittadinanze 1800-1893 Nati 1894
Santa Maria a Vico	MC5R-Q23	1710	3:1:3QS7-L97N-CX9S	Morti, cittadinanze 1879 Nati, pubblicazioni, matrimoni, morti, cittadinanze 1800-1893 Nati 1894
Santa Maria a Vico	MC5R-Q23	1711	3:1:3QS7-L97N-CXS4	Morti, cittadinanze 1879 Nati, pubblicazioni, matrimoni, morti, cittadinanze 1800-1893 Nati 1894
Santa Maria a Vico	MC5R-Q23	1712	3:1:3QSQ-G97N-CXQ2	Morti, cittadinanze 1879 Nati, pubblicazioni, matrimoni, morti, cittadinanze 1800-1893 Nati 1894
Santa Maria a Vico	MC5R-Q23	1713	3:1:3QSQ-G97N-CX34	Morti, cittadinanze 1879 Nati, pubblicazioni, matrimoni, morti, cittadinanze 1800-1893 Nati 1894
Santa Maria a Vico	MC5R-Q23	1714	3:1:3QSQ-G97N-CXSJ	Morti, cittadinanze 1879 Nati, pubblicazioni, matrimoni, morti, cittadinanze 1800-1893 Nati 1894
Santa Maria a Vico	MC5R-Q23	1715	3:1:3QS7-L97N-CXSN	Morti, cittadinanze 1879 Nati, pubblicazioni, matrimoni, morti, cittadinanze 1800-1893 Nati 1894
Santa Maria a Vico	MC5R-Q23	1716	3:1:3QS7-L97N-CX39	Morti, cittadinanze 1879 Nati, pubblicazioni, matrimoni, morti, cittadinanze 1800-1893 Nati 1894
Santa Maria a Vico	MC5R-Q23	1717	3:1:3QS7-897N-C6TR	Morti, cittadinanze 1879 Nati, pubblicazioni, matrimoni, morti, cittadinanze 1800-1893 Nati 1894
Santa Maria a Vico	MC5R-Q23	1718	3:1:3QS7-L97N-CX9P	Morti, cittadinanze 1879 Nati, pubblicazioni, matrimoni, morti, cittadinanze 1800-1893 Nati 1894
Santa Maria a Vico	MC5R-Q23	1719	3:1:3QS7-997N-C6YQ	Morti, cittadinanze 1879 Nati, pubblicazioni, matrimoni, morti, cittadinanze 1800-1893 Nati 1894
Santa Maria a Vico	MC5R-Q23	1720	3:1:3QS7-997N-C6TQ	Morti, cittadinanze 1879 Nati, pubblicazioni, matrimoni, morti, cittadinanze 1800-1893 Nati 1894
Santa Maria a Vico	MC5R-Q23	1721	3:1:3QS7-997N-C6YD	Morti, cittadinanze 1879 Nati, pubblicazioni, matrimoni, morti, cittadinanze 1800-1893 Nati 1894
Santa Maria a Vico	MC5R-Q23	1722	3:1:3QS7-997N-C6TK	Morti, cittadinanze 1879 Nati, pubblicazioni, matrimoni, morti, cittadinanze 1800-1893 Nati 1894
Santa Maria a Vico	MC5R-Q23	1723	3:1:3QS7-L97N-CXSM	Morti, cittadinanze 1879 Nati, pubblicazioni, matrimoni, morti, cittadinanze 1800-1893 Nati 1894
Santa Maria a Vico	MC5R-Q23	1724	3:1:3QSQ-G97N-CXSN	Morti, cittadinanze 1879 Nati, pubblicazioni, matrimoni, morti, cittadinanze 1800-1893 Nati 1894
Santa Maria a Vico	MC5R-Q23	1725	3:1:3QS7-897N-C6PH	Morti, cittadinanze 1879 Nati, pubblicazioni, matrimoni, morti, cittadinanze 1800-1893 Nati 1894
Santa Maria a Vico	MC5R-Q23	1726	3:1:3QS7-L97N-C6BX	Morti, cittadinanze 1879 Nati, pubblicazioni, matrimoni, morti, cittadinanze 1800-1893 Nati 1894
Santa Maria a Vico	MC5R-Q23	1727	3:1:3QSQ-G97N-CXWS	Morti, cittadinanze 1879 Nati, pubblicazioni, matrimoni, morti, cittadinanze 1800-1893 Nati 1894
Santa Maria a Vico	MC5R-Q23	1728	3:1:3QS7-997N-C6P8	Morti, cittadinanze 1879 Nati, pubblicazioni, matrimoni, morti, cittadinanze 1800-1893 Nati 1894
Santa Maria a Vico	MC5R-Q23	1729	3:1:3QSQ-G97N-CXMT	Morti, cittadinanze 1879 Nati, pubblicazioni, matrimoni, morti, cittadinanze 1800-1893 Nati 1894
Santa Maria a Vico	MC5R-Q23	1730	3:1:3QS7-L97N-C61T	Morti, cittadinanze 1879 Nati, pubblicazioni, matrimoni, morti, cittadinanze 1800-1893 Nati 1894
Santa Maria a Vico	MC5R-Q23	1731	3:1:3QS7-997N-C6GB	Morti, cittadinanze 1879 Nati, pubblicazioni, matrimoni, morti, cittadinanze 1800-1893 Nati 1894
Santa Maria a Vico	MC5R-Q23	1732	3:1:3QS7-L97N-CXM1	Morti, cittadinanze 1879 Nati, pubblicazioni, matrimoni, morti, cittadinanze 1800-1893 Nati 1894
Santa Maria a Vico	MC5R-Q23	1733	3:1:3QS7-897N-C6PZ	Morti, cittadinanze 1879 Nati, pubblicazioni, matrimoni, morti, cittadinanze 1800-1893 Nati 1894
Santa Maria a Vico	MC5R-Q23	1734	3:1:3QS7-997N-C6Y2	Morti, cittadinanze 1879 Nati, pubblicazioni, matrimoni, morti, cittadinanze 1800-1893 Nati 1894
Santa Maria a Vico	MC5R-Q23	1735	3:1:3QS7-997N-C6RC	Morti, cittadinanze 1879 Nati, pubblicazioni, matrimoni, morti, cittadinanze 1800-1893 Nati 1894
Santa Maria a Vico	MC5R-Q23	1736	3:1:3QS7-997N-C6R9	Morti, cittadinanze 1879 Nati, pubblicazioni, matrimoni, morti, cittadinanze 1800-1893 Nati 1894
Santa Maria a Vico	MC5R-Q23	1737	3:1:3QSQ-G97N-C6YL	Morti, cittadinanze 1879 Nati, pubblicazioni, matrimoni, morti, cittadinanze 1800-1893 Nati 1894
Santa Maria a Vico	MC5R-Q23	1738	3:1:3QS7-997N-C6PD	Morti, cittadinanze 1879 Nati, pubblicazioni, matrimoni, morti, cittadinanze 1800-1893 Nati 1894
Santa Maria a Vico	MC5R-Q23	1739	3:1:3QS7-997N-C6PZ	Morti, cittadinanze 1879 Nati, pubblicazioni, matrimoni, morti, cittadinanze 1800-1893 Nati 1894
Santa Maria a Vico	MC5R-Q23	1740	3:1:3QSQ-G97N-CX9V	Morti, cittadinanze 1879 Nati, pubblicazioni, matrimoni, morti, cittadinanze 1800-1893 Nati 1894
Santa Maria a Vico	MC5R-Q23	1741	3:1:3QS7-997N-C6LC	Morti, cittadinanze 1879 Nati, pubblicazioni, matrimoni, morti, cittadinanze 1800-1893 Nati 1894
Santa Maria a Vico	MC5R-Q23	1742	3:1:3QSQ-G97N-CXMY	Morti, cittadinanze 1879 Nati, pubblicazioni, matrimoni, morti, cittadinanze 1800-1893 Nati 1894
Santa Maria a Vico	MC5R-Q23	1743	3:1:3QS7-997N-C62N	Morti, cittadinanze 1879 Nati, pubblicazioni, matrimoni, morti, cittadinanze 1800-1893 Nati 1894
Santa Maria a Vico	MC5R-Q23	1744	3:1:3QS7-897N-C6LB	Morti, cittadinanze 1879 Nati, pubblicazioni, matrimoni, morti, cittadinanze 1800-1893 Nati 1894
Santa Maria a Vico	MC5R-Q23	1745	3:1:3QS7-L97N-C6BB	Morti, cittadinanze 1879 Nati, pubblicazioni, matrimoni, morti, cittadinanze 1800-1893 Nati 1894
Santa Maria a Vico	MC5R-Q23	1746	3:1:3QS7-L97N-CXMB	Morti, cittadinanze 1879 Nati, pubblicazioni, matrimoni, morti, cittadinanze 1800-1893 Nati 1894
Santa Maria a Vico	MC5R-Q23	1747	3:1:3QSQ-G97N-CX96	Morti, cittadinanze 1879 Nati, pubblicazioni, matrimoni, morti, cittadinanze 1800-1893 Nati 1894
Santa Maria a Vico	MC5R-Q23	1748	3:1:3QS7-897N-C6P5	Morti, cittadinanze 1879 Nati, pubblicazioni, matrimoni, morti, cittadinanze 1800-1893 Nati 1894
Santa Maria a Vico	MC5R-Q23	1749	3:1:3QS7-897N-C6GD	Morti, cittadinanze 1879 Nati, pubblicazioni, matrimoni, morti, cittadinanze 1800-1893 Nati 1894
Santa Maria a Vico	MC5R-Q23	1750	3:1:3QSQ-G97N-CX9X	Morti, cittadinanze 1879 Nati, pubblicazioni, matrimoni, morti, cittadinanze 1800-1893 Nati 1894
Santa Maria a Vico	MC5R-Q23	1751	3:1:3QS7-L97N-CXMC	Morti, cittadinanze 1879 Nati, pubblicazioni, matrimoni, morti, cittadinanze 1800-1893 Nati 1894
Santa Maria a Vico	MC5R-Q23	1752	3:1:3QS7-897N-C6KP	Morti, cittadinanze 1879 Nati, pubblicazioni, matrimoni, morti, cittadinanze 1800-1893 Nati 1894
Santa Maria a Vico	MC5R-Q23	1753	3:1:3QS7-897N-C6GX	Morti, cittadinanze 1879 Nati, pubblicazioni, matrimoni, morti, cittadinanze 1800-1893 Nati 1894
Santa Maria a Vico	MC5R-Q23	1754	3:1:3QSQ-G97N-C6BJ	Morti, cittadinanze 1879 Nati, pubblicazioni, matrimoni, morti, cittadinanze 1800-1893 Nati 1894
Santa Maria a Vico	MC5R-Q23	1755	3:1:3QS7-897N-C62L	Morti, cittadinanze 1879 Nati, pubblicazioni, matrimoni, morti, cittadinanze 1800-1893 Nati 1894
Santa Maria a Vico	MC5R-Q23	1756	3:1:3QS7-897N-C6GC	Morti, cittadinanze 1879 Nati, pubblicazioni, matrimoni, morti, cittadinanze 1800-1893 Nati 1894
Santa Maria a Vico	MC5R-Q23	1757	3:1:3QS7-997N-C6KR	Morti, cittadinanze 1879 Nati, pubblicazioni, matrimoni, morti, cittadinanze 1800-1893 Nati 1894
Santa Maria a Vico	MC5R-Q23	1758	3:1:3QS7-997N-C65P	Morti, cittadinanze 1879 Nati, pubblicazioni, matrimoni, morti, cittadinanze 1800-1893 Nati 1894
Santa Maria a Vico	MC5R-Q23	1759	3:1:3QS7-897N-C62T	Morti, cittadinanze 1879 Nati, pubblicazioni, matrimoni, morti, cittadinanze 1800-1893 Nati 1894
Santa Maria a Vico	MC5R-Q23	1760	3:1:3QS7-L97N-C61M	Morti, cittadinanze 1879 Nati, pubblicazioni, matrimoni, morti, cittadinanze 1800-1893 Nati 1894
Santa Maria a Vico	MC5R-Q23	1761	3:1:3QS7-997N-C6JK	Morti, cittadinanze 1879 Nati, pubblicazioni, matrimoni, morti, cittadinanze 1800-1893 Nati 1894
Santa Maria a Vico	MC5R-Q23	1762	3:1:3QS7-997N-C6VG	Morti, cittadinanze 1879 Nati, pubblicazioni, matrimoni, morti, cittadinanze 1800-1893 Nati 1894
Santa Maria a Vico	MC5R-Q23	1763	3:1:3QS7-997N-C623	Morti, cittadinanze 1879 Nati, pubblicazioni, matrimoni, morti, cittadinanze 1800-1893 Nati 1894
Santa Maria a Vico	MC5R-Q23	1764	3:1:3QSQ-G97N-C6YN	Morti, cittadinanze 1879 Nati, pubblicazioni, matrimoni, morti, cittadinanze 1800-1893 Nati 1894
Santa Maria a Vico	MC5R-Q23	1765	3:1:3QS7-L97N-C616	Morti, cittadinanze 1879 Nati, pubblicazioni, matrimoni, morti, cittadinanze 1800-1893 Nati 1894
Santa Maria a Vico	MC5R-Q23	1766	3:1:3QS7-997N-C6JY	Morti, cittadinanze 1879 Nati, pubblicazioni, matrimoni, morti, cittadinanze 1800-1893 Nati 1894
Santa Maria a Vico	MC5R-Q23	1767	3:1:3QSQ-G97N-C6BG	Morti, cittadinanze 1879 Nati, pubblicazioni, matrimoni, morti, cittadinanze 1800-1893 Nati 1894
Santa Maria a Vico	MC5R-Q23	1768	3:1:3QS7-897N-C6LM	Morti, cittadinanze 1879 Nati, pubblicazioni, matrimoni, morti, cittadinanze 1800-1893 Nati 1894
Santa Maria a Vico	MC5R-Q23	1769	3:1:3QS7-997N-C62Y	Morti, cittadinanze 1879 Nati, pubblicazioni, matrimoni, morti, cittadinanze 1800-1893 Nati 1894
Santa Maria a Vico	MC5R-Q23	1770	3:1:3QS7-997N-C6PW	Morti, cittadinanze 1879 Nati, pubblicazioni, matrimoni, morti, cittadinanze 1800-1893 Nati 1894
Santa Maria a Vico	MC5R-Q23	1771	3:1:3QS7-L97N-C6BD	Morti, cittadinanze 1879 Nati, pubblicazioni, matrimoni, morti, cittadinanze 1800-1893 Nati 1894
Santa Maria a Vico	MC5R-Q23	1772	3:1:3QS7-997N-C6J4	Morti, cittadinanze 1879 Nati, pubblicazioni, matrimoni, morti, cittadinanze 1800-1893 Nati 1894
Santa Maria a Vico	MC5R-Q23	1773	3:1:3QSQ-G97N-C6YP	Morti, cittadinanze 1879 Nati, pubblicazioni, matrimoni, morti, cittadinanze 1800-1893 Nati 1894
Santa Maria a Vico	MC5R-Q23	1774	3:1:3QSQ-G97N-C6TQ	Morti, cittadinanze 1879 Nati, pubblicazioni, matrimoni, morti, cittadinanze 1800-1893 Nati 1894
Santa Maria a Vico	MC5R-Q23	1775	3:1:3QS7-897N-C6N1	Morti, cittadinanze 1879 Nati, pubblicazioni, matrimoni, morti, cittadinanze 1800-1893 Nati 1894
Santa Maria a Vico	MC5R-Q23	1776	3:1:3QSQ-G97N-C6YR	Morti, cittadinanze 1879 Nati, pubblicazioni, matrimoni, morti, cittadinanze 1800-1893 Nati 1894
Santa Maria a Vico	MC5R-Q23	1777	3:1:3QSQ-G97N-C6TV	Morti, cittadinanze 1879 Nati, pubblicazioni, matrimoni, morti, cittadinanze 1800-1893 Nati 1894
Santa Maria a Vico	MC5R-Q23	1778	3:1:3QS7-897N-C6VS	Morti, cittadinanze 1879 Nati, pubblicazioni, matrimoni, morti, cittadinanze 1800-1893 Nati 1894
Santa Maria a Vico	MC5R-Q23	1779	3:1:3QS7-L97N-C6YX	Morti, cittadinanze 1879 Nati, pubblicazioni, matrimoni, morti, cittadinanze 1800-1893 Nati 1894
Santa Maria a Vico	MC5R-Q23	1780	3:1:3QS7-997N-C6VT	Morti, cittadinanze 1879 Nati, pubblicazioni, matrimoni, morti, cittadinanze 1800-1893 Nati 1894
Santa Maria a Vico	MC5R-Q23	1781	3:1:3QS7-897N-C6NK	Morti, cittadinanze 1879 Nati, pubblicazioni, matrimoni, morti, cittadinanze 1800-1893 Nati 1894
Santa Maria a Vico	MC5R-Q23	1782	3:1:3QSQ-G97N-C6T8	Morti, cittadinanze 1879 Nati, pubblicazioni, matrimoni, morti, cittadinanze 1800-1893 Nati 1894
Santa Maria a Vico	MC5R-Q23	1783	3:1:3QS7-997N-C6VC	Morti, cittadinanze 1879 Nati, pubblicazioni, matrimoni, morti, cittadinanze 1800-1893 Nati 1894
Santa Maria a Vico	MC5R-Q23	1784	3:1:3QS7-L97N-C6YJ	Morti, cittadinanze 1879 Nati, pubblicazioni, matrimoni, morti, cittadinanze 1800-1893 Nati 1894
Santa Maria a Vico	MC5R-Q23	1785	3:1:3QS7-897N-C6VN	Morti, cittadinanze 1879 Nati, pubblicazioni, matrimoni, morti, cittadinanze 1800-1893 Nati 1894
Santa Maria a Vico	MC5R-Q23	1786	3:1:3QS7-L97N-C6Y8	Morti, cittadinanze 1879 Nati, pubblicazioni, matrimoni, morti, cittadinanze 1800-1893 Nati 1894
Santa Maria a Vico	MC5R-Q23	1787	3:1:3QS7-897N-C6NB	Morti, cittadinanze 1879 Nati, pubblicazioni, matrimoni, morti, cittadinanze 1800-1893 Nati 1894
Santa Maria a Vico	MC5R-Q23	1788	3:1:3QSQ-G97N-C6RV	Morti, cittadinanze 1879 Nati, pubblicazioni, matrimoni, morti, cittadinanze 1800-1893 Nati 1894
Santa Maria a Vico	MC5R-Q23	1789	3:1:3QSQ-G97N-C61D	Morti, cittadinanze 1879 Nati, pubblicazioni, matrimoni, morti, cittadinanze 1800-1893 Nati 1894
Santa Maria a Vico	MC5R-Q23	1790	3:1:3QS7-897N-C6NN	Morti, cittadinanze 1879 Nati, pubblicazioni, matrimoni, morti, cittadinanze 1800-1893 Nati 1894
Santa Maria a Vico	MC5R-Q23	1791	3:1:3QS7-897N-C6LC	Morti, cittadinanze 1879 Nati, pubblicazioni, matrimoni, morti, cittadinanze 1800-1893 Nati 1894
Santa Maria a Vico	MC5R-Q23	1792	3:1:3QS7-997N-C6J5	Morti, cittadinanze 1879 Nati, pubblicazioni, matrimoni, morti, cittadinanze 1800-1893 Nati 1894
Santa Maria a Vico	MC5R-Q23	1793	3:1:3QS7-997N-C6FF	Morti, cittadinanze 1879 Nati, pubblicazioni, matrimoni, morti, cittadinanze 1800-1893 Nati 1894
Santa Maria a Vico	MC5R-Q23	1794	3:1:3QSQ-G97N-C65C	Morti, cittadinanze 1879 Nati, pubblicazioni, matrimoni, morti, cittadinanze 1800-1893 Nati 1894
Santa Maria a Vico	MC5R-Q23	1795	3:1:3QSQ-G97N-C6G4	Morti, cittadinanze 1879 Nati, pubblicazioni, matrimoni, morti, cittadinanze 1800-1893 Nati 1894
Santa Maria a Vico	MC5R-Q23	1796	3:1:3QS7-897N-C6FG	Morti, cittadinanze 1879 Nati, pubblicazioni, matrimoni, morti, cittadinanze 1800-1893 Nati 1894
Santa Maria a Vico	MC5R-Q23	1797	3:1:3QSQ-G97N-C6RL	Morti, cittadinanze 1879 Nati, pubblicazioni, matrimoni, morti, cittadinanze 1800-1893 Nati 1894
Santa Maria a Vico	MC5R-Q23	1798	3:1:3QS7-997N-C62G	Morti, cittadinanze 1879 Nati, pubblicazioni, matrimoni, morti, cittadinanze 1800-1893 Nati 1894
Santa Maria a Vico	MC5R-Q23	1799	3:1:3QS7-997N-C6JC	Morti, cittadinanze 1879 Nati, pubblicazioni, matrimoni, morti, cittadinanze 1800-1893 Nati 1894
Santa Maria a Vico	MC5R-Q23	1800	3:1:3QSQ-G97N-C6PH	Morti, cittadinanze 1879 Nati, pubblicazioni, matrimoni, morti, cittadinanze 1800-1893 Nati 1894
Santa Maria a Vico	MC5R-Q23	1801	3:1:3QS7-L97N-C65L	Morti, cittadinanze 1879 Nati, pubblicazioni, matrimoni, morti, cittadinanze 1800-1893 Nati 1894
Santa Maria a Vico	MC5R-Q23	1802	3:1:3QS7-997N-C6XL	Morti, cittadinanze 1879 Nati, pubblicazioni, matrimoni, morti, cittadinanze 1800-1893 Nati 1894
Santa Maria a Vico	MC5R-Q23	1803	3:1:3QSQ-G97N-C65N	Morti, cittadinanze 1879 Nati, pubblicazioni, matrimoni, morti, cittadinanze 1800-1893 Nati 1894
Santa Maria a Vico	MC5R-Q23	1804	3:1:3QS7-L97N-C6GJ	Morti, cittadinanze 1879 Nati, pubblicazioni, matrimoni, morti, cittadinanze 1800-1893 Nati 1894
Santa Maria a Vico	MC5R-Q23	1805	3:1:3QS7-997N-C6X6	Morti, cittadinanze 1879 Nati, pubblicazioni, matrimoni, morti, cittadinanze 1800-1893 Nati 1894
Santa Maria a Vico	MC5R-Q23	1806	3:1:3QS7-L97N-C6RJ	Morti, cittadinanze 1879 Nati, pubblicazioni, matrimoni, morti, cittadinanze 1800-1893 Nati 1894
Santa Maria a Vico	MC5R-Q23	1807	3:1:3QS7-897N-C6D1	Morti, cittadinanze 1879 Nati, pubblicazioni, matrimoni, morti, cittadinanze 1800-1893 Nati 1894
Santa Maria a Vico	MC5R-Q23	1808	3:1:3QSQ-G97N-C6PZ	Morti, cittadinanze 1879 Nati, pubblicazioni, matrimoni, morti, cittadinanze 1800-1893 Nati 1894
Santa Maria a Vico	MC5R-Q23	1809	3:1:3QS7-L97N-C6GH	Morti, cittadinanze 1879 Nati, pubblicazioni, matrimoni, morti, cittadinanze 1800-1893 Nati 1894
Santa Maria a Vico	MC5R-Q23	1810	3:1:3QS7-997N-C6J7	Morti, cittadinanze 1879 Nati, pubblicazioni, matrimoni, morti, cittadinanze 1800-1893 Nati 1894
Santa Maria a Vico	MC5R-Q23	1811	3:1:3QS7-897N-C6FL	Morti, cittadinanze 1879 Nati, pubblicazioni, matrimoni, morti, cittadinanze 1800-1893 Nati 1894
Santa Maria a Vico	MC5R-Q23	1812	3:1:3QS7-897N-C6X6	Morti, cittadinanze 1879 Nati, pubblicazioni, matrimoni, morti, cittadinanze 1800-1893 Nati 1894
Santa Maria a Vico	MC5R-Q23	1813	3:1:3QS7-897N-C6XV	Morti, cittadinanze 1879 Nati, pubblicazioni, matrimoni, morti, cittadinanze 1800-1893 Nati 1894
Santa Maria a Vico	MC5R-Q23	1814	3:1:3QS7-997N-C6N5	Morti, cittadinanze 1879 Nati, pubblicazioni, matrimoni, morti, cittadinanze 1800-1893 Nati 1894
Santa Maria a Vico	MC5R-Q23	1815	3:1:3QS7-L97N-C6GT	Morti, cittadinanze 1879 Nati, pubblicazioni, matrimoni, morti, cittadinanze 1800-1893 Nati 1894
Santa Maria a Vico	MC5R-Q23	1816	3:1:3QS7-997N-C6F6	Morti, cittadinanze 1879 Nati, pubblicazioni, matrimoni, morti, cittadinanze 1800-1893 Nati 1894
Santa Maria a Vico	MC5R-Q23	1817	3:1:3QSQ-G97N-C62K	Morti, cittadinanze 1879 Nati, pubblicazioni, matrimoni, morti, cittadinanze 1800-1893 Nati 1894
Santa Maria a Vico	MC5R-Q23	1818	3:1:3QS7-997N-C6X3	Morti, cittadinanze 1879 Nati, pubblicazioni, matrimoni, morti, cittadinanze 1800-1893 Nati 1894
Santa Maria a Vico	MC5R-Q23	1819	3:1:3QSQ-G97N-C6PM	Morti, cittadinanze 1879 Nati, pubblicazioni, matrimoni, morti, cittadinanze 1800-1893 Nati 1894
Santa Maria a Vico	MC5R-Q23	1820	3:1:3QS7-997N-C6D2	Morti, cittadinanze 1879 Nati, pubblicazioni, matrimoni, morti, cittadinanze 1800-1893 Nati 1894
Santa Maria a Vico	MC5R-Q23	1821	3:1:3QSQ-G97N-C6LV	Morti, cittadinanze 1879 Nati, pubblicazioni, matrimoni, morti, cittadinanze 1800-1893 Nati 1894
Santa Maria a Vico	MC5R-Q23	1822	3:1:3QSQ-G97N-C6KM	Morti, cittadinanze 1879 Nati, pubblicazioni, matrimoni, morti, cittadinanze 1800-1893 Nati 1894
Santa Maria a Vico	MC5R-Q23	1823	3:1:3QSQ-G97N-C6GH	Morti, cittadinanze 1879 Nati, pubblicazioni, matrimoni, morti, cittadinanze 1800-1893 Nati 1894
Santa Maria a Vico	MC5R-Q23	1824	3:1:3QS7-L97N-C65P	Morti, cittadinanze 1879 Nati, pubblicazioni, matrimoni, morti, cittadinanze 1800-1893 Nati 1894
Santa Maria a Vico	MC5R-Q23	1825	3:1:3QS7-897N-C664	Morti, cittadinanze 1879 Nati, pubblicazioni, matrimoni, morti, cittadinanze 1800-1893 Nati 1894
Santa Maria a Vico	MC5R-Q23	1826	3:1:3QS7-997N-C6V4	Morti, cittadinanze 1879 Nati, pubblicazioni, matrimoni, morti, cittadinanze 1800-1893 Nati 1894
Santa Maria a Vico	MC5R-Q23	1827	3:1:3QSQ-G97N-C6KK	Morti, cittadinanze 1879 Nati, pubblicazioni, matrimoni, morti, cittadinanze 1800-1893 Nati 1894
Santa Maria a Vico	MC5R-Q23	1828	3:1:3QS7-997N-C6DV	Morti, cittadinanze 1879 Nati, pubblicazioni, matrimoni, morti, cittadinanze 1800-1893 Nati 1894
Santa Maria a Vico	MC5R-Q23	1829	3:1:3QS7-997N-C6X8	Morti, cittadinanze 1879 Nati, pubblicazioni, matrimoni, morti, cittadinanze 1800-1893 Nati 1894
Santa Maria a Vico	MC5R-Q23	1830	3:1:3QS7-997N-C6JS	Morti, cittadinanze 1879 Nati, pubblicazioni, matrimoni, morti, cittadinanze 1800-1893 Nati 1894
Santa Maria a Vico	MC5R-Q23	1831	3:1:3QSQ-G97N-C6JB	Morti, cittadinanze 1879 Nati, pubblicazioni, matrimoni, morti, cittadinanze 1800-1893 Nati 1894
Santa Maria a Vico	MC5R-Q23	1832	3:1:3QS7-L97N-C65F	Morti, cittadinanze 1879 Nati, pubblicazioni, matrimoni, morti, cittadinanze 1800-1893 Nati 1894
Santa Maria a Vico	MC5R-Q23	1833	3:1:3QSQ-G97N-C6JV	Morti, cittadinanze 1879 Nati, pubblicazioni, matrimoni, morti, cittadinanze 1800-1893 Nati 1894
Santa Maria a Vico	MC5R-Q23	1834	3:1:3QS7-L97N-C6GC	Morti, cittadinanze 1879 Nati, pubblicazioni, matrimoni, morti, cittadinanze 1800-1893 Nati 1894
Santa Maria a Vico	MC5R-Q23	1835	3:1:3QS7-897N-C66X	Morti, cittadinanze 1879 Nati, pubblicazioni, matrimoni, morti, cittadinanze 1800-1893 Nati 1894
Santa Maria a Vico	MC5R-Q23	1836	3:1:3QS7-897N-C68X	Morti, cittadinanze 1879 Nati, pubblicazioni, matrimoni, morti, cittadinanze 1800-1893 Nati 1894
Santa Maria a Vico	MC5R-Q23	1837	3:1:3QS7-L97N-C6GF	Morti, cittadinanze 1879 Nati, pubblicazioni, matrimoni, morti, cittadinanze 1800-1893 Nati 1894
Santa Maria a Vico	MC5R-Q23	1838	3:1:3QS7-897N-C6D5	Morti, cittadinanze 1879 Nati, pubblicazioni, matrimoni, morti, cittadinanze 1800-1893 Nati 1894
Santa Maria a Vico	MC5R-Q23	1839	3:1:3QS7-997N-C6DR	Morti, cittadinanze 1879 Nati, pubblicazioni, matrimoni, morti, cittadinanze 1800-1893 Nati 1894
Santa Maria a Vico	MC5R-Q23	1840	3:1:3QSQ-G97N-C6K3	Morti, cittadinanze 1879 Nati, pubblicazioni, matrimoni, morti, cittadinanze 1800-1893 Nati 1894
Santa Maria a Vico	MC5R-Q23	1841	3:1:3QS7-L97N-C6KN	Morti, cittadinanze 1879 Nati, pubblicazioni, matrimoni, morti, cittadinanze 1800-1893 Nati 1894
Santa Maria a Vico	MC5R-Q23	1842	3:1:3QSQ-G97N-C6JT	Morti, cittadinanze 1879 Nati, pubblicazioni, matrimoni, morti, cittadinanze 1800-1893 Nati 1894
Santa Maria a Vico	MC5R-Q23	1843	3:1:3QS7-997N-C6HY	Morti, cittadinanze 1879 Nati, pubblicazioni, matrimoni, morti, cittadinanze 1800-1893 Nati 1894
Santa Maria a Vico	MC5R-Q23	1844	3:1:3QS7-L97N-C627	Morti, cittadinanze 1879 Nati, pubblicazioni, matrimoni, morti, cittadinanze 1800-1893 Nati 1894
Santa Maria a Vico	MC5R-Q23	1845	3:1:3QS7-997N-C68D	Morti, cittadinanze 1879 Nati, pubblicazioni, matrimoni, morti, cittadinanze 1800-1893 Nati 1894
Santa Maria a Vico	MC5R-Q23	1846	3:1:3QS7-L97N-C6K1	Morti, cittadinanze 1879 Nati, pubblicazioni, matrimoni, morti, cittadinanze 1800-1893 Nati 1894
Santa Maria a Vico	MC5R-Q23	1847	3:1:3QS7-997N-C68B	Morti, cittadinanze 1879 Nati, pubblicazioni, matrimoni, morti, cittadinanze 1800-1893 Nati 1894
Santa Maria a Vico	MC5R-Q23	1848	3:1:3QSQ-G97N-C6K2	Morti, cittadinanze 1879 Nati, pubblicazioni, matrimoni, morti, cittadinanze 1800-1893 Nati 1894
Santa Maria a Vico	MC5R-Q23	1849	3:1:3QSQ-G97N-C6VB	Morti, cittadinanze 1879 Nati, pubblicazioni, matrimoni, morti, cittadinanze 1800-1893 Nati 1894
Santa Maria a Vico	MC5R-Q23	1850	3:1:3QSQ-G97N-C6LG	Morti, cittadinanze 1879 Nati, pubblicazioni, matrimoni, morti, cittadinanze 1800-1893 Nati 1894
Santa Maria a Vico	MC5R-Q23	1851	3:1:3QS7-897N-C6ZV	Morti, cittadinanze 1879 Nati, pubblicazioni, matrimoni, morti, cittadinanze 1800-1893 Nati 1894
Santa Maria a Vico	MC5R-Q23	1852	3:1:3QS7-997N-C6C4	Morti, cittadinanze 1879 Nati, pubblicazioni, matrimoni, morti, cittadinanze 1800-1893 Nati 1894
Santa Maria a Vico	MC5R-Q23	1853	3:1:3QS7-997N-C6Z8	Morti, cittadinanze 1879 Nati, pubblicazioni, matrimoni, morti, cittadinanze 1800-1893 Nati 1894
Santa Maria a Vico	MC5R-Q23	1854	3:1:3QS7-997N-C6D6	Morti, cittadinanze 1879 Nati, pubblicazioni, matrimoni, morti, cittadinanze 1800-1893 Nati 1894
Santa Maria a Vico	MC5R-Q23	1855	3:1:3QS7-997N-C6ZN	Morti, cittadinanze 1879 Nati, pubblicazioni, matrimoni, morti, cittadinanze 1800-1893 Nati 1894
Santa Maria a Vico	MC5R-Q23	1856	3:1:3QSQ-G97N-C6V6	Morti, cittadinanze 1879 Nati, pubblicazioni, matrimoni, morti, cittadinanze 1800-1893 Nati 1894
Santa Maria a Vico	MC5R-Q23	1857	3:1:3QS7-897N-C6C6	Morti, cittadinanze 1879 Nati, pubblicazioni, matrimoni, morti, cittadinanze 1800-1893 Nati 1894
Santa Maria a Vico	MC5R-Q23	1858	3:1:3QS7-897N-C6Z6	Morti, cittadinanze 1879 Nati, pubblicazioni, matrimoni, morti, cittadinanze 1800-1893 Nati 1894
Santa Maria a Vico	MC5R-Q23	1859	3:1:3QS7-897N-C686	Morti, cittadinanze 1879 Nati, pubblicazioni, matrimoni, morti, cittadinanze 1800-1893 Nati 1894
Santa Maria a Vico	MC5R-Q23	1860	3:1:3QSQ-G97N-C6F2	Morti, cittadinanze 1879 Nati, pubblicazioni, matrimoni, morti, cittadinanze 1800-1893 Nati 1894
Santa Maria a Vico	MC5R-Q23	1861	3:1:3QS7-L97N-C66Y	Morti, cittadinanze 1879 Nati, pubblicazioni, matrimoni, morti, cittadinanze 1800-1893 Nati 1894
Santa Maria a Vico	MC5R-Q23	1862	3:1:3QS7-L97N-C6VB	Morti, cittadinanze 1879 Nati, pubblicazioni, matrimoni, morti, cittadinanze 1800-1893 Nati 1894
Santa Maria a Vico	MC5R-Q23	1863	3:1:3QS7-L97N-C625	Morti, cittadinanze 1879 Nati, pubblicazioni, matrimoni, morti, cittadinanze 1800-1893 Nati 1894
Santa Maria a Vico	MC5R-Q23	1864	3:1:3QS7-897N-C66J	Morti, cittadinanze 1879 Nati, pubblicazioni, matrimoni, morti, cittadinanze 1800-1893 Nati 1894
Santa Maria a Vico	MC5R-Q23	1865	3:1:3QS7-997N-C6CK	Morti, cittadinanze 1879 Nati, pubblicazioni, matrimoni, morti, cittadinanze 1800-1893 Nati 1894
Santa Maria a Vico	MC5R-Q23	1866	3:1:3QS7-997N-C6WG	Morti, cittadinanze 1879 Nati, pubblicazioni, matrimoni, morti, cittadinanze 1800-1893 Nati 1894
Santa Maria a Vico	MC5R-Q23	1867	3:1:3QSQ-G97N-C6XL	Morti, cittadinanze 1879 Nati, pubblicazioni, matrimoni, morti, cittadinanze 1800-1893 Nati 1894
Santa Maria a Vico	MC5R-Q23	1868	3:1:3QSQ-G97N-C6JL	Morti, cittadinanze 1879 Nati, pubblicazioni, matrimoni, morti, cittadinanze 1800-1893 Nati 1894
Santa Maria a Vico	MC5R-Q23	1869	3:1:3QS7-997N-C64L	Morti, cittadinanze 1879 Nati, pubblicazioni, matrimoni, morti, cittadinanze 1800-1893 Nati 1894
Santa Maria a Vico	MC5R-Q23	1870	3:1:3QS7-L97N-C6VJ	Morti, cittadinanze 1879 Nati, pubblicazioni, matrimoni, morti, cittadinanze 1800-1893 Nati 1894
Santa Maria a Vico	MC5R-Q23	1871	3:1:3QS7-897N-C64P	Morti, cittadinanze 1879 Nati, pubblicazioni, matrimoni, morti, cittadinanze 1800-1893 Nati 1894
Santa Maria a Vico	MC5R-Q23	1872	3:1:3QS7-897N-C6CB	Morti, cittadinanze 1879 Nati, pubblicazioni, matrimoni, morti, cittadinanze 1800-1893 Nati 1894
Santa Maria a Vico	MC5R-Q23	1873	3:1:3QSQ-G97N-C6VQ	Morti, cittadinanze 1879 Nati, pubblicazioni, matrimoni, morti, cittadinanze 1800-1893 Nati 1894
Santa Maria a Vico	MC5R-Q23	1874	3:1:3QSQ-G97N-C6VJ	Morti, cittadinanze 1879 Nati, pubblicazioni, matrimoni, morti, cittadinanze 1800-1893 Nati 1894
Santa Maria a Vico	MC5R-Q23	1875	3:1:3QS7-897N-C6H3	Morti, cittadinanze 1879 Nati, pubblicazioni, matrimoni, morti, cittadinanze 1800-1893 Nati 1894
Santa Maria a Vico	MC5R-Q23	1876	3:1:3QS7-997N-C6CN	Morti, cittadinanze 1879 Nati, pubblicazioni, matrimoni, morti, cittadinanze 1800-1893 Nati 1894
Santa Maria a Vico	MC5R-Q23	1877	3:1:3QSQ-G97N-C6N9	Morti, cittadinanze 1879 Nati, pubblicazioni, matrimoni, morti, cittadinanze 1800-1893 Nati 1894
Santa Maria a Vico	MC5R-Q23	1878	3:1:3QS7-897N-C64W	Morti, cittadinanze 1879 Nati, pubblicazioni, matrimoni, morti, cittadinanze 1800-1893 Nati 1894
Santa Maria a Vico	MC5R-Q23	1879	3:1:3QS7-897N-C684	Morti, cittadinanze 1879 Nati, pubblicazioni, matrimoni, morti, cittadinanze 1800-1893 Nati 1894
Santa Maria a Vico	MC5R-Q23	1880	3:1:3QS7-L97N-C66N	Morti, cittadinanze 1879 Nati, pubblicazioni, matrimoni, morti, cittadinanze 1800-1893 Nati 1894
Santa Maria a Vico	MC5R-Q23	1881	3:1:3QS7-997N-C6WV	Morti, cittadinanze 1879 Nati, pubblicazioni, matrimoni, morti, cittadinanze 1800-1893 Nati 1894
Santa Maria a Vico	MC5R-Q23	1882	3:1:3QS7-997N-C6HM	Morti, cittadinanze 1879 Nati, pubblicazioni, matrimoni, morti, cittadinanze 1800-1893 Nati 1894
Santa Maria a Vico	MC5R-Q23	1883	3:1:3QS7-L97N-C6JL	Morti, cittadinanze 1879 Nati, pubblicazioni, matrimoni, morti, cittadinanze 1800-1893 Nati 1894
Santa Maria a Vico	MC5R-Q23	1884	3:1:3QSQ-G97N-C6D5	Morti, cittadinanze 1879 Nati, pubblicazioni, matrimoni, morti, cittadinanze 1800-1893 Nati 1894
Santa Maria a Vico	MC5R-Q23	1885	3:1:3QS7-897N-C67Z	Morti, cittadinanze 1879 Nati, pubblicazioni, matrimoni, morti, cittadinanze 1800-1893 Nati 1894
Santa Maria a Vico	MC5R-Q23	1886	3:1:3QS7-997N-C648	Morti, cittadinanze 1879 Nati, pubblicazioni, matrimoni, morti, cittadinanze 1800-1893 Nati 1894
Santa Maria a Vico	MC5R-Q23	1887	3:1:3QSQ-G97N-C6Z2	Morti, cittadinanze 1879 Nati, pubblicazioni, matrimoni, morti, cittadinanze 1800-1893 Nati 1894
Santa Maria a Vico	MC5R-Q23	1888	3:1:3QS7-L97N-C6JW	Morti, cittadinanze 1879 Nati, pubblicazioni, matrimoni, morti, cittadinanze 1800-1893 Nati 1894
Santa Maria a Vico	MC5R-Q23	1889	3:1:3QS7-L97N-C6NT	Morti, cittadinanze 1879 Nati, pubblicazioni, matrimoni, morti, cittadinanze 1800-1893 Nati 1894
Santa Maria a Vico	MC5R-Q23	1890	3:1:3QS7-897N-C6CT	Morti, cittadinanze 1879 Nati, pubblicazioni, matrimoni, morti, cittadinanze 1800-1893 Nati 1894
Santa Maria a Vico	MC5R-Q23	1891	3:1:3QS7-997N-C6CR	Morti, cittadinanze 1879 Nati, pubblicazioni, matrimoni, morti, cittadinanze 1800-1893 Nati 1894
Santa Maria a Vico	MC5R-Q23	1892	3:1:3QS7-L97N-C6XT	Morti, cittadinanze 1879 Nati, pubblicazioni, matrimoni, morti, cittadinanze 1800-1893 Nati 1894
Santa Maria a Vico	MC5R-Q23	1893	3:1:3QS7-997N-C675	Morti, cittadinanze 1879 Nati, pubblicazioni, matrimoni, morti, cittadinanze 1800-1893 Nati 1894
Santa Maria a Vico	MC5R-Q23	1894	3:1:3QS7-997N-C6WY	Morti, cittadinanze 1879 Nati, pubblicazioni, matrimoni, morti, cittadinanze 1800-1893 Nati 1894
Santa Maria a Vico	MC5R-Q23	1895	3:1:3QS7-997N-C6ZQ	Morti, cittadinanze 1879 Nati, pubblicazioni, matrimoni, morti, cittadinanze 1800-1893 Nati 1894
Santa Maria a Vico	MC5R-Q23	1896	3:1:3QS7-897N-C676	Morti, cittadinanze 1879 Nati, pubblicazioni, matrimoni, morti, cittadinanze 1800-1893 Nati 1894
Santa Maria a Vico	MC5R-Q23	1897	3:1:3QS7-897N-C6H2	Morti, cittadinanze 1879 Nati, pubblicazioni, matrimoni, morti, cittadinanze 1800-1893 Nati 1894
Santa Maria a Vico	MC5R-Q23	1898	3:1:3QS7-997N-C6QG	Morti, cittadinanze 1879 Nati, pubblicazioni, matrimoni, morti, cittadinanze 1800-1893 Nati 1894
Santa Maria a Vico	MC5R-Q23	1899	3:1:3QS7-L97N-C663	Morti, cittadinanze 1879 Nati, pubblicazioni, matrimoni, morti, cittadinanze 1800-1893 Nati 1894
Santa Maria a Vico	MC5R-Q23	1900	3:1:3QS7-997N-C6W2	Morti, cittadinanze 1879 Nati, pubblicazioni, matrimoni, morti, cittadinanze 1800-1893 Nati 1894
Santa Maria a Vico	MC5R-Q23	1901	3:1:3QS7-L97N-C6NZ	Morti, cittadinanze 1879 Nati, pubblicazioni, matrimoni, morti, cittadinanze 1800-1893 Nati 1894
Santa Maria a Vico	MC5R-Q23	1902	3:1:3QSQ-G97N-C6XS	Morti, cittadinanze 1879 Nati, pubblicazioni, matrimoni, morti, cittadinanze 1800-1893 Nati 1894
Santa Maria a Vico	MC5R-Q23	1903	3:1:3QS7-997N-C63N	Morti, cittadinanze 1879 Nati, pubblicazioni, matrimoni, morti, cittadinanze 1800-1893 Nati 1894
Santa Maria a Vico	MC5R-Q23	1904	3:1:3QSQ-G97N-C6H3	Morti, cittadinanze 1879 Nati, pubblicazioni, matrimoni, morti, cittadinanze 1800-1893 Nati 1894
Santa Maria a Vico	MC5R-Q23	1905	3:1:3QS7-897N-C64R	Morti, cittadinanze 1879 Nati, pubblicazioni, matrimoni, morti, cittadinanze 1800-1893 Nati 1894
Santa Maria a Vico	MC5R-Q23	1906	3:1:3QSQ-G97N-C681	Morti, cittadinanze 1879 Nati, pubblicazioni, matrimoni, morti, cittadinanze 1800-1893 Nati 1894
Santa Maria a Vico	MC5R-Q23	1907	3:1:3QS7-L97N-C6X7	Morti, cittadinanze 1879 Nati, pubblicazioni, matrimoni, morti, cittadinanze 1800-1893 Nati 1894
Santa Maria a Vico	MC5R-Q23	1908	3:1:3QS7-897N-C6WP	Morti, cittadinanze 1879 Nati, pubblicazioni, matrimoni, morti, cittadinanze 1800-1893 Nati 1894
Santa Maria a Vico	MC5R-Q23	1909	3:1:3QSQ-G97N-C68S	Morti, cittadinanze 1879 Nati, pubblicazioni, matrimoni, morti, cittadinanze 1800-1893 Nati 1894
Santa Maria a Vico	MC5R-Q23	1910	3:1:3QS7-L97N-C66P	Morti, cittadinanze 1879 Nati, pubblicazioni, matrimoni, morti, cittadinanze 1800-1893 Nati 1894
Santa Maria a Vico	MC5R-Q23	1911	3:1:3QSQ-G97N-C6X3	Morti, cittadinanze 1879 Nati, pubblicazioni, matrimoni, morti, cittadinanze 1800-1893 Nati 1894
Santa Maria a Vico	MC5R-Q23	1912	3:1:3QS7-997N-C67P	Morti, cittadinanze 1879 Nati, pubblicazioni, matrimoni, morti, cittadinanze 1800-1893 Nati 1894
Santa Maria a Vico	MC5R-Q23	1913	3:1:3QS7-897N-C6QZ	Morti, cittadinanze 1879 Nati, pubblicazioni, matrimoni, morti, cittadinanze 1800-1893 Nati 1894
Santa Maria a Vico	MC5R-Q23	1914	3:1:3QS7-897N-C67D	Morti, cittadinanze 1879 Nati, pubblicazioni, matrimoni, morti, cittadinanze 1800-1893 Nati 1894
Santa Maria a Vico	MC5R-Q23	1915	3:1:3QS7-997N-C6QN	Morti, cittadinanze 1879 Nati, pubblicazioni, matrimoni, morti, cittadinanze 1800-1893 Nati 1894
Santa Maria a Vico	MC5R-Q23	1916	3:1:3QSQ-G97N-C6CK	Morti, cittadinanze 1879 Nati, pubblicazioni, matrimoni, morti, cittadinanze 1800-1893 Nati 1894
Santa Maria a Vico	MC5R-Q23	1917	3:1:3QSQ-G97N-C6Z8	Morti, cittadinanze 1879 Nati, pubblicazioni, matrimoni, morti, cittadinanze 1800-1893 Nati 1894
Santa Maria a Vico	MC5R-Q23	1918	3:1:3QS7-997N-C6SS	Morti, cittadinanze 1879 Nati, pubblicazioni, matrimoni, morti, cittadinanze 1800-1893 Nati 1894
Santa Maria a Vico	MC5R-Q23	1919	3:1:3QSQ-G97N-C689	Morti, cittadinanze 1879 Nati, pubblicazioni, matrimoni, morti, cittadinanze 1800-1893 Nati 1894
Santa Maria a Vico	MC5R-Q23	1920	3:1:3QSQ-G97N-C6CC	Morti, cittadinanze 1879 Nati, pubblicazioni, matrimoni, morti, cittadinanze 1800-1893 Nati 1894
Santa Maria a Vico	MC5R-Q23	1921	3:1:3QS7-L97N-C6DJ	Morti, cittadinanze 1879 Nati, pubblicazioni, matrimoni, morti, cittadinanze 1800-1893 Nati 1894
Santa Maria a Vico	MC5R-Q23	1922	3:1:3QS7-L97N-C66T	Morti, cittadinanze 1879 Nati, pubblicazioni, matrimoni, morti, cittadinanze 1800-1893 Nati 1894
Santa Maria a Vico	MC5R-Q23	1923	3:1:3QS7-997N-C63Q	Morti, cittadinanze 1879 Nati, pubblicazioni, matrimoni, morti, cittadinanze 1800-1893 Nati 1894
Santa Maria a Vico	MC5R-Q23	1924	3:1:3QSQ-G97N-C68Z	Morti, cittadinanze 1879 Nati, pubblicazioni, matrimoni, morti, cittadinanze 1800-1893 Nati 1894
Santa Maria a Vico	MC5R-Q23	1925	3:1:3QSQ-G97N-C68N	Morti, cittadinanze 1879 Nati, pubblicazioni, matrimoni, morti, cittadinanze 1800-1893 Nati 1894
Santa Maria a Vico	MC5R-Q23	1926	3:1:3QS7-997N-C646	Morti, cittadinanze 1879 Nati, pubblicazioni, matrimoni, morti, cittadinanze 1800-1893 Nati 1894
Santa Maria a Vico	MC5R-Q23	1927	3:1:3QS7-897N-C679	Morti, cittadinanze 1879 Nati, pubblicazioni, matrimoni, morti, cittadinanze 1800-1893 Nati 1894
Santa Maria a Vico	MC5R-Q23	1928	3:1:3QS7-897N-C6SH	Morti, cittadinanze 1879 Nati, pubblicazioni, matrimoni, morti, cittadinanze 1800-1893 Nati 1894
Santa Maria a Vico	MC5R-Q23	1929	3:1:3QS7-997N-C67N	Morti, cittadinanze 1879 Nati, pubblicazioni, matrimoni, morti, cittadinanze 1800-1893 Nati 1894
Santa Maria a Vico	MC5R-Q23	1930	3:1:3QS7-897N-C691	Morti, cittadinanze 1879 Nati, pubblicazioni, matrimoni, morti, cittadinanze 1800-1893 Nati 1894
Santa Maria a Vico	MC5R-Q23	1931	3:1:3QS7-L97N-C6D2	Morti, cittadinanze 1879 Nati, pubblicazioni, matrimoni, morti, cittadinanze 1800-1893 Nati 1894
Santa Maria a Vico	MC5R-Q23	1932	3:1:3QS7-897N-C63P	Morti, cittadinanze 1879 Nati, pubblicazioni, matrimoni, morti, cittadinanze 1800-1893 Nati 1894
Santa Maria a Vico	MC5R-Q23	1933	3:1:3QS7-L97N-C6ZX	Morti, cittadinanze 1879 Nati, pubblicazioni, matrimoni, morti, cittadinanze 1800-1893 Nati 1894
Santa Maria a Vico	MC5R-Q23	1934	3:1:3QSQ-G97N-C6ZH	Morti, cittadinanze 1879 Nati, pubblicazioni, matrimoni, morti, cittadinanze 1800-1893 Nati 1894
Santa Maria a Vico	MC5R-Q23	1935	3:1:3QS7-L97N-C68S	Morti, cittadinanze 1879 Nati, pubblicazioni, matrimoni, morti, cittadinanze 1800-1893 Nati 1894
Santa Maria a Vico	MC5R-Q23	1936	3:1:3QSQ-G97N-C6HQ	Morti, cittadinanze 1879 Nati, pubblicazioni, matrimoni, morti, cittadinanze 1800-1893 Nati 1894
Santa Maria a Vico	MC5R-Q23	1937	3:1:3QS7-L97N-C68F	Morti, cittadinanze 1879 Nati, pubblicazioni, matrimoni, morti, cittadinanze 1800-1893 Nati 1894
Santa Maria a Vico	MC5R-Q23	1938	3:1:3QS7-897N-C67X	Morti, cittadinanze 1879 Nati, pubblicazioni, matrimoni, morti, cittadinanze 1800-1893 Nati 1894
Santa Maria a Vico	MC5R-Q23	1939	3:1:3QS7-997N-C6Q9	Morti, cittadinanze 1879 Nati, pubblicazioni, matrimoni, morti, cittadinanze 1800-1893 Nati 1894
Santa Maria a Vico	MC5R-Q23	1940	3:1:3QS7-897N-C6Q1	Morti, cittadinanze 1879 Nati, pubblicazioni, matrimoni, morti, cittadinanze 1800-1893 Nati 1894
Santa Maria a Vico	MC5R-Q23	1941	3:1:3QS7-L97N-C6ZL	Morti, cittadinanze 1879 Nati, pubblicazioni, matrimoni, morti, cittadinanze 1800-1893 Nati 1894
Santa Maria a Vico	MC5R-Q23	1942	3:1:3QS7-997N-C6SZ	Morti, cittadinanze 1879 Nati, pubblicazioni, matrimoni, morti, cittadinanze 1800-1893 Nati 1894
Santa Maria a Vico	MC5R-Q23	1943	3:1:3QS7-L97N-C6CF	Morti, cittadinanze 1879 Nati, pubblicazioni, matrimoni, morti, cittadinanze 1800-1893 Nati 1894
Santa Maria a Vico	MC5R-Q23	1944	3:1:3QS7-897N-C692	Morti, cittadinanze 1879 Nati, pubblicazioni, matrimoni, morti, cittadinanze 1800-1893 Nati 1894
Santa Maria a Vico	MC5R-Q23	1945	3:1:3QS7-L97N-C64F	Morti, cittadinanze 1879 Nati, pubblicazioni, matrimoni, morti, cittadinanze 1800-1893 Nati 1894
Santa Maria a Vico	MC5R-Q23	1946	3:1:3QS7-897N-C69G	Morti, cittadinanze 1879 Nati, pubblicazioni, matrimoni, morti, cittadinanze 1800-1893 Nati 1894
Santa Maria a Vico	MC5R-Q23	1947	3:1:3QS7-997N-C69T	Morti, cittadinanze 1879 Nati, pubblicazioni, matrimoni, morti, cittadinanze 1800-1893 Nati 1894
Santa Maria a Vico	MC5R-Q23	1948	3:1:3QS7-897N-C6M3	Morti, cittadinanze 1879 Nati, pubblicazioni, matrimoni, morti, cittadinanze 1800-1893 Nati 1894
Santa Maria a Vico	MC5R-Q23	1949	3:1:3QS7-897N-C63K	Morti, cittadinanze 1879 Nati, pubblicazioni, matrimoni, morti, cittadinanze 1800-1893 Nati 1894
Santa Maria a Vico	MC5R-Q23	1950	3:1:3QS7-897N-C693	Morti, cittadinanze 1879 Nati, pubblicazioni, matrimoni, morti, cittadinanze 1800-1893 Nati 1894
Santa Maria a Vico	MC5R-Q23	1951	3:1:3QSQ-G97N-C6W1	Morti, cittadinanze 1879 Nati, pubblicazioni, matrimoni, morti, cittadinanze 1800-1893 Nati 1894
Santa Maria a Vico	MC5R-Q23	1952	3:1:3QS7-L97N-C6CL	Morti, cittadinanze 1879 Nati, pubblicazioni, matrimoni, morti, cittadinanze 1800-1893 Nati 1894
Santa Maria a Vico	MC5R-Q23	1953	3:1:3QSQ-G97N-C646	Morti, cittadinanze 1879 Nati, pubblicazioni, matrimoni, morti, cittadinanze 1800-1893 Nati 1894
Santa Maria a Vico	MC5R-Q23	1954	3:1:3QS7-897N-C6MG	Morti, cittadinanze 1879 Nati, pubblicazioni, matrimoni, morti, cittadinanze 1800-1893 Nati 1894
Santa Maria a Vico	MC5R-Q23	1955	3:1:3QS7-997N-C69H	Morti, cittadinanze 1879 Nati, pubblicazioni, matrimoni, morti, cittadinanze 1800-1893 Nati 1894
Santa Maria a Vico	MC5R-Q23	1956	3:1:3QS7-997N-C6M6	Morti, cittadinanze 1879 Nati, pubblicazioni, matrimoni, morti, cittadinanze 1800-1893 Nati 1894
Santa Maria a Vico	MC5R-Q23	1957	3:1:3QS7-997N-C6MW	Morti, cittadinanze 1879 Nati, pubblicazioni, matrimoni, morti, cittadinanze 1800-1893 Nati 1894
Santa Maria a Vico	MC5R-Q23	1958	3:1:3QS7-L97N-C64T	Morti, cittadinanze 1879 Nati, pubblicazioni, matrimoni, morti, cittadinanze 1800-1893 Nati 1894
Santa Maria a Vico	MC5R-Q23	1959	3:1:3QS7-997N-C6M7	Morti, cittadinanze 1879 Nati, pubblicazioni, matrimoni, morti, cittadinanze 1800-1893 Nati 1894
Santa Maria a Vico	MC5R-Q23	1960	3:1:3QS7-897N-C63Q	Morti, cittadinanze 1879 Nati, pubblicazioni, matrimoni, morti, cittadinanze 1800-1893 Nati 1894
Santa Maria a Vico	MC5R-Q23	1961	3:1:3QS7-997N-CDB2	Morti, cittadinanze 1879 Nati, pubblicazioni, matrimoni, morti, cittadinanze 1800-1893 Nati 1894
Santa Maria a Vico	MC5R-Q23	1962	3:1:3QSQ-G97N-C648	Morti, cittadinanze 1879 Nati, pubblicazioni, matrimoni, morti, cittadinanze 1800-1893 Nati 1894
Santa Maria a Vico	MC5R-Q23	1963	3:1:3QS7-897N-CDBD	Morti, cittadinanze 1879 Nati, pubblicazioni, matrimoni, morti, cittadinanze 1800-1893 Nati 1894
Santa Maria a Vico	MC5R-Q23	1964	3:1:3QS7-897N-CD12	Morti, cittadinanze 1879 Nati, pubblicazioni, matrimoni, morti, cittadinanze 1800-1893 Nati 1894
Santa Maria a Vico	MC5R-Q23	1965	3:1:3QS7-L97N-C671	Morti, cittadinanze 1879 Nati, pubblicazioni, matrimoni, morti, cittadinanze 1800-1893 Nati 1894
Santa Maria a Vico	MC5R-Q23	1966	3:1:3QS7-997N-C6MM	Morti, cittadinanze 1879 Nati, pubblicazioni, matrimoni, morti, cittadinanze 1800-1893 Nati 1894
Santa Maria a Vico	MC5R-Q23	1967	3:1:3QSQ-G97N-C6SF	Morti, cittadinanze 1879 Nati, pubblicazioni, matrimoni, morti, cittadinanze 1800-1893 Nati 1894
Santa Maria a Vico	MC5R-Q23	1968	3:1:3QS7-L97N-C64W	Morti, cittadinanze 1879 Nati, pubblicazioni, matrimoni, morti, cittadinanze 1800-1893 Nati 1894
Santa Maria a Vico	MC5R-Q23	1969	3:1:3QSQ-G97N-C6QW	Morti, cittadinanze 1879 Nati, pubblicazioni, matrimoni, morti, cittadinanze 1800-1893 Nati 1894
Santa Maria a Vico	MC5R-Q23	1970	3:1:3QS7-997N-CD1S	Morti, cittadinanze 1879 Nati, pubblicazioni, matrimoni, morti, cittadinanze 1800-1893 Nati 1894
Santa Maria a Vico	MC5R-Q23	1971	3:1:3QSQ-G97N-C63V	Morti, cittadinanze 1879 Nati, pubblicazioni, matrimoni, morti, cittadinanze 1800-1893 Nati 1894
Santa Maria a Vico	MC5R-Q23	1972	3:1:3QS7-997N-CDYF	Morti, cittadinanze 1879 Nati, pubblicazioni, matrimoni, morti, cittadinanze 1800-1893 Nati 1894
Santa Maria a Vico	MC5R-Q23	1973	3:1:3QSQ-G97N-C6WJ	Morti, cittadinanze 1879 Nati, pubblicazioni, matrimoni, morti, cittadinanze 1800-1893 Nati 1894
Santa Maria a Vico	MC5R-Q23	1974	3:1:3QS7-997N-CD1B	Morti, cittadinanze 1879 Nati, pubblicazioni, matrimoni, morti, cittadinanze 1800-1893 Nati 1894
Santa Maria a Vico	MC5R-Q23	1975	3:1:3QSQ-G97N-C6QQ	Morti, cittadinanze 1879 Nati, pubblicazioni, matrimoni, morti, cittadinanze 1800-1893 Nati 1894
Santa Maria a Vico	MC5R-Q23	1976	3:1:3QS7-897N-CDBV	Morti, cittadinanze 1879 Nati, pubblicazioni, matrimoni, morti, cittadinanze 1800-1893 Nati 1894
Santa Maria a Vico	MC5R-Q23	1977	3:1:3QS7-L97N-C64P	Morti, cittadinanze 1879 Nati, pubblicazioni, matrimoni, morti, cittadinanze 1800-1893 Nati 1894
Santa Maria a Vico	MC5R-Q23	1978	3:1:3QS7-L97N-C67Z	Morti, cittadinanze 1879 Nati, pubblicazioni, matrimoni, morti, cittadinanze 1800-1893 Nati 1894
Santa Maria a Vico	MC5R-Q23	1979	3:1:3QS7-997N-CDBK	Morti, cittadinanze 1879 Nati, pubblicazioni, matrimoni, morti, cittadinanze 1800-1893 Nati 1894
Santa Maria a Vico	MC5R-Q23	1980	3:1:3QS7-897N-CD13	Morti, cittadinanze 1879 Nati, pubblicazioni, matrimoni, morti, cittadinanze 1800-1893 Nati 1894
Santa Maria a Vico	MC5R-Q23	1981	3:1:3QS7-L97N-C6Q5	Morti, cittadinanze 1879 Nati, pubblicazioni, matrimoni, morti, cittadinanze 1800-1893 Nati 1894
Santa Maria a Vico	MC5R-Q23	1982	3:1:3QSQ-G97N-CD1N	Morti, cittadinanze 1879 Nati, pubblicazioni, matrimoni, morti, cittadinanze 1800-1893 Nati 1894
Santa Maria a Vico	MC5R-Q23	1983	3:1:3QSQ-G97N-C6MB	Morti, cittadinanze 1879 Nati, pubblicazioni, matrimoni, morti, cittadinanze 1800-1893 Nati 1894
Santa Maria a Vico	MC5R-Q23	1984	3:1:3QS7-897N-CD1L	Morti, cittadinanze 1879 Nati, pubblicazioni, matrimoni, morti, cittadinanze 1800-1893 Nati 1894
Santa Maria a Vico	MC5R-Q23	1985	3:1:3QSQ-G97N-C69J	Morti, cittadinanze 1879 Nati, pubblicazioni, matrimoni, morti, cittadinanze 1800-1893 Nati 1894
Santa Maria a Vico	MC5R-Q23	1986	3:1:3QS7-897N-CDTV	Morti, cittadinanze 1879 Nati, pubblicazioni, matrimoni, morti, cittadinanze 1800-1893 Nati 1894
Santa Maria a Vico	MC5R-Q23	1987	3:1:3QS7-897N-CDYV	Morti, cittadinanze 1879 Nati, pubblicazioni, matrimoni, morti, cittadinanze 1800-1893 Nati 1894
Santa Maria a Vico	MC5R-Q23	1988	3:1:3QS7-L97N-C6W1	Morti, cittadinanze 1879 Nati, pubblicazioni, matrimoni, morti, cittadinanze 1800-1893 Nati 1894
Santa Maria a Vico	MC5R-Q23	1989	3:1:3QS7-L97N-C6QT	Morti, cittadinanze 1879 Nati, pubblicazioni, matrimoni, morti, cittadinanze 1800-1893 Nati 1894
Santa Maria a Vico	MC5R-Q23	1990	3:1:3QS7-L97N-C63M	Morti, cittadinanze 1879 Nati, pubblicazioni, matrimoni, morti, cittadinanze 1800-1893 Nati 1894
Santa Maria a Vico	MC5R-Q23	1991	3:1:3QS7-997N-CD57	Morti, cittadinanze 1879 Nati, pubblicazioni, matrimoni, morti, cittadinanze 1800-1893 Nati 1894
Santa Maria a Vico	MC5R-Q23	1992	3:1:3QS7-997N-CDR7	Morti, cittadinanze 1879 Nati, pubblicazioni, matrimoni, morti, cittadinanze 1800-1893 Nati 1894
Santa Maria a Vico	MC5R-Q23	1993	3:1:3QSQ-G97N-CD1P	Morti, cittadinanze 1879 Nati, pubblicazioni, matrimoni, morti, cittadinanze 1800-1893 Nati 1894
Santa Maria a Vico	MC5R-Q23	1994	3:1:3QS7-897N-CDT1	Morti, cittadinanze 1879 Nati, pubblicazioni, matrimoni, morti, cittadinanze 1800-1893 Nati 1894
Santa Maria a Vico	MC5R-Q23	1995	3:1:3QS7-L97N-C63L	Morti, cittadinanze 1879 Nati, pubblicazioni, matrimoni, morti, cittadinanze 1800-1893 Nati 1894
Santa Maria a Vico	MC5R-Q23	1996	3:1:3QS7-897N-CDYM	Morti, cittadinanze 1879 Nati, pubblicazioni, matrimoni, morti, cittadinanze 1800-1893 Nati 1894
Santa Maria a Vico	MC5R-Q23	1997	3:1:3QS7-997N-CD54	Morti, cittadinanze 1879 Nati, pubblicazioni, matrimoni, morti, cittadinanze 1800-1893 Nati 1894
Santa Maria a Vico	MC5R-Q23	1998	3:1:3QS7-897N-CDB7	Morti, cittadinanze 1879 Nati, pubblicazioni, matrimoni, morti, cittadinanze 1800-1893 Nati 1894
Santa Maria a Vico	MC5R-Q23	1999	3:1:3QSQ-G97N-C6SH	Morti, cittadinanze 1879 Nati, pubblicazioni, matrimoni, morti, cittadinanze 1800-1893 Nati 1894
Santa Maria a Vico	MC5R-Q23	2000	3:1:3QS7-997N-CDBJ	Morti, cittadinanze 1879 Nati, pubblicazioni, matrimoni, morti, cittadinanze 1800-1893 Nati 1894
Santa Maria a Vico	MC5R-Q23	2001	3:1:3QS7-897N-CDTY	Morti, cittadinanze 1879 Nati, pubblicazioni, matrimoni, morti, cittadinanze 1800-1893 Nati 1894
Santa Maria a Vico	MC5R-Q23	2002	3:1:3QS7-L97N-C6SN	Morti, cittadinanze 1879 Nati, pubblicazioni, matrimoni, morti, cittadinanze 1800-1893 Nati 1894
Santa Maria a Vico	MC5R-Q23	2003	3:1:3QS7-L97N-C697	Morti, cittadinanze 1879 Nati, pubblicazioni, matrimoni, morti, cittadinanze 1800-1893 Nati 1894
Santa Maria a Vico	MC5R-Q23	2004	3:1:3QSQ-G97N-CDY4	Morti, cittadinanze 1879 Nati, pubblicazioni, matrimoni, morti, cittadinanze 1800-1893 Nati 1894
Santa Maria a Vico	MC5R-Q23	2005	3:1:3QS7-897N-CDRL	Morti, cittadinanze 1879 Nati, pubblicazioni, matrimoni, morti, cittadinanze 1800-1893 Nati 1894
Santa Maria a Vico	MC5R-Q23	2006	3:1:3QS7-897N-CDR1	Morti, cittadinanze 1879 Nati, pubblicazioni, matrimoni, morti, cittadinanze 1800-1893 Nati 1894
Santa Maria a Vico	MC5R-Q23	2007	3:1:3QS7-897N-CDYZ	Morti, cittadinanze 1879 Nati, pubblicazioni, matrimoni, morti, cittadinanze 1800-1893 Nati 1894
Santa Maria a Vico	MC5R-Q23	2008	3:1:3QS7-L97N-C637	Morti, cittadinanze 1879 Nati, pubblicazioni, matrimoni, morti, cittadinanze 1800-1893 Nati 1894
Santa Maria a Vico	MC5R-Q23	2009	3:1:3QS7-997N-CDYL	Morti, cittadinanze 1879 Nati, pubblicazioni, matrimoni, morti, cittadinanze 1800-1893 Nati 1894
Santa Maria a Vico	MC5R-Q23	2010	3:1:3QS7-L97N-C6S8	Morti, cittadinanze 1879 Nati, pubblicazioni, matrimoni, morti, cittadinanze 1800-1893 Nati 1894
Santa Maria a Vico	MC5R-Q23	2011	3:1:3QS7-997N-CDP1	Morti, cittadinanze 1879 Nati, pubblicazioni, matrimoni, morti, cittadinanze 1800-1893 Nati 1894
Santa Maria a Vico	MC5R-Q23	2012	3:1:3QSQ-G97N-C6M3	Morti, cittadinanze 1879 Nati, pubblicazioni, matrimoni, morti, cittadinanze 1800-1893 Nati 1894
Santa Maria a Vico	MC5R-Q23	2013	3:1:3QS7-997N-CDTB	Morti, cittadinanze 1879 Nati, pubblicazioni, matrimoni, morti, cittadinanze 1800-1893 Nati 1894
Santa Maria a Vico	MC5R-Q23	2014	3:1:3QS7-997N-CDY6	Morti, cittadinanze 1879 Nati, pubblicazioni, matrimoni, morti, cittadinanze 1800-1893 Nati 1894
Santa Maria a Vico	MC5R-Q23	2015	3:1:3QS7-897N-CDP2	Morti, cittadinanze 1879 Nati, pubblicazioni, matrimoni, morti, cittadinanze 1800-1893 Nati 1894
Santa Maria a Vico	MC5R-Q23	2016	3:1:3QS7-L97N-C67Q	Morti, cittadinanze 1879 Nati, pubblicazioni, matrimoni, morti, cittadinanze 1800-1893 Nati 1894
Santa Maria a Vico	MC5R-Q23	2017	3:1:3QS7-897N-CD54	Morti, cittadinanze 1879 Nati, pubblicazioni, matrimoni, morti, cittadinanze 1800-1893 Nati 1894
Santa Maria a Vico	MC5R-Q23	2018	3:1:3QS7-897N-CDPD	Morti, cittadinanze 1879 Nati, pubblicazioni, matrimoni, morti, cittadinanze 1800-1893 Nati 1894
Santa Maria a Vico	MC5R-Q23	2019	3:1:3QS7-L97N-C6QH	Morti, cittadinanze 1879 Nati, pubblicazioni, matrimoni, morti, cittadinanze 1800-1893 Nati 1894
Santa Maria a Vico	MC5R-Q23	2020	3:1:3QS7-L97N-C692	Morti, cittadinanze 1879 Nati, pubblicazioni, matrimoni, morti, cittadinanze 1800-1893 Nati 1894
Santa Maria a Vico	MC5R-Q23	2021	3:1:3QS7-897N-CDTM	Morti, cittadinanze 1879 Nati, pubblicazioni, matrimoni, morti, cittadinanze 1800-1893 Nati 1894
Santa Maria a Vico	MC5R-Q23	2022	3:1:3QSQ-G97N-CDRN	Morti, cittadinanze 1879 Nati, pubblicazioni, matrimoni, morti, cittadinanze 1800-1893 Nati 1894
Santa Maria a Vico	MC5R-Q23	2023	3:1:3QS7-897N-CDRV	Morti, cittadinanze 1879 Nati, pubblicazioni, matrimoni, morti, cittadinanze 1800-1893 Nati 1894
Santa Maria a Vico	MC5R-Q23	2024	3:1:3QS7-897N-CDRG	Morti, cittadinanze 1879 Nati, pubblicazioni, matrimoni, morti, cittadinanze 1800-1893 Nati 1894
Santa Maria a Vico	MC5R-Q23	2025	3:1:3QSQ-G97N-CD1R	Morti, cittadinanze 1879 Nati, pubblicazioni, matrimoni, morti, cittadinanze 1800-1893 Nati 1894
Santa Maria a Vico	MC5R-Q23	2026	3:1:3QSQ-G97N-CDTF	Morti, cittadinanze 1879 Nati, pubblicazioni, matrimoni, morti, cittadinanze 1800-1893 Nati 1894
Santa Maria a Vico	MC5R-Q23	2027	3:1:3QS7-997N-CDPP	Morti, cittadinanze 1879 Nati, pubblicazioni, matrimoni, morti, cittadinanze 1800-1893 Nati 1894
Santa Maria a Vico	MC5R-Q23	2028	3:1:3QSQ-G97N-CDBT	Morti, cittadinanze 1879 Nati, pubblicazioni, matrimoni, morti, cittadinanze 1800-1893 Nati 1894
Santa Maria a Vico	MC5R-Q23	2029	3:1:3QSQ-G97N-CD1Q	Morti, cittadinanze 1879 Nati, pubblicazioni, matrimoni, morti, cittadinanze 1800-1893 Nati 1894
Santa Maria a Vico	MC5R-Q23	2030	3:1:3QS7-997N-CDLM	Morti, cittadinanze 1879 Nati, pubblicazioni, matrimoni, morti, cittadinanze 1800-1893 Nati 1894
Santa Maria a Vico	MC5R-Q23	2031	3:1:3QS7-897N-CD5V	Morti, cittadinanze 1879 Nati, pubblicazioni, matrimoni, morti, cittadinanze 1800-1893 Nati 1894
Santa Maria a Vico	MC5R-Q23	2032	3:1:3QSQ-G97N-CDRZ	Morti, cittadinanze 1879 Nati, pubblicazioni, matrimoni, morti, cittadinanze 1800-1893 Nati 1894
Santa Maria a Vico	MC5R-Q23	2033	3:1:3QS7-L97N-C6ML	Morti, cittadinanze 1879 Nati, pubblicazioni, matrimoni, morti, cittadinanze 1800-1893 Nati 1894
Santa Maria a Vico	MC5R-Q23	2034	3:1:3QS7-897N-CDGC	Morti, cittadinanze 1879 Nati, pubblicazioni, matrimoni, morti, cittadinanze 1800-1893 Nati 1894
Santa Maria a Vico	MC5R-Q23	2035	3:1:3QS7-L97N-C6MP	Morti, cittadinanze 1879 Nati, pubblicazioni, matrimoni, morti, cittadinanze 1800-1893 Nati 1894
Santa Maria a Vico	MC5R-Q23	2036	3:1:3QS7-897N-CDGL	Morti, cittadinanze 1879 Nati, pubblicazioni, matrimoni, morti, cittadinanze 1800-1893 Nati 1894
Santa Maria a Vico	MC5R-Q23	2037	3:1:3QSQ-G97N-CDTM	Morti, cittadinanze 1879 Nati, pubblicazioni, matrimoni, morti, cittadinanze 1800-1893 Nati 1894
Santa Maria a Vico	MC5R-Q23	2038	3:1:3QS7-997N-CDP6	Morti, cittadinanze 1879 Nati, pubblicazioni, matrimoni, morti, cittadinanze 1800-1893 Nati 1894
Santa Maria a Vico	MC5R-Q23	2039	3:1:3QSQ-G97N-CD1D	Morti, cittadinanze 1879 Nati, pubblicazioni, matrimoni, morti, cittadinanze 1800-1893 Nati 1894
Santa Maria a Vico	MC5R-Q23	2040	3:1:3QSQ-G97N-CDBC	Morti, cittadinanze 1879 Nati, pubblicazioni, matrimoni, morti, cittadinanze 1800-1893 Nati 1894
Santa Maria a Vico	MC5R-Q23	2041	3:1:3QS7-997N-CDG8	Morti, cittadinanze 1879 Nati, pubblicazioni, matrimoni, morti, cittadinanze 1800-1893 Nati 1894
Santa Maria a Vico	MC5R-Q23	2042	3:1:3QS7-997N-CDPD	Morti, cittadinanze 1879 Nati, pubblicazioni, matrimoni, morti, cittadinanze 1800-1893 Nati 1894
Santa Maria a Vico	MC5R-Q23	2043	3:1:3QS7-L97N-C6MM	Morti, cittadinanze 1879 Nati, pubblicazioni, matrimoni, morti, cittadinanze 1800-1893 Nati 1894
Santa Maria a Vico	MC5R-Q23	2044	3:1:3QSQ-G97N-CD5Z	Morti, cittadinanze 1879 Nati, pubblicazioni, matrimoni, morti, cittadinanze 1800-1893 Nati 1894
Santa Maria a Vico	MC5R-Q23	2045	3:1:3QS7-L97N-C6MY	Morti, cittadinanze 1879 Nati, pubblicazioni, matrimoni, morti, cittadinanze 1800-1893 Nati 1894
Santa Maria a Vico	MC5R-Q23	2046	3:1:3QS7-997N-CDGL	Morti, cittadinanze 1879 Nati, pubblicazioni, matrimoni, morti, cittadinanze 1800-1893 Nati 1894
Santa Maria a Vico	MC5R-Q23	2047	3:1:3QS7-L97N-C69T	Morti, cittadinanze 1879 Nati, pubblicazioni, matrimoni, morti, cittadinanze 1800-1893 Nati 1894
Santa Maria a Vico	MC5R-Q23	2048	3:1:3QSQ-G97N-CDR9	Morti, cittadinanze 1879 Nati, pubblicazioni, matrimoni, morti, cittadinanze 1800-1893 Nati 1894
Santa Maria a Vico	MC5R-Q23	2049	3:1:3QS7-897N-CDPZ	Morti, cittadinanze 1879 Nati, pubblicazioni, matrimoni, morti, cittadinanze 1800-1893 Nati 1894
Santa Maria a Vico	MC5R-Q23	2050	3:1:3QS7-L97N-CD16	Morti, cittadinanze 1879 Nati, pubblicazioni, matrimoni, morti, cittadinanze 1800-1893 Nati 1894
Santa Maria a Vico	MC5R-Q23	2051	3:1:3QS7-997N-CDG9	Morti, cittadinanze 1879 Nati, pubblicazioni, matrimoni, morti, cittadinanze 1800-1893 Nati 1894
Santa Maria a Vico	MC5R-Q23	2052	3:1:3QSQ-G97N-CDTR	Morti, cittadinanze 1879 Nati, pubblicazioni, matrimoni, morti, cittadinanze 1800-1893 Nati 1894
Santa Maria a Vico	MC5R-Q23	2053	3:1:3QSQ-G97N-CDTZ	Morti, cittadinanze 1879 Nati, pubblicazioni, matrimoni, morti, cittadinanze 1800-1893 Nati 1894
Santa Maria a Vico	MC5R-Q23	2054	3:1:3QSQ-G97N-CD5Y	Morti, cittadinanze 1879 Nati, pubblicazioni, matrimoni, morti, cittadinanze 1800-1893 Nati 1894
Santa Maria a Vico	MC5R-Q23	2055	3:1:3QS7-997N-CD26	Morti, cittadinanze 1879 Nati, pubblicazioni, matrimoni, morti, cittadinanze 1800-1893 Nati 1894
Santa Maria a Vico	MC5R-Q23	2056	3:1:3QSQ-G97N-CDRT	Morti, cittadinanze 1879 Nati, pubblicazioni, matrimoni, morti, cittadinanze 1800-1893 Nati 1894
Santa Maria a Vico	MC5R-Q23	2057	3:1:3QS7-897N-CDPJ	Morti, cittadinanze 1879 Nati, pubblicazioni, matrimoni, morti, cittadinanze 1800-1893 Nati 1894
Santa Maria a Vico	MC5R-Q23	2058	3:1:3QS7-L97N-CDY5	Morti, cittadinanze 1879 Nati, pubblicazioni, matrimoni, morti, cittadinanze 1800-1893 Nati 1894
Santa Maria a Vico	MC5R-Q23	2059	3:1:3QS7-997N-CDGH	Morti, cittadinanze 1879 Nati, pubblicazioni, matrimoni, morti, cittadinanze 1800-1893 Nati 1894
Santa Maria a Vico	MC5R-Q23	2060	3:1:3QS7-897N-CD2T	Morti, cittadinanze 1879 Nati, pubblicazioni, matrimoni, morti, cittadinanze 1800-1893 Nati 1894
Santa Maria a Vico	MC5R-Q23	2061	3:1:3QSQ-G97N-CD5P	Morti, cittadinanze 1879 Nati, pubblicazioni, matrimoni, morti, cittadinanze 1800-1893 Nati 1894
Santa Maria a Vico	MC5R-Q23	2062	3:1:3QSQ-G97N-CDRH	Morti, cittadinanze 1879 Nati, pubblicazioni, matrimoni, morti, cittadinanze 1800-1893 Nati 1894
Santa Maria a Vico	MC5R-Q23	2063	3:1:3QS7-997N-CDJK	Morti, cittadinanze 1879 Nati, pubblicazioni, matrimoni, morti, cittadinanze 1800-1893 Nati 1894
Santa Maria a Vico	MC5R-Q23	2064	3:1:3QS7-L97N-CDRY	Morti, cittadinanze 1879 Nati, pubblicazioni, matrimoni, morti, cittadinanze 1800-1893 Nati 1894
Santa Maria a Vico	MC5R-Q23	2065	3:1:3QSQ-G97N-CDR6	Morti, cittadinanze 1879 Nati, pubblicazioni, matrimoni, morti, cittadinanze 1800-1893 Nati 1894
Santa Maria a Vico	MC5R-Q23	2066	3:1:3QS7-L97N-CDY1	Morti, cittadinanze 1879 Nati, pubblicazioni, matrimoni, morti, cittadinanze 1800-1893 Nati 1894
Santa Maria a Vico	MC5R-Q23	2067	3:1:3QS7-997N-CDFG	Morti, cittadinanze 1879 Nati, pubblicazioni, matrimoni, morti, cittadinanze 1800-1893 Nati 1894
Santa Maria a Vico	MC5R-Q23	2068	3:1:3QS7-897N-CDVJ	Morti, cittadinanze 1879 Nati, pubblicazioni, matrimoni, morti, cittadinanze 1800-1893 Nati 1894
Santa Maria a Vico	MC5R-Q23	2069	3:1:3QS7-897N-CDLG	Morti, cittadinanze 1879 Nati, pubblicazioni, matrimoni, morti, cittadinanze 1800-1893 Nati 1894
Santa Maria a Vico	MC5R-Q23	2070	3:1:3QS7-L97N-CD52	Morti, cittadinanze 1879 Nati, pubblicazioni, matrimoni, morti, cittadinanze 1800-1893 Nati 1894
Santa Maria a Vico	MC5R-Q23	2071	3:1:3QS7-897N-CDGQ	Morti, cittadinanze 1879 Nati, pubblicazioni, matrimoni, morti, cittadinanze 1800-1893 Nati 1894
Santa Maria a Vico	MC5R-Q23	2072	3:1:3QS7-997N-CDXL	Morti, cittadinanze 1879 Nati, pubblicazioni, matrimoni, morti, cittadinanze 1800-1893 Nati 1894
Santa Maria a Vico	MC5R-Q23	2073	3:1:3QS7-L97N-CDBM	Morti, cittadinanze 1879 Nati, pubblicazioni, matrimoni, morti, cittadinanze 1800-1893 Nati 1894
Santa Maria a Vico	MC5R-Q23	2074	3:1:3QSQ-G97N-CDP3	Morti, cittadinanze 1879 Nati, pubblicazioni, matrimoni, morti, cittadinanze 1800-1893 Nati 1894
Santa Maria a Vico	MC5R-Q23	2075	3:1:3QS7-897N-CD2Y	Morti, cittadinanze 1879 Nati, pubblicazioni, matrimoni, morti, cittadinanze 1800-1893 Nati 1894
Santa Maria a Vico	MC5R-Q23	2076	3:1:3QS7-997N-CDJC	Morti, cittadinanze 1879 Nati, pubblicazioni, matrimoni, morti, cittadinanze 1800-1893 Nati 1894
Santa Maria a Vico	MC5R-Q23	2077	3:1:3QS7-L97N-CDRB	Morti, cittadinanze 1879 Nati, pubblicazioni, matrimoni, morti, cittadinanze 1800-1893 Nati 1894
Santa Maria a Vico	MC5R-Q23	2078	3:1:3QS7-897N-CDKQ	Morti, cittadinanze 1879 Nati, pubblicazioni, matrimoni, morti, cittadinanze 1800-1893 Nati 1894
Santa Maria a Vico	MC5R-Q23	2079	3:1:3QS7-897N-CDLC	Morti, cittadinanze 1879 Nati, pubblicazioni, matrimoni, morti, cittadinanze 1800-1893 Nati 1894
Santa Maria a Vico	MC5R-Q23	2080	3:1:3QS7-897N-CDGR	Morti, cittadinanze 1879 Nati, pubblicazioni, matrimoni, morti, cittadinanze 1800-1893 Nati 1894
Santa Maria a Vico	MC5R-Q23	2081	3:1:3QS7-L97N-CDG8	Morti, cittadinanze 1879 Nati, pubblicazioni, matrimoni, morti, cittadinanze 1800-1893 Nati 1894
Santa Maria a Vico	MC5R-Q23	2082	3:1:3QS7-L97N-CDG7	Morti, cittadinanze 1879 Nati, pubblicazioni, matrimoni, morti, cittadinanze 1800-1893 Nati 1894
Santa Maria a Vico	MC5R-Q23	2083	3:1:3QS7-897N-CDLR	Morti, cittadinanze 1879 Nati, pubblicazioni, matrimoni, morti, cittadinanze 1800-1893 Nati 1894
Santa Maria a Vico	MC5R-Q23	2084	3:1:3QSQ-G97N-CDPX	Morti, cittadinanze 1879 Nati, pubblicazioni, matrimoni, morti, cittadinanze 1800-1893 Nati 1894
Santa Maria a Vico	MC5R-Q23	2085	3:1:3QS7-997N-CD2S	Morti, cittadinanze 1879 Nati, pubblicazioni, matrimoni, morti, cittadinanze 1800-1893 Nati 1894
Santa Maria a Vico	MC5R-Q23	2086	3:1:3QS7-997N-CDJD	Morti, cittadinanze 1879 Nati, pubblicazioni, matrimoni, morti, cittadinanze 1800-1893 Nati 1894
Santa Maria a Vico	MC5R-Q23	2087	3:1:3QS7-997N-CDFK	Morti, cittadinanze 1879 Nati, pubblicazioni, matrimoni, morti, cittadinanze 1800-1893 Nati 1894
Santa Maria a Vico	MC5R-Q23	2088	3:1:3QSQ-G97N-CD2N	Morti, cittadinanze 1879 Nati, pubblicazioni, matrimoni, morti, cittadinanze 1800-1893 Nati 1894
Santa Maria a Vico	MC5R-Q23	2089	3:1:3QS7-L97N-CD5Y	Morti, cittadinanze 1879 Nati, pubblicazioni, matrimoni, morti, cittadinanze 1800-1893 Nati 1894
Santa Maria a Vico	MC5R-Q23	2090	3:1:3QSQ-G97N-CDKK	Morti, cittadinanze 1879 Nati, pubblicazioni, matrimoni, morti, cittadinanze 1800-1893 Nati 1894
Santa Maria a Vico	MC5R-Q23	2091	3:1:3QS7-L97N-CDRF	Morti, cittadinanze 1879 Nati, pubblicazioni, matrimoni, morti, cittadinanze 1800-1893 Nati 1894
Santa Maria a Vico	MC5R-Q23	2092	3:1:3QS7-L97N-CDTW	Morti, cittadinanze 1879 Nati, pubblicazioni, matrimoni, morti, cittadinanze 1800-1893 Nati 1894
Santa Maria a Vico	MC5R-Q23	2093	3:1:3QS7-L97N-CDRG	Morti, cittadinanze 1879 Nati, pubblicazioni, matrimoni, morti, cittadinanze 1800-1893 Nati 1894
Santa Maria a Vico	MC5R-Q23	2094	3:1:3QS7-997N-CDVP	Morti, cittadinanze 1879 Nati, pubblicazioni, matrimoni, morti, cittadinanze 1800-1893 Nati 1894
Santa Maria a Vico	MC5R-Q23	2095	3:1:3QS7-997N-CDXK	Morti, cittadinanze 1879 Nati, pubblicazioni, matrimoni, morti, cittadinanze 1800-1893 Nati 1894
Santa Maria a Vico	MC5R-Q23	2096	3:1:3QS7-897N-CDJD	Morti, cittadinanze 1879 Nati, pubblicazioni, matrimoni, morti, cittadinanze 1800-1893 Nati 1894
Santa Maria a Vico	MC5R-Q23	2097	3:1:3QS7-897N-CDKZ	Morti, cittadinanze 1879 Nati, pubblicazioni, matrimoni, morti, cittadinanze 1800-1893 Nati 1894
Santa Maria a Vico	MC5R-Q23	2098	3:1:3QS7-997N-CD8G	Morti, cittadinanze 1879 Nati, pubblicazioni, matrimoni, morti, cittadinanze 1800-1893 Nati 1894
Santa Maria a Vico	MC5R-Q23	2099	3:1:3QS7-897N-CDVQ	Morti, cittadinanze 1879 Nati, pubblicazioni, matrimoni, morti, cittadinanze 1800-1893 Nati 1894
Santa Maria a Vico	MC5R-Q23	2100	3:1:3QS7-897N-CDNQ	Morti, cittadinanze 1879 Nati, pubblicazioni, matrimoni, morti, cittadinanze 1800-1893 Nati 1894
Santa Maria a Vico	MC5R-Q23	2101	3:1:3QS7-997N-CDXC	Morti, cittadinanze 1879 Nati, pubblicazioni, matrimoni, morti, cittadinanze 1800-1893 Nati 1894
Santa Maria a Vico	MC5R-Q23	2102	3:1:3QSQ-G97N-CDLD	Morti, cittadinanze 1879 Nati, pubblicazioni, matrimoni, morti, cittadinanze 1800-1893 Nati 1894
Santa Maria a Vico	MC5R-Q23	2103	3:1:3QS7-L97N-CDL4	Morti, cittadinanze 1879 Nati, pubblicazioni, matrimoni, morti, cittadinanze 1800-1893 Nati 1894
Santa Maria a Vico	MC5R-Q23	2104	3:1:3QSQ-G97N-CDVQ	Morti, cittadinanze 1879 Nati, pubblicazioni, matrimoni, morti, cittadinanze 1800-1893 Nati 1894
Santa Maria a Vico	MC5R-Q23	2105	3:1:3QS7-897N-CDX1	Morti, cittadinanze 1879 Nati, pubblicazioni, matrimoni, morti, cittadinanze 1800-1893 Nati 1894
Santa Maria a Vico	MC5R-Q23	2106	3:1:3QS7-997N-CDN6	Morti, cittadinanze 1879 Nati, pubblicazioni, matrimoni, morti, cittadinanze 1800-1893 Nati 1894
Santa Maria a Vico	MC5R-Q23	2107	3:1:3QS7-L97N-CD57	Morti, cittadinanze 1879 Nati, pubblicazioni, matrimoni, morti, cittadinanze 1800-1893 Nati 1894
Santa Maria a Vico	MC5R-Q23	2108	3:1:3QS7-897N-CDJ7	Morti, cittadinanze 1879 Nati, pubblicazioni, matrimoni, morti, cittadinanze 1800-1893 Nati 1894
Santa Maria a Vico	MC5R-Q23	2109	3:1:3QS7-997N-CD6H	Morti, cittadinanze 1879 Nati, pubblicazioni, matrimoni, morti, cittadinanze 1800-1893 Nati 1894
Santa Maria a Vico	MC5R-Q23	2110	3:1:3QS7-L97N-CDG4	Morti, cittadinanze 1879 Nati, pubblicazioni, matrimoni, morti, cittadinanze 1800-1893 Nati 1894
Santa Maria a Vico	MC5R-Q23	2111	3:1:3QS7-897N-CDJS	Morti, cittadinanze 1879 Nati, pubblicazioni, matrimoni, morti, cittadinanze 1800-1893 Nati 1894
Santa Maria a Vico	MC5R-Q23	2112	3:1:3QS7-L97N-CD2L	Morti, cittadinanze 1879 Nati, pubblicazioni, matrimoni, morti, cittadinanze 1800-1893 Nati 1894
Santa Maria a Vico	MC5R-Q23	2113	3:1:3QS7-897N-CDNX	Morti, cittadinanze 1879 Nati, pubblicazioni, matrimoni, morti, cittadinanze 1800-1893 Nati 1894
Santa Maria a Vico	MC5R-Q23	2114	3:1:3QS7-997N-CD6Y	Morti, cittadinanze 1879 Nati, pubblicazioni, matrimoni, morti, cittadinanze 1800-1893 Nati 1894
Santa Maria a Vico	MC5R-Q23	2115	3:1:3QS7-897N-CDVP	Morti, cittadinanze 1879 Nati, pubblicazioni, matrimoni, morti, cittadinanze 1800-1893 Nati 1894
Santa Maria a Vico	MC5R-Q23	2116	3:1:3QS7-L97N-CDLD	Morti, cittadinanze 1879 Nati, pubblicazioni, matrimoni, morti, cittadinanze 1800-1893 Nati 1894
Santa Maria a Vico	MC5R-Q23	2117	3:1:3QS7-L97N-CDK3	Morti, cittadinanze 1879 Nati, pubblicazioni, matrimoni, morti, cittadinanze 1800-1893 Nati 1894
Santa Maria a Vico	MC5R-Q23	2118	3:1:3QSQ-G97N-CDF4	Morti, cittadinanze 1879 Nati, pubblicazioni, matrimoni, morti, cittadinanze 1800-1893 Nati 1894
Santa Maria a Vico	MC5R-Q23	2119	3:1:3QS7-897N-CDKC	Morti, cittadinanze 1879 Nati, pubblicazioni, matrimoni, morti, cittadinanze 1800-1893 Nati 1894
Santa Maria a Vico	MC5R-Q23	2120	3:1:3QSQ-G97N-CDV4	Morti, cittadinanze 1879 Nati, pubblicazioni, matrimoni, morti, cittadinanze 1800-1893 Nati 1894
Santa Maria a Vico	MC5R-Q23	2121	3:1:3QS7-997N-CDFJ	Morti, cittadinanze 1879 Nati, pubblicazioni, matrimoni, morti, cittadinanze 1800-1893 Nati 1894
Santa Maria a Vico	MC5R-Q23	2122	3:1:3QS7-997N-CDCK	Morti, cittadinanze 1879 Nati, pubblicazioni, matrimoni, morti, cittadinanze 1800-1893 Nati 1894
Santa Maria a Vico	MC5R-Q23	2123	3:1:3QSQ-G97N-CDKR	Morti, cittadinanze 1879 Nati, pubblicazioni, matrimoni, morti, cittadinanze 1800-1893 Nati 1894
Santa Maria a Vico	MC5R-Q23	2124	3:1:3QS7-897N-CD6T	Morti, cittadinanze 1879 Nati, pubblicazioni, matrimoni, morti, cittadinanze 1800-1893 Nati 1894
Santa Maria a Vico	MC5R-Q23	2125	3:1:3QS7-897N-CDK4	Morti, cittadinanze 1879 Nati, pubblicazioni, matrimoni, morti, cittadinanze 1800-1893 Nati 1894
Santa Maria a Vico	MC5R-Q23	2126	3:1:3QSQ-G97N-CDNN	Morti, cittadinanze 1879 Nati, pubblicazioni, matrimoni, morti, cittadinanze 1800-1893 Nati 1894
Santa Maria a Vico	MC5R-Q23	2127	3:1:3QS7-897N-CDVV	Morti, cittadinanze 1879 Nati, pubblicazioni, matrimoni, morti, cittadinanze 1800-1893 Nati 1894
Santa Maria a Vico	MC5R-Q23	2128	3:1:3QSQ-G97N-CDFM	Morti, cittadinanze 1879 Nati, pubblicazioni, matrimoni, morti, cittadinanze 1800-1893 Nati 1894
Santa Maria a Vico	MC5R-Q23	2129	3:1:3QSQ-G97N-CDKD	Morti, cittadinanze 1879 Nati, pubblicazioni, matrimoni, morti, cittadinanze 1800-1893 Nati 1894
Santa Maria a Vico	MC5R-Q23	2130	3:1:3QS7-L97N-CD2W	Morti, cittadinanze 1879 Nati, pubblicazioni, matrimoni, morti, cittadinanze 1800-1893 Nati 1894
Santa Maria a Vico	MC5R-Q23	2131	3:1:3QS7-897N-CDNN	Morti, cittadinanze 1879 Nati, pubblicazioni, matrimoni, morti, cittadinanze 1800-1893 Nati 1894
Santa Maria a Vico	MC5R-Q23	2132	3:1:3QS7-997N-CD6N	Morti, cittadinanze 1879 Nati, pubblicazioni, matrimoni, morti, cittadinanze 1800-1893 Nati 1894
Santa Maria a Vico	MC5R-Q23	2133	3:1:3QS7-997N-CDDK	Morti, cittadinanze 1879 Nati, pubblicazioni, matrimoni, morti, cittadinanze 1800-1893 Nati 1894
Santa Maria a Vico	MC5R-Q23	2134	3:1:3QSQ-G97N-CDV5	Morti, cittadinanze 1879 Nati, pubblicazioni, matrimoni, morti, cittadinanze 1800-1893 Nati 1894
Santa Maria a Vico	MC5R-Q23	2135	3:1:3QSQ-G97N-CDJP	Morti, cittadinanze 1879 Nati, pubblicazioni, matrimoni, morti, cittadinanze 1800-1893 Nati 1894
Santa Maria a Vico	MC5R-Q23	2136	3:1:3QS7-897N-CD6Z	Morti, cittadinanze 1879 Nati, pubblicazioni, matrimoni, morti, cittadinanze 1800-1893 Nati 1894
Santa Maria a Vico	MC5R-Q23	2137	3:1:3QS7-L97N-CDKB	Morti, cittadinanze 1879 Nati, pubblicazioni, matrimoni, morti, cittadinanze 1800-1893 Nati 1894
Santa Maria a Vico	MC5R-Q23	2138	3:1:3QS7-L97N-CDJH	Morti, cittadinanze 1879 Nati, pubblicazioni, matrimoni, morti, cittadinanze 1800-1893 Nati 1894
Santa Maria a Vico	MC5R-Q23	2139	3:1:3QS7-897N-CDZG	Morti, cittadinanze 1879 Nati, pubblicazioni, matrimoni, morti, cittadinanze 1800-1893 Nati 1894
Santa Maria a Vico	MC5R-Q23	2140	3:1:3QSQ-G97N-CDDL	Morti, cittadinanze 1879 Nati, pubblicazioni, matrimoni, morti, cittadinanze 1800-1893 Nati 1894
Santa Maria a Vico	MC5R-Q23	2141	3:1:3QSQ-G97N-CD69	Morti, cittadinanze 1879 Nati, pubblicazioni, matrimoni, morti, cittadinanze 1800-1893 Nati 1894
Santa Maria a Vico	MC5R-Q23	2142	3:1:3QS7-897N-CDZX	Morti, cittadinanze 1879 Nati, pubblicazioni, matrimoni, morti, cittadinanze 1800-1893 Nati 1894
Santa Maria a Vico	MC5R-Q23	2143	3:1:3QS7-897N-CDDX	Morti, cittadinanze 1879 Nati, pubblicazioni, matrimoni, morti, cittadinanze 1800-1893 Nati 1894
Santa Maria a Vico	MC5R-Q23	2144	3:1:3QS7-997N-CD84	Morti, cittadinanze 1879 Nati, pubblicazioni, matrimoni, morti, cittadinanze 1800-1893 Nati 1894
Santa Maria a Vico	MC5R-Q23	2145	3:1:3QS7-L97N-CDF8	Morti, cittadinanze 1879 Nati, pubblicazioni, matrimoni, morti, cittadinanze 1800-1893 Nati 1894
Santa Maria a Vico	MC5R-Q23	2146	3:1:3QS7-997N-CDHG	Morti, cittadinanze 1879 Nati, pubblicazioni, matrimoni, morti, cittadinanze 1800-1893 Nati 1894
Santa Maria a Vico	MC5R-Q23	2147	3:1:3QSQ-G97N-CD6Z	Morti, cittadinanze 1879 Nati, pubblicazioni, matrimoni, morti, cittadinanze 1800-1893 Nati 1894
Santa Maria a Vico	MC5R-Q23	2148	3:1:3QS7-L97N-CD2Q	Morti, cittadinanze 1879 Nati, pubblicazioni, matrimoni, morti, cittadinanze 1800-1893 Nati 1894
Santa Maria a Vico	MC5R-Q23	2149	3:1:3QS7-897N-CDXY	Morti, cittadinanze 1879 Nati, pubblicazioni, matrimoni, morti, cittadinanze 1800-1893 Nati 1894
Santa Maria a Vico	MC5R-Q23	2150	3:1:3QS7-897N-CDF2	Morti, cittadinanze 1879 Nati, pubblicazioni, matrimoni, morti, cittadinanze 1800-1893 Nati 1894
Santa Maria a Vico	MC5R-Q23	2151	3:1:3QS7-L97N-CDNZ	Morti, cittadinanze 1879 Nati, pubblicazioni, matrimoni, morti, cittadinanze 1800-1893 Nati 1894
Santa Maria a Vico	MC5R-Q23	2152	3:1:3QS7-L97N-CDN7	Morti, cittadinanze 1879 Nati, pubblicazioni, matrimoni, morti, cittadinanze 1800-1893 Nati 1894
Santa Maria a Vico	MC5R-Q23	2153	3:1:3QS7-897N-CDXQ	Morti, cittadinanze 1879 Nati, pubblicazioni, matrimoni, morti, cittadinanze 1800-1893 Nati 1894
Santa Maria a Vico	MC5R-Q23	2154	3:1:3QS7-997N-CDD3	Morti, cittadinanze 1879 Nati, pubblicazioni, matrimoni, morti, cittadinanze 1800-1893 Nati 1894
Santa Maria a Vico	MC5R-Q23	2155	3:1:3QSQ-G97N-CDJM	Morti, cittadinanze 1879 Nati, pubblicazioni, matrimoni, morti, cittadinanze 1800-1893 Nati 1894
Santa Maria a Vico	MC5R-Q23	2156	3:1:3QS7-997N-CDZJ	Morti, cittadinanze 1879 Nati, pubblicazioni, matrimoni, morti, cittadinanze 1800-1893 Nati 1894
Santa Maria a Vico	MC5R-Q23	2157	3:1:3QS7-897N-CDXM	Morti, cittadinanze 1879 Nati, pubblicazioni, matrimoni, morti, cittadinanze 1800-1893 Nati 1894
Santa Maria a Vico	MC5R-Q23	2158	3:1:3QS7-L97N-CDF9	Morti, cittadinanze 1879 Nati, pubblicazioni, matrimoni, morti, cittadinanze 1800-1893 Nati 1894
Santa Maria a Vico	MC5R-Q23	2159	3:1:3QSQ-G97N-CD6T	Morti, cittadinanze 1879 Nati, pubblicazioni, matrimoni, morti, cittadinanze 1800-1893 Nati 1894
Santa Maria a Vico	MC5R-Q23	2160	3:1:3QSQ-G97N-CD8Z	Morti, cittadinanze 1879 Nati, pubblicazioni, matrimoni, morti, cittadinanze 1800-1893 Nati 1894
Santa Maria a Vico	MC5R-Q23	2161	3:1:3QSQ-G97N-CD6G	Morti, cittadinanze 1879 Nati, pubblicazioni, matrimoni, morti, cittadinanze 1800-1893 Nati 1894
Santa Maria a Vico	MC5R-Q23	2162	3:1:3QSQ-G97N-CD8P	Morti, cittadinanze 1879 Nati, pubblicazioni, matrimoni, morti, cittadinanze 1800-1893 Nati 1894
Santa Maria a Vico	MC5R-Q23	2163	3:1:3QS7-897N-CD6N	Morti, cittadinanze 1879 Nati, pubblicazioni, matrimoni, morti, cittadinanze 1800-1893 Nati 1894
Santa Maria a Vico	MC5R-Q23	2164	3:1:3QS7-L97N-CDJV	Morti, cittadinanze 1879 Nati, pubblicazioni, matrimoni, morti, cittadinanze 1800-1893 Nati 1894
Santa Maria a Vico	MC5R-Q23	2165	3:1:3QS7-L97N-CDXQ	Morti, cittadinanze 1879 Nati, pubblicazioni, matrimoni, morti, cittadinanze 1800-1893 Nati 1894
Santa Maria a Vico	MC5R-Q23	2166	3:1:3QSQ-G97N-CDX6	Morti, cittadinanze 1879 Nati, pubblicazioni, matrimoni, morti, cittadinanze 1800-1893 Nati 1894
Santa Maria a Vico	MC5R-Q23	2167	3:1:3QS7-L97N-CDF3	Morti, cittadinanze 1879 Nati, pubblicazioni, matrimoni, morti, cittadinanze 1800-1893 Nati 1894
Santa Maria a Vico	MC5R-Q23	2168	3:1:3QS7-997N-CDHR	Morti, cittadinanze 1879 Nati, pubblicazioni, matrimoni, morti, cittadinanze 1800-1893 Nati 1894
Santa Maria a Vico	MC5R-Q23	2169	3:1:3QSQ-G97N-CDZX	Morti, cittadinanze 1879 Nati, pubblicazioni, matrimoni, morti, cittadinanze 1800-1893 Nati 1894
Santa Maria a Vico	MC5R-Q23	2170	3:1:3QS7-L97N-CDX7	Morti, cittadinanze 1879 Nati, pubblicazioni, matrimoni, morti, cittadinanze 1800-1893 Nati 1894
Santa Maria a Vico	MC5R-Q23	2171	3:1:3QS7-L97N-CDX8	Morti, cittadinanze 1879 Nati, pubblicazioni, matrimoni, morti, cittadinanze 1800-1893 Nati 1894
Santa Maria a Vico	MC5R-Q23	2172	3:1:3QS7-L97N-CDFZ	Morti, cittadinanze 1879 Nati, pubblicazioni, matrimoni, morti, cittadinanze 1800-1893 Nati 1894
Santa Maria a Vico	MC5R-Q23	2173	3:1:3QSQ-G97N-CD6F	Morti, cittadinanze 1879 Nati, pubblicazioni, matrimoni, morti, cittadinanze 1800-1893 Nati 1894
Santa Maria a Vico	MC5R-Q23	2174	3:1:3QS7-897N-CDHR	Morti, cittadinanze 1879 Nati, pubblicazioni, matrimoni, morti, cittadinanze 1800-1893 Nati 1894
Santa Maria a Vico	MC5R-Q23	2175	3:1:3QSQ-G97N-CDCY	Morti, cittadinanze 1879 Nati, pubblicazioni, matrimoni, morti, cittadinanze 1800-1893 Nati 1894
Santa Maria a Vico	MC5R-Q23	2176	3:1:3QS7-897N-CD8L	Morti, cittadinanze 1879 Nati, pubblicazioni, matrimoni, morti, cittadinanze 1800-1893 Nati 1894
Santa Maria a Vico	MC5R-Q23	2177	3:1:3QSQ-G97N-CDCF	Morti, cittadinanze 1879 Nati, pubblicazioni, matrimoni, morti, cittadinanze 1800-1893 Nati 1894
Santa Maria a Vico	MC5R-Q23	2178	3:1:3QS7-997N-CDQ1	Morti, cittadinanze 1879 Nati, pubblicazioni, matrimoni, morti, cittadinanze 1800-1893 Nati 1894
Santa Maria a Vico	MC5R-Q23	2179	3:1:3QSQ-G97N-CD66	Morti, cittadinanze 1879 Nati, pubblicazioni, matrimoni, morti, cittadinanze 1800-1893 Nati 1894
Santa Maria a Vico	MC5R-Q23	2180	3:1:3QS7-997N-CDCM	Morti, cittadinanze 1879 Nati, pubblicazioni, matrimoni, morti, cittadinanze 1800-1893 Nati 1894
Santa Maria a Vico	MC5R-Q23	2181	3:1:3QS7-L97N-CDDX	Morti, cittadinanze 1879 Nati, pubblicazioni, matrimoni, morti, cittadinanze 1800-1893 Nati 1894
Santa Maria a Vico	MC5R-Q23	2182	3:1:3QS7-997N-CD49	Morti, cittadinanze 1879 Nati, pubblicazioni, matrimoni, morti, cittadinanze 1800-1893 Nati 1894
Santa Maria a Vico	MC5R-Q23	2183	3:1:3QS7-L97N-CDDZ	Morti, cittadinanze 1879 Nati, pubblicazioni, matrimoni, morti, cittadinanze 1800-1893 Nati 1894
Santa Maria a Vico	MC5R-Q23	2184	3:1:3QS7-L97N-CDFF	Morti, cittadinanze 1879 Nati, pubblicazioni, matrimoni, morti, cittadinanze 1800-1893 Nati 1894
Santa Maria a Vico	MC5R-Q23	2185	3:1:3QS7-L97N-CD8H	Morti, cittadinanze 1879 Nati, pubblicazioni, matrimoni, morti, cittadinanze 1800-1893 Nati 1894
Santa Maria a Vico	MC5R-Q23	2186	3:1:3QS7-897N-CDCX	Morti, cittadinanze 1879 Nati, pubblicazioni, matrimoni, morti, cittadinanze 1800-1893 Nati 1894
Santa Maria a Vico	MC5R-Q23	2187	3:1:3QSQ-G97N-CD4Y	Morti, cittadinanze 1879 Nati, pubblicazioni, matrimoni, morti, cittadinanze 1800-1893 Nati 1894
Santa Maria a Vico	MC5R-Q23	2188	3:1:3QS7-897N-CD4X	Morti, cittadinanze 1879 Nati, pubblicazioni, matrimoni, morti, cittadinanze 1800-1893 Nati 1894
Santa Maria a Vico	MC5R-Q23	2189	3:1:3QS7-L97N-CD6Y	Morti, cittadinanze 1879 Nati, pubblicazioni, matrimoni, morti, cittadinanze 1800-1893 Nati 1894
Santa Maria a Vico	MC5R-Q23	2190	3:1:3QSQ-G97N-CDH1	Morti, cittadinanze 1879 Nati, pubblicazioni, matrimoni, morti, cittadinanze 1800-1893 Nati 1894
Santa Maria a Vico	MC5R-Q23	2191	3:1:3QS7-897N-CDWN	Morti, cittadinanze 1879 Nati, pubblicazioni, matrimoni, morti, cittadinanze 1800-1893 Nati 1894
Santa Maria a Vico	MC5R-Q23	2192	3:1:3QS7-897N-CDW9	Morti, cittadinanze 1879 Nati, pubblicazioni, matrimoni, morti, cittadinanze 1800-1893 Nati 1894
Santa Maria a Vico	MC5R-Q23	2193	3:1:3QS7-L97N-CDZN	Morti, cittadinanze 1879 Nati, pubblicazioni, matrimoni, morti, cittadinanze 1800-1893 Nati 1894
Santa Maria a Vico	MC5R-Q23	2194	3:1:3QS7-997N-CD32	Morti, cittadinanze 1879 Nati, pubblicazioni, matrimoni, morti, cittadinanze 1800-1893 Nati 1894
Santa Maria a Vico	MC5R-Q23	2195	3:1:3QS7-897N-CD4R	Morti, cittadinanze 1879 Nati, pubblicazioni, matrimoni, morti, cittadinanze 1800-1893 Nati 1894
Santa Maria a Vico	MC5R-Q23	2196	3:1:3QS7-897N-CDHM	Morti, cittadinanze 1879 Nati, pubblicazioni, matrimoni, morti, cittadinanze 1800-1893 Nati 1894
Santa Maria a Vico	MC5R-Q23	2197	3:1:3QSQ-G97N-CD4V	Morti, cittadinanze 1879 Nati, pubblicazioni, matrimoni, morti, cittadinanze 1800-1893 Nati 1894
Santa Maria a Vico	MC5R-Q23	2198	3:1:3QS7-997N-CDC9	Morti, cittadinanze 1879 Nati, pubblicazioni, matrimoni, morti, cittadinanze 1800-1893 Nati 1894
Santa Maria a Vico	MC5R-Q23	2199	3:1:3QS7-997N-CD7S	Morti, cittadinanze 1879 Nati, pubblicazioni, matrimoni, morti, cittadinanze 1800-1893 Nati 1894
Santa Maria a Vico	MC5R-Q23	2200	3:1:3QS7-997N-CDW8	Morti, cittadinanze 1879 Nati, pubblicazioni, matrimoni, morti, cittadinanze 1800-1893 Nati 1894
Santa Maria a Vico	MC5R-Q23	2201	3:1:3QS7-897N-CDHH	Morti, cittadinanze 1879 Nati, pubblicazioni, matrimoni, morti, cittadinanze 1800-1893 Nati 1894
Santa Maria a Vico	MC5R-Q23	2202	3:1:3QS7-897N-CD4H	Morti, cittadinanze 1879 Nati, pubblicazioni, matrimoni, morti, cittadinanze 1800-1893 Nati 1894
Santa Maria a Vico	MC5R-Q23	2203	3:1:3QS7-897N-CDW8	Morti, cittadinanze 1879 Nati, pubblicazioni, matrimoni, morti, cittadinanze 1800-1893 Nati 1894
Santa Maria a Vico	MC5R-Q23	2204	3:1:3QS7-997N-CDQ7	Morti, cittadinanze 1879 Nati, pubblicazioni, matrimoni, morti, cittadinanze 1800-1893 Nati 1894
Santa Maria a Vico	MC5R-Q23	2205	3:1:3QSQ-G97N-CD75	Morti, cittadinanze 1879 Nati, pubblicazioni, matrimoni, morti, cittadinanze 1800-1893 Nati 1894
Santa Maria a Vico	MC5R-Q23	2206	3:1:3QSQ-G97N-CDH9	Morti, cittadinanze 1879 Nati, pubblicazioni, matrimoni, morti, cittadinanze 1800-1893 Nati 1894
Santa Maria a Vico	MC5R-Q23	2207	3:1:3QSQ-G97N-CDQD	Morti, cittadinanze 1879 Nati, pubblicazioni, matrimoni, morti, cittadinanze 1800-1893 Nati 1894
Santa Maria a Vico	MC5R-Q23	2208	3:1:3QS7-897N-CDQF	Morti, cittadinanze 1879 Nati, pubblicazioni, matrimoni, morti, cittadinanze 1800-1893 Nati 1894
Santa Maria a Vico	MC5R-Q23	2209	3:1:3QS7-L97N-CDHG	Morti, cittadinanze 1879 Nati, pubblicazioni, matrimoni, morti, cittadinanze 1800-1893 Nati 1894
Santa Maria a Vico	MC5R-Q23	2210	3:1:3QS7-997N-CD3F	Morti, cittadinanze 1879 Nati, pubblicazioni, matrimoni, morti, cittadinanze 1800-1893 Nati 1894
Santa Maria a Vico	MC5R-Q23	2211	3:1:3QSQ-G97N-CD37	Morti, cittadinanze 1879 Nati, pubblicazioni, matrimoni, morti, cittadinanze 1800-1893 Nati 1894
Santa Maria a Vico	MC5R-Q23	2212	3:1:3QS7-897N-CD47	Morti, cittadinanze 1879 Nati, pubblicazioni, matrimoni, morti, cittadinanze 1800-1893 Nati 1894
Santa Maria a Vico	MC5R-Q23	2213	3:1:3QS7-997N-CD3V	Morti, cittadinanze 1879 Nati, pubblicazioni, matrimoni, morti, cittadinanze 1800-1893 Nati 1894
Santa Maria a Vico	MC5R-Q23	2214	3:1:3QS7-997N-CD3L	Morti, cittadinanze 1879 Nati, pubblicazioni, matrimoni, morti, cittadinanze 1800-1893 Nati 1894
Santa Maria a Vico	MC5R-Q23	2215	3:1:3QSQ-G97N-CD31	Morti, cittadinanze 1879 Nati, pubblicazioni, matrimoni, morti, cittadinanze 1800-1893 Nati 1894
Santa Maria a Vico	MC5R-Q23	2216	3:1:3QS7-997N-CDSL	Morti, cittadinanze 1879 Nati, pubblicazioni, matrimoni, morti, cittadinanze 1800-1893 Nati 1894
Santa Maria a Vico	MC5R-Q23	2217	3:1:3QS7-997N-C8BB	Morti, cittadinanze 1879 Nati, pubblicazioni, matrimoni, morti, cittadinanze 1800-1893 Nati 1894
Santa Maria a Vico	MC5R-Q23	2218	3:1:3QS7-897N-CDSH	Morti, cittadinanze 1879 Nati, pubblicazioni, matrimoni, morti, cittadinanze 1800-1893 Nati 1894
Santa Maria a Vico	MC5R-Q23	2219	3:1:3QS7-897N-CDW6	Morti, cittadinanze 1879 Nati, pubblicazioni, matrimoni, morti, cittadinanze 1800-1893 Nati 1894
Santa Maria a Vico	MC5R-Q23	2220	3:1:3QS7-L97N-CDWT	Morti, cittadinanze 1879 Nati, pubblicazioni, matrimoni, morti, cittadinanze 1800-1893 Nati 1894
Santa Maria a Vico	MC5R-Q23	2221	3:1:3QS7-997N-CDMW	Morti, cittadinanze 1879 Nati, pubblicazioni, matrimoni, morti, cittadinanze 1800-1893 Nati 1894
Santa Maria a Vico	MC5R-Q23	2222	3:1:3QS7-897N-CD9V	Morti, cittadinanze 1879 Nati, pubblicazioni, matrimoni, morti, cittadinanze 1800-1893 Nati 1894
Santa Maria a Vico	MC5R-Q23	2223	3:1:3QS7-897N-CD3F	Morti, cittadinanze 1879 Nati, pubblicazioni, matrimoni, morti, cittadinanze 1800-1893 Nati 1894
Santa Maria a Vico	MC5R-Q23	2224	3:1:3QS7-897N-CDSN	Morti, cittadinanze 1879 Nati, pubblicazioni, matrimoni, morti, cittadinanze 1800-1893 Nati 1894
Santa Maria a Vico	MC5R-Q23	2225	3:1:3QS7-897N-CDML	Morti, cittadinanze 1879 Nati, pubblicazioni, matrimoni, morti, cittadinanze 1800-1893 Nati 1894
Santa Maria a Vico	MC5R-Q23	2226	3:1:3QSQ-G97N-CDWF	Morti, cittadinanze 1879 Nati, pubblicazioni, matrimoni, morti, cittadinanze 1800-1893 Nati 1894
Santa Maria a Vico	MC5R-Q23	2227	3:1:3QS7-L97N-CD8V	Morti, cittadinanze 1879 Nati, pubblicazioni, matrimoni, morti, cittadinanze 1800-1893 Nati 1894
Santa Maria a Vico	MC5R-Q23	2228	3:1:3QSQ-G97N-CDW2	Morti, cittadinanze 1879 Nati, pubblicazioni, matrimoni, morti, cittadinanze 1800-1893 Nati 1894
Santa Maria a Vico	MC5R-Q23	2229	3:1:3QSQ-G97N-CDS5	Morti, cittadinanze 1879 Nati, pubblicazioni, matrimoni, morti, cittadinanze 1800-1893 Nati 1894
Santa Maria a Vico	MC5R-Q23	2230	3:1:3QS7-997N-CDMM	Morti, cittadinanze 1879 Nati, pubblicazioni, matrimoni, morti, cittadinanze 1800-1893 Nati 1894
Santa Maria a Vico	MC5R-Q23	2231	3:1:3QS7-997N-C8BY	Morti, cittadinanze 1879 Nati, pubblicazioni, matrimoni, morti, cittadinanze 1800-1893 Nati 1894
Santa Maria a Vico	MC5R-Q23	2232	3:1:3QS7-L97N-CD78	Morti, cittadinanze 1879 Nati, pubblicazioni, matrimoni, morti, cittadinanze 1800-1893 Nati 1894
Santa Maria a Vico	MC5R-Q23	2233	3:1:3QS7-L97N-CD8J	Morti, cittadinanze 1879 Nati, pubblicazioni, matrimoni, morti, cittadinanze 1800-1893 Nati 1894
Santa Maria a Vico	MC5R-Q23	2234	3:1:3QSQ-G97N-CD4X	Morti, cittadinanze 1879 Nati, pubblicazioni, matrimoni, morti, cittadinanze 1800-1893 Nati 1894
Santa Maria a Vico	MC5R-Q23	2235	3:1:3QS7-897N-C81F	Morti, cittadinanze 1879 Nati, pubblicazioni, matrimoni, morti, cittadinanze 1800-1893 Nati 1894
Santa Maria a Vico	MC5R-Q23	2236	3:1:3QSQ-G97N-CD7F	Morti, cittadinanze 1879 Nati, pubblicazioni, matrimoni, morti, cittadinanze 1800-1893 Nati 1894
Santa Maria a Vico	MC5R-Q23	2237	3:1:3QS7-997N-C8BH	Morti, cittadinanze 1879 Nati, pubblicazioni, matrimoni, morti, cittadinanze 1800-1893 Nati 1894
Santa Maria a Vico	MC5R-Q23	2238	3:1:3QS7-897N-CD74	Morti, cittadinanze 1879 Nati, pubblicazioni, matrimoni, morti, cittadinanze 1800-1893 Nati 1894
Santa Maria a Vico	MC5R-Q23	2239	3:1:3QS7-997N-C8TL	Morti, cittadinanze 1879 Nati, pubblicazioni, matrimoni, morti, cittadinanze 1800-1893 Nati 1894
Santa Maria a Vico	MC5R-Q23	2240	3:1:3QSQ-G97N-CD7C	Morti, cittadinanze 1879 Nati, pubblicazioni, matrimoni, morti, cittadinanze 1800-1893 Nati 1894
Santa Maria a Vico	MC5R-Q23	2241	3:1:3QSQ-G97N-CDQ5	Morti, cittadinanze 1879 Nati, pubblicazioni, matrimoni, morti, cittadinanze 1800-1893 Nati 1894
Santa Maria a Vico	MC5R-Q23	2242	3:1:3QSQ-G97N-CDS8	Morti, cittadinanze 1879 Nati, pubblicazioni, matrimoni, morti, cittadinanze 1800-1893 Nati 1894
Santa Maria a Vico	MC5R-Q23	2243	3:1:3QS7-897N-CDMW	Morti, cittadinanze 1879 Nati, pubblicazioni, matrimoni, morti, cittadinanze 1800-1893 Nati 1894
Santa Maria a Vico	MC5R-Q23	2244	3:1:3QS7-897N-CDS6	Morti, cittadinanze 1879 Nati, pubblicazioni, matrimoni, morti, cittadinanze 1800-1893 Nati 1894
Santa Maria a Vico	MC5R-Q23	2245	3:1:3QS7-L97N-CDWV	Morti, cittadinanze 1879 Nati, pubblicazioni, matrimoni, morti, cittadinanze 1800-1893 Nati 1894
Santa Maria a Vico	MC5R-Q23	2246	3:1:3QS7-997N-C8YF	Morti, cittadinanze 1879 Nati, pubblicazioni, matrimoni, morti, cittadinanze 1800-1893 Nati 1894
Santa Maria a Vico	MC5R-Q23	2247	3:1:3QS7-897N-CD9N	Morti, cittadinanze 1879 Nati, pubblicazioni, matrimoni, morti, cittadinanze 1800-1893 Nati 1894
Santa Maria a Vico	MC5R-Q23	2248	3:1:3QS7-997N-C8YK	Morti, cittadinanze 1879 Nati, pubblicazioni, matrimoni, morti, cittadinanze 1800-1893 Nati 1894
Santa Maria a Vico	MC5R-Q23	2249	3:1:3QSQ-G97N-CDSP	Morti, cittadinanze 1879 Nati, pubblicazioni, matrimoni, morti, cittadinanze 1800-1893 Nati 1894
Santa Maria a Vico	MC5R-Q23	2250	3:1:3QS7-897N-CDQX	Morti, cittadinanze 1879 Nati, pubblicazioni, matrimoni, morti, cittadinanze 1800-1893 Nati 1894
Santa Maria a Vico	MC5R-Q23	2251	3:1:3QS7-L97N-CDQ3	Morti, cittadinanze 1879 Nati, pubblicazioni, matrimoni, morti, cittadinanze 1800-1893 Nati 1894
Santa Maria a Vico	MC5R-Q23	2252	3:1:3QS7-997N-C8BR	Morti, cittadinanze 1879 Nati, pubblicazioni, matrimoni, morti, cittadinanze 1800-1893 Nati 1894
Santa Maria a Vico	MC5R-Q23	2253	3:1:3QS7-997N-C8TH	Morti, cittadinanze 1879 Nati, pubblicazioni, matrimoni, morti, cittadinanze 1800-1893 Nati 1894
Santa Maria a Vico	MC5R-Q23	2254	3:1:3QS7-L97N-CDSL	Morti, cittadinanze 1879 Nati, pubblicazioni, matrimoni, morti, cittadinanze 1800-1893 Nati 1894
Santa Maria a Vico	MC5R-Q23	2255	3:1:3QS7-997N-C8PJ	Morti, cittadinanze 1879 Nati, pubblicazioni, matrimoni, morti, cittadinanze 1800-1893 Nati 1894
Santa Maria a Vico	MC5R-Q23	2256	3:1:3QS7-997N-C8RB	Morti, cittadinanze 1879 Nati, pubblicazioni, matrimoni, morti, cittadinanze 1800-1893 Nati 1894
Santa Maria a Vico	MC5R-Q23	2257	3:1:3QS7-897N-C8BC	Morti, cittadinanze 1879 Nati, pubblicazioni, matrimoni, morti, cittadinanze 1800-1893 Nati 1894
Santa Maria a Vico	MC5R-Q23	2258	3:1:3QSQ-G97N-C81P	Morti, cittadinanze 1879 Nati, pubblicazioni, matrimoni, morti, cittadinanze 1800-1893 Nati 1894
Santa Maria a Vico	MC5R-Q23	2259	3:1:3QS7-997N-C8B2	Morti, cittadinanze 1879 Nati, pubblicazioni, matrimoni, morti, cittadinanze 1800-1893 Nati 1894
Santa Maria a Vico	MC5R-Q23	2260	3:1:3QS7-897N-CD9B	Morti, cittadinanze 1879 Nati, pubblicazioni, matrimoni, morti, cittadinanze 1800-1893 Nati 1894
Santa Maria a Vico	MC5R-Q23	2261	3:1:3QSQ-G97N-CD95	Morti, cittadinanze 1879 Nati, pubblicazioni, matrimoni, morti, cittadinanze 1800-1893 Nati 1894
Santa Maria a Vico	MC5R-Q23	2262	3:1:3QS7-897N-CD9W	Morti, cittadinanze 1879 Nati, pubblicazioni, matrimoni, morti, cittadinanze 1800-1893 Nati 1894
Santa Maria a Vico	MC5R-Q23	2263	3:1:3QS7-L97N-CD7J	Morti, cittadinanze 1879 Nati, pubblicazioni, matrimoni, morti, cittadinanze 1800-1893 Nati 1894
Santa Maria a Vico	MC5R-Q23	2264	3:1:3QSQ-G97N-CDSM	Morti, cittadinanze 1879 Nati, pubblicazioni, matrimoni, morti, cittadinanze 1800-1893 Nati 1894
Santa Maria a Vico	MC5R-Q23	2265	3:1:3QS7-897N-C8YN	Morti, cittadinanze 1879 Nati, pubblicazioni, matrimoni, morti, cittadinanze 1800-1893 Nati 1894
Santa Maria a Vico	MC5R-Q23	2266	3:1:3QS7-897N-C8TF	Morti, cittadinanze 1879 Nati, pubblicazioni, matrimoni, morti, cittadinanze 1800-1893 Nati 1894
Santa Maria a Vico	MC5R-Q23	2267	3:1:3QS7-897N-C8RN	Morti, cittadinanze 1879 Nati, pubblicazioni, matrimoni, morti, cittadinanze 1800-1893 Nati 1894
Santa Maria a Vico	MC5R-Q23	2268	3:1:3QS7-L97N-CD43	Morti, cittadinanze 1879 Nati, pubblicazioni, matrimoni, morti, cittadinanze 1800-1893 Nati 1894
Santa Maria a Vico	MC5R-Q23	2269	3:1:3QS7-897N-CDMY	Morti, cittadinanze 1879 Nati, pubblicazioni, matrimoni, morti, cittadinanze 1800-1893 Nati 1894
Santa Maria a Vico	MC5R-Q23	2270	3:1:3QS7-997N-C8RP	Morti, cittadinanze 1879 Nati, pubblicazioni, matrimoni, morti, cittadinanze 1800-1893 Nati 1894
Santa Maria a Vico	MC5R-Q23	2271	3:1:3QS7-897N-C8TB	Morti, cittadinanze 1879 Nati, pubblicazioni, matrimoni, morti, cittadinanze 1800-1893 Nati 1894
Santa Maria a Vico	MC5R-Q23	2272	3:1:3QS7-897N-CD96	Morti, cittadinanze 1879 Nati, pubblicazioni, matrimoni, morti, cittadinanze 1800-1893 Nati 1894
Santa Maria a Vico	MC5R-Q23	2273	3:1:3QS7-L97N-CDS7	Morti, cittadinanze 1879 Nati, pubblicazioni, matrimoni, morti, cittadinanze 1800-1893 Nati 1894
Santa Maria a Vico	MC5R-Q23	2274	3:1:3QS7-997N-C8Y2	Morti, cittadinanze 1879 Nati, pubblicazioni, matrimoni, morti, cittadinanze 1800-1893 Nati 1894
Santa Maria a Vico	MC5R-Q23	2275	3:1:3QS7-L97N-CDS5	Morti, cittadinanze 1879 Nati, pubblicazioni, matrimoni, morti, cittadinanze 1800-1893 Nati 1894
Santa Maria a Vico	MC5R-Q23	2276	3:1:3QS7-997N-C8RW	Morti, cittadinanze 1879 Nati, pubblicazioni, matrimoni, morti, cittadinanze 1800-1893 Nati 1894
Santa Maria a Vico	MC5R-Q23	2277	3:1:3QS7-997N-C8TC	Morti, cittadinanze 1879 Nati, pubblicazioni, matrimoni, morti, cittadinanze 1800-1893 Nati 1894
Santa Maria a Vico	MC5R-Q23	2278	3:1:3QS7-L97N-CD95	Morti, cittadinanze 1879 Nati, pubblicazioni, matrimoni, morti, cittadinanze 1800-1893 Nati 1894
Santa Maria a Vico	MC5R-Q23	2279	3:1:3QS7-897N-C8TQ	Morti, cittadinanze 1879 Nati, pubblicazioni, matrimoni, morti, cittadinanze 1800-1893 Nati 1894
Santa Maria a Vico	MC5R-Q23	2280	3:1:3QS7-L97N-CDMG	Morti, cittadinanze 1879 Nati, pubblicazioni, matrimoni, morti, cittadinanze 1800-1893 Nati 1894
Santa Maria a Vico	MC5R-Q23	2281	3:1:3QSQ-G97N-C812	Morti, cittadinanze 1879 Nati, pubblicazioni, matrimoni, morti, cittadinanze 1800-1893 Nati 1894
Santa Maria a Vico	MC5R-Q23	2282	3:1:3QSQ-G97N-C85Y	Morti, cittadinanze 1879 Nati, pubblicazioni, matrimoni, morti, cittadinanze 1800-1893 Nati 1894
Santa Maria a Vico	MC5R-Q23	2283	3:1:3QSQ-G97N-CDMG	Morti, cittadinanze 1879 Nati, pubblicazioni, matrimoni, morti, cittadinanze 1800-1893 Nati 1894
Santa Maria a Vico	MC5R-Q23	2284	3:1:3QSQ-G97N-C81J	Morti, cittadinanze 1879 Nati, pubblicazioni, matrimoni, morti, cittadinanze 1800-1893 Nati 1894
Santa Maria a Vico	MC5R-Q23	2285	3:1:3QS7-997N-C824	Morti, cittadinanze 1879 Nati, pubblicazioni, matrimoni, morti, cittadinanze 1800-1893 Nati 1894
Santa Maria a Vico	MC5R-Q23	2286	3:1:3QS7-997N-C8R9	Morti, cittadinanze 1879 Nati, pubblicazioni, matrimoni, morti, cittadinanze 1800-1893 Nati 1894
Santa Maria a Vico	MC5R-Q23	2287	3:1:3QS7-897N-C8T4	Morti, cittadinanze 1879 Nati, pubblicazioni, matrimoni, morti, cittadinanze 1800-1893 Nati 1894
Santa Maria a Vico	MC5R-Q23	2288	3:1:3QS7-L97N-CD9H	Morti, cittadinanze 1879 Nati, pubblicazioni, matrimoni, morti, cittadinanze 1800-1893 Nati 1894
Santa Maria a Vico	MC5R-Q23	2289	3:1:3QS7-997N-C8VF	Morti, cittadinanze 1879 Nati, pubblicazioni, matrimoni, morti, cittadinanze 1800-1893 Nati 1894
Santa Maria a Vico	MC5R-Q23	2290	3:1:3QS7-897N-C8YR	Morti, cittadinanze 1879 Nati, pubblicazioni, matrimoni, morti, cittadinanze 1800-1893 Nati 1894
Santa Maria a Vico	MC5R-Q23	2291	3:1:3QS7-997N-C8TF	Morti, cittadinanze 1879 Nati, pubblicazioni, matrimoni, morti, cittadinanze 1800-1893 Nati 1894
Santa Maria a Vico	MC5R-Q23	2292	3:1:3QS7-897N-C8RS	Morti, cittadinanze 1879 Nati, pubblicazioni, matrimoni, morti, cittadinanze 1800-1893 Nati 1894
Santa Maria a Vico	MC5R-Q23	2293	3:1:3QS7-L97N-C8BN	Morti, cittadinanze 1879 Nati, pubblicazioni, matrimoni, morti, cittadinanze 1800-1893 Nati 1894
Santa Maria a Vico	MC5R-Q23	2294	3:1:3QS7-897N-C85D	Morti, cittadinanze 1879 Nati, pubblicazioni, matrimoni, morti, cittadinanze 1800-1893 Nati 1894
Santa Maria a Vico	MC5R-Q23	2295	3:1:3QS7-997N-C8LV	Morti, cittadinanze 1879 Nati, pubblicazioni, matrimoni, morti, cittadinanze 1800-1893 Nati 1894
Santa Maria a Vico	MC5R-Q23	2296	3:1:3QS7-L97N-CD9G	Morti, cittadinanze 1879 Nati, pubblicazioni, matrimoni, morti, cittadinanze 1800-1893 Nati 1894
Santa Maria a Vico	MC5R-Q23	2297	3:1:3QS7-997N-C854	Morti, cittadinanze 1879 Nati, pubblicazioni, matrimoni, morti, cittadinanze 1800-1893 Nati 1894
Santa Maria a Vico	MC5R-Q23	2298	3:1:3QSQ-G97N-C8TZ	Morti, cittadinanze 1879 Nati, pubblicazioni, matrimoni, morti, cittadinanze 1800-1893 Nati 1894
Santa Maria a Vico	MC5R-Q23	2299	3:1:3QS7-997N-C8PS	Morti, cittadinanze 1879 Nati, pubblicazioni, matrimoni, morti, cittadinanze 1800-1893 Nati 1894
Santa Maria a Vico	MC5R-Q23	2300	3:1:3QS7-L97N-C811	Morti, cittadinanze 1879 Nati, pubblicazioni, matrimoni, morti, cittadinanze 1800-1893 Nati 1894
Santa Maria a Vico	MC5R-Q23	2301	3:1:3QS7-997N-C8G2	Morti, cittadinanze 1879 Nati, pubblicazioni, matrimoni, morti, cittadinanze 1800-1893 Nati 1894
Santa Maria a Vico	MC5R-Q23	2302	3:1:3QS7-897N-C8TJ	Morti, cittadinanze 1879 Nati, pubblicazioni, matrimoni, morti, cittadinanze 1800-1893 Nati 1894
Santa Maria a Vico	MC5R-Q23	2303	3:1:3QSQ-G97N-C85B	Morti, cittadinanze 1879 Nati, pubblicazioni, matrimoni, morti, cittadinanze 1800-1893 Nati 1894
Santa Maria a Vico	MC5R-Q23	2304	3:1:3QS7-L97N-C8YY	Morti, cittadinanze 1879 Nati, pubblicazioni, matrimoni, morti, cittadinanze 1800-1893 Nati 1894
Santa Maria a Vico	MC5R-Q23	2305	3:1:3QSQ-G97N-C858	Morti, cittadinanze 1879 Nati, pubblicazioni, matrimoni, morti, cittadinanze 1800-1893 Nati 1894
Santa Maria a Vico	MC5R-Q23	2306	3:1:3QS7-897N-C85H	Morti, cittadinanze 1879 Nati, pubblicazioni, matrimoni, morti, cittadinanze 1800-1893 Nati 1894
Santa Maria a Vico	MC5R-Q23	2307	3:1:3QSQ-G97N-C8P4	Morti, cittadinanze 1879 Nati, pubblicazioni, matrimoni, morti, cittadinanze 1800-1893 Nati 1894
Santa Maria a Vico	MC5R-Q23	2308	3:1:3QS7-997N-C8V2	Morti, cittadinanze 1879 Nati, pubblicazioni, matrimoni, morti, cittadinanze 1800-1893 Nati 1894
Santa Maria a Vico	MC5R-Q23	2309	3:1:3QSQ-G97N-C8BK	Morti, cittadinanze 1879 Nati, pubblicazioni, matrimoni, morti, cittadinanze 1800-1893 Nati 1894
Santa Maria a Vico	MC5R-Q23	2310	3:1:3QS7-L97N-C8YP	Morti, cittadinanze 1879 Nati, pubblicazioni, matrimoni, morti, cittadinanze 1800-1893 Nati 1894
Santa Maria a Vico	MC5R-Q23	2311	3:1:3QS7-897N-C8GK	Morti, cittadinanze 1879 Nati, pubblicazioni, matrimoni, morti, cittadinanze 1800-1893 Nati 1894
Santa Maria a Vico	MC5R-Q23	2312	3:1:3QS7-997N-C8JS	Morti, cittadinanze 1879 Nati, pubblicazioni, matrimoni, morti, cittadinanze 1800-1893 Nati 1894
Santa Maria a Vico	MC5R-Q23	2313	3:1:3QS7-997N-C8LB	Morti, cittadinanze 1879 Nati, pubblicazioni, matrimoni, morti, cittadinanze 1800-1893 Nati 1894
Santa Maria a Vico	MC5R-Q23	2314	3:1:3QS7-897N-C8GD	Morti, cittadinanze 1879 Nati, pubblicazioni, matrimoni, morti, cittadinanze 1800-1893 Nati 1894
Santa Maria a Vico	MC5R-Q23	2315	3:1:3QS7-997N-C8JB	Morti, cittadinanze 1879 Nati, pubblicazioni, matrimoni, morti, cittadinanze 1800-1893 Nati 1894
Santa Maria a Vico	MC5R-Q23	2316	3:1:3QS7-997N-C8N2	Morti, cittadinanze 1879 Nati, pubblicazioni, matrimoni, morti, cittadinanze 1800-1893 Nati 1894
Santa Maria a Vico	MC5R-Q23	2317	3:1:3QS7-L97N-C8TK	Morti, cittadinanze 1879 Nati, pubblicazioni, matrimoni, morti, cittadinanze 1800-1893 Nati 1894
Santa Maria a Vico	MC5R-Q23	2318	3:1:3QS7-L97N-C8TR	Morti, cittadinanze 1879 Nati, pubblicazioni, matrimoni, morti, cittadinanze 1800-1893 Nati 1894
Santa Maria a Vico	MC5R-Q23	2319	3:1:3QS7-897N-C8L3	Morti, cittadinanze 1879 Nati, pubblicazioni, matrimoni, morti, cittadinanze 1800-1893 Nati 1894
Santa Maria a Vico	MC5R-Q23	2320	3:1:3QS7-897N-C8GH	Morti, cittadinanze 1879 Nati, pubblicazioni, matrimoni, morti, cittadinanze 1800-1893 Nati 1894
Santa Maria a Vico	MC5R-Q23	2321	3:1:3QS7-L97N-C8B7	Morti, cittadinanze 1879 Nati, pubblicazioni, matrimoni, morti, cittadinanze 1800-1893 Nati 1894
Santa Maria a Vico	MC5R-Q23	2322	3:1:3QS7-L97N-C81J	Morti, cittadinanze 1879 Nati, pubblicazioni, matrimoni, morti, cittadinanze 1800-1893 Nati 1894
Santa Maria a Vico	MC5R-Q23	2323	3:1:3QS7-L97N-C8BV	Morti, cittadinanze 1879 Nati, pubblicazioni, matrimoni, morti, cittadinanze 1800-1893 Nati 1894
Santa Maria a Vico	MC5R-Q23	2324	3:1:3QSQ-G97N-C8PR	Morti, cittadinanze 1879 Nati, pubblicazioni, matrimoni, morti, cittadinanze 1800-1893 Nati 1894
Santa Maria a Vico	MC5R-Q23	2325	3:1:3QS7-L97N-C8YD	Morti, cittadinanze 1879 Nati, pubblicazioni, matrimoni, morti, cittadinanze 1800-1893 Nati 1894
Santa Maria a Vico	MC5R-Q23	2326	3:1:3QS7-997N-C8JR	Morti, cittadinanze 1879 Nati, pubblicazioni, matrimoni, morti, cittadinanze 1800-1893 Nati 1894
Santa Maria a Vico	MC5R-Q23	2327	3:1:3QS7-L97N-C8RS	Morti, cittadinanze 1879 Nati, pubblicazioni, matrimoni, morti, cittadinanze 1800-1893 Nati 1894
Santa Maria a Vico	MC5R-Q23	2328	3:1:3QS7-997N-C8V8	Morti, cittadinanze 1879 Nati, pubblicazioni, matrimoni, morti, cittadinanze 1800-1893 Nati 1894
Santa Maria a Vico	MC5R-Q23	2329	3:1:3QS7-L97N-C8R5	Morti, cittadinanze 1879 Nati, pubblicazioni, matrimoni, morti, cittadinanze 1800-1893 Nati 1894
Santa Maria a Vico	MC5R-Q23	2330	3:1:3QSQ-G97N-C8KB	Morti, cittadinanze 1879 Nati, pubblicazioni, matrimoni, morti, cittadinanze 1800-1893 Nati 1894
Santa Maria a Vico	MC5R-Q23	2331	3:1:3QS7-L97N-C856	Morti, cittadinanze 1879 Nati, pubblicazioni, matrimoni, morti, cittadinanze 1800-1893 Nati 1894
Santa Maria a Vico	MC5R-Q23	2332	3:1:3QS7-897N-C826	Morti, cittadinanze 1879 Nati, pubblicazioni, matrimoni, morti, cittadinanze 1800-1893 Nati 1894
Santa Maria a Vico	MC5R-Q23	2333	3:1:3QS7-897N-C8PD	Morti, cittadinanze 1879 Nati, pubblicazioni, matrimoni, morti, cittadinanze 1800-1893 Nati 1894
Santa Maria a Vico	MC5R-Q23	2334	3:1:3QSQ-G97N-C824	Morti, cittadinanze 1879 Nati, pubblicazioni, matrimoni, morti, cittadinanze 1800-1893 Nati 1894
Santa Maria a Vico	MC5R-Q23	2335	3:1:3QS7-L97N-C8P3	Morti, cittadinanze 1879 Nati, pubblicazioni, matrimoni, morti, cittadinanze 1800-1893 Nati 1894
Santa Maria a Vico	MC5R-Q23	2336	3:1:3QS7-997N-C8NW	Morti, cittadinanze 1879 Nati, pubblicazioni, matrimoni, morti, cittadinanze 1800-1893 Nati 1894
Santa Maria a Vico	MC5R-Q23	2337	3:1:3QS7-997N-C8F4	Morti, cittadinanze 1879 Nati, pubblicazioni, matrimoni, morti, cittadinanze 1800-1893 Nati 1894
Santa Maria a Vico	MC5R-Q23	2338	3:1:3QS7-997N-C8NS	Morti, cittadinanze 1879 Nati, pubblicazioni, matrimoni, morti, cittadinanze 1800-1893 Nati 1894
Santa Maria a Vico	MC5R-Q23	2339	3:1:3QS7-997N-C8X9	Morti, cittadinanze 1879 Nati, pubblicazioni, matrimoni, morti, cittadinanze 1800-1893 Nati 1894
Santa Maria a Vico	MC5R-Q23	2340	3:1:3QS7-997N-C8FP	Morti, cittadinanze 1879 Nati, pubblicazioni, matrimoni, morti, cittadinanze 1800-1893 Nati 1894
Santa Maria a Vico	MC5R-Q23	2341	3:1:3QS7-L97N-C8K1	Morti, cittadinanze 1879 Nati, pubblicazioni, matrimoni, morti, cittadinanze 1800-1893 Nati 1894
Santa Maria a Vico	MC5R-Q23	2342	3:1:3QS7-897N-C8JH	Morti, cittadinanze 1879 Nati, pubblicazioni, matrimoni, morti, cittadinanze 1800-1893 Nati 1894
Santa Maria a Vico	MC5R-Q23	2343	3:1:3QS7-897N-C8LD	Morti, cittadinanze 1879 Nati, pubblicazioni, matrimoni, morti, cittadinanze 1800-1893 Nati 1894
Santa Maria a Vico	MC5R-Q23	2344	3:1:3QS7-997N-C8JD	Morti, cittadinanze 1879 Nati, pubblicazioni, matrimoni, morti, cittadinanze 1800-1893 Nati 1894
Santa Maria a Vico	MC5R-Q23	2345	3:1:3QSQ-G97N-C8G7	Morti, cittadinanze 1879 Nati, pubblicazioni, matrimoni, morti, cittadinanze 1800-1893 Nati 1894
Santa Maria a Vico	MC5R-Q23	2346	3:1:3QS7-L97N-C8PM	Morti, cittadinanze 1879 Nati, pubblicazioni, matrimoni, morti, cittadinanze 1800-1893 Nati 1894
Santa Maria a Vico	MC5R-Q23	2347	3:1:3QS7-997N-C86B	Morti, cittadinanze 1879 Nati, pubblicazioni, matrimoni, morti, cittadinanze 1800-1893 Nati 1894
Santa Maria a Vico	MC5R-Q23	2348	3:1:3QSQ-G97N-C8VP	Morti, cittadinanze 1879 Nati, pubblicazioni, matrimoni, morti, cittadinanze 1800-1893 Nati 1894
Santa Maria a Vico	MC5R-Q23	2349	3:1:3QS7-L97N-C8PR	Morti, cittadinanze 1879 Nati, pubblicazioni, matrimoni, morti, cittadinanze 1800-1893 Nati 1894
Santa Maria a Vico	MC5R-Q23	2350	3:1:3QS7-897N-C8NK	Morti, cittadinanze 1879 Nati, pubblicazioni, matrimoni, morti, cittadinanze 1800-1893 Nati 1894
Santa Maria a Vico	MC5R-Q23	2351	3:1:3QS7-997N-C8D5	Morti, cittadinanze 1879 Nati, pubblicazioni, matrimoni, morti, cittadinanze 1800-1893 Nati 1894
Santa Maria a Vico	MC5R-Q23	2352	3:1:3QS7-897N-C8JF	Morti, cittadinanze 1879 Nati, pubblicazioni, matrimoni, morti, cittadinanze 1800-1893 Nati 1894
Santa Maria a Vico	MC5R-Q23	2353	3:1:3QS7-897N-C8L4	Morti, cittadinanze 1879 Nati, pubblicazioni, matrimoni, morti, cittadinanze 1800-1893 Nati 1894
Santa Maria a Vico	MC5R-Q23	2354	3:1:3QS7-L97N-C8LF	Morti, cittadinanze 1879 Nati, pubblicazioni, matrimoni, morti, cittadinanze 1800-1893 Nati 1894
Santa Maria a Vico	MC5R-Q23	2355	3:1:3QS7-897N-C8KF	Morti, cittadinanze 1879 Nati, pubblicazioni, matrimoni, morti, cittadinanze 1800-1893 Nati 1894
Santa Maria a Vico	MC5R-Q23	2356	3:1:3QSQ-G97N-C82H	Morti, cittadinanze 1879 Nati, pubblicazioni, matrimoni, morti, cittadinanze 1800-1893 Nati 1894
Santa Maria a Vico	MC5R-Q23	2357	3:1:3QS7-L97N-C8GK	Morti, cittadinanze 1879 Nati, pubblicazioni, matrimoni, morti, cittadinanze 1800-1893 Nati 1894
Santa Maria a Vico	MC5R-Q23	2358	3:1:3QSQ-G97N-C8JK	Morti, cittadinanze 1879 Nati, pubblicazioni, matrimoni, morti, cittadinanze 1800-1893 Nati 1894
Santa Maria a Vico	MC5R-Q23	2359	3:1:3QS7-897N-C8NX	Morti, cittadinanze 1879 Nati, pubblicazioni, matrimoni, morti, cittadinanze 1800-1893 Nati 1894
Santa Maria a Vico	MC5R-Q23	2360	3:1:3QS7-L97N-C82X	Morti, cittadinanze 1879 Nati, pubblicazioni, matrimoni, morti, cittadinanze 1800-1893 Nati 1894
Santa Maria a Vico	MC5R-Q23	2361	3:1:3QS7-897N-C8NJ	Morti, cittadinanze 1879 Nati, pubblicazioni, matrimoni, morti, cittadinanze 1800-1893 Nati 1894
Santa Maria a Vico	MC5R-Q23	2362	3:1:3QSQ-G97N-C8KZ	Morti, cittadinanze 1879 Nati, pubblicazioni, matrimoni, morti, cittadinanze 1800-1893 Nati 1894
Santa Maria a Vico	MC5R-Q23	2363	3:1:3QS7-997N-C8CP	Morti, cittadinanze 1879 Nati, pubblicazioni, matrimoni, morti, cittadinanze 1800-1893 Nati 1894
Santa Maria a Vico	MC5R-Q23	2364	3:1:3QS7-L97N-C8G4	Morti, cittadinanze 1879 Nati, pubblicazioni, matrimoni, morti, cittadinanze 1800-1893 Nati 1894
Santa Maria a Vico	MC5R-Q23	2365	3:1:3QS7-L97N-C8J1	Morti, cittadinanze 1879 Nati, pubblicazioni, matrimoni, morti, cittadinanze 1800-1893 Nati 1894
Santa Maria a Vico	MC5R-Q23	2366	3:1:3QS7-997N-C86M	Morti, cittadinanze 1879 Nati, pubblicazioni, matrimoni, morti, cittadinanze 1800-1893 Nati 1894
Santa Maria a Vico	MC5R-Q23	2367	3:1:3QS7-897N-C8XR	Morti, cittadinanze 1879 Nati, pubblicazioni, matrimoni, morti, cittadinanze 1800-1893 Nati 1894
Santa Maria a Vico	MC5R-Q23	2368	3:1:3QS7-L97N-C82Y	Morti, cittadinanze 1879 Nati, pubblicazioni, matrimoni, morti, cittadinanze 1800-1893 Nati 1894
Santa Maria a Vico	MC5R-Q23	2369	3:1:3QS7-897N-C8FG	Morti, cittadinanze 1879 Nati, pubblicazioni, matrimoni, morti, cittadinanze 1800-1893 Nati 1894
Santa Maria a Vico	MC5R-Q23	2370	3:1:3QSQ-G97N-C8J9	Morti, cittadinanze 1879 Nati, pubblicazioni, matrimoni, morti, cittadinanze 1800-1893 Nati 1894
Santa Maria a Vico	MC5R-Q23	2371	3:1:3QSQ-G97N-C8NN	Morti, cittadinanze 1879 Nati, pubblicazioni, matrimoni, morti, cittadinanze 1800-1893 Nati 1894
Santa Maria a Vico	MC5R-Q23	2372	3:1:3QS7-897N-C8XF	Morti, cittadinanze 1879 Nati, pubblicazioni, matrimoni, morti, cittadinanze 1800-1893 Nati 1894
Santa Maria a Vico	MC5R-Q23	2373	3:1:3QS7-997N-C86S	Morti, cittadinanze 1879 Nati, pubblicazioni, matrimoni, morti, cittadinanze 1800-1893 Nati 1894
Santa Maria a Vico	MC5R-Q23	2374	3:1:3QS7-L97N-C8V6	Morti, cittadinanze 1879 Nati, pubblicazioni, matrimoni, morti, cittadinanze 1800-1893 Nati 1894
Santa Maria a Vico	MC5R-Q23	2375	3:1:3QS7-L97N-C8NJ	Morti, cittadinanze 1879 Nati, pubblicazioni, matrimoni, morti, cittadinanze 1800-1893 Nati 1894
Santa Maria a Vico	MC5R-Q23	2376	3:1:3QS7-L97N-C8KT	Morti, cittadinanze 1879 Nati, pubblicazioni, matrimoni, morti, cittadinanze 1800-1893 Nati 1894
Santa Maria a Vico	MC5R-Q23	2377	3:1:3QS7-L97N-C8V5	Morti, cittadinanze 1879 Nati, pubblicazioni, matrimoni, morti, cittadinanze 1800-1893 Nati 1894
Santa Maria a Vico	MC5R-Q23	2378	3:1:3QS7-L97N-C8F5	Morti, cittadinanze 1879 Nati, pubblicazioni, matrimoni, morti, cittadinanze 1800-1893 Nati 1894
Santa Maria a Vico	MC5R-Q23	2379	3:1:3QS7-L97N-C82W	Morti, cittadinanze 1879 Nati, pubblicazioni, matrimoni, morti, cittadinanze 1800-1893 Nati 1894
Santa Maria a Vico	MC5R-Q23	2380	3:1:3QS7-897N-C8FH	Morti, cittadinanze 1879 Nati, pubblicazioni, matrimoni, morti, cittadinanze 1800-1893 Nati 1894
Santa Maria a Vico	MC5R-Q23	2381	3:1:3QS7-997N-C887	Morti, cittadinanze 1879 Nati, pubblicazioni, matrimoni, morti, cittadinanze 1800-1893 Nati 1894
Santa Maria a Vico	MC5R-Q23	2382	3:1:3QS7-997N-C888	Morti, cittadinanze 1879 Nati, pubblicazioni, matrimoni, morti, cittadinanze 1800-1893 Nati 1894
Santa Maria a Vico	MC5R-Q23	2383	3:1:3QS7-L97N-C8JM	Morti, cittadinanze 1879 Nati, pubblicazioni, matrimoni, morti, cittadinanze 1800-1893 Nati 1894
Santa Maria a Vico	MC5R-Q23	2384	3:1:3QS7-997N-C8ZQ	Morti, cittadinanze 1879 Nati, pubblicazioni, matrimoni, morti, cittadinanze 1800-1893 Nati 1894
Santa Maria a Vico	MC5R-Q23	2385	3:1:3QS7-L97N-C8VZ	Morti, cittadinanze 1879 Nati, pubblicazioni, matrimoni, morti, cittadinanze 1800-1893 Nati 1894
Santa Maria a Vico	MC5R-Q23	2386	3:1:3QS7-L97N-C8KW	Morti, cittadinanze 1879 Nati, pubblicazioni, matrimoni, morti, cittadinanze 1800-1893 Nati 1894
Santa Maria a Vico	MC5R-Q23	2387	3:1:3QS7-L97N-C8N7	Morti, cittadinanze 1879 Nati, pubblicazioni, matrimoni, morti, cittadinanze 1800-1893 Nati 1894
Santa Maria a Vico	MC5R-Q23	2388	3:1:3QSQ-G97N-C8XS	Morti, cittadinanze 1879 Nati, pubblicazioni, matrimoni, morti, cittadinanze 1800-1893 Nati 1894
Santa Maria a Vico	MC5R-Q23	2389	3:1:3QS7-L97N-C8J6	Morti, cittadinanze 1879 Nati, pubblicazioni, matrimoni, morti, cittadinanze 1800-1893 Nati 1894
Santa Maria a Vico	MC5R-Q23	2390	3:1:3QS7-L97N-C8F7	Morti, cittadinanze 1879 Nati, pubblicazioni, matrimoni, morti, cittadinanze 1800-1893 Nati 1894
Santa Maria a Vico	MC5R-Q23	2391	3:1:3QS7-897N-C88J	Morti, cittadinanze 1879 Nati, pubblicazioni, matrimoni, morti, cittadinanze 1800-1893 Nati 1894
Santa Maria a Vico	MC5R-Q23	2392	3:1:3QS7-997N-C8HF	Morti, cittadinanze 1879 Nati, pubblicazioni, matrimoni, morti, cittadinanze 1800-1893 Nati 1894
Santa Maria a Vico	MC5R-Q23	2393	3:1:3QS7-897N-C8ZK	Morti, cittadinanze 1879 Nati, pubblicazioni, matrimoni, morti, cittadinanze 1800-1893 Nati 1894
Santa Maria a Vico	MC5R-Q23	2394	3:1:3QS7-L97N-C8NW	Morti, cittadinanze 1879 Nati, pubblicazioni, matrimoni, morti, cittadinanze 1800-1893 Nati 1894
Santa Maria a Vico	MC5R-Q23	2395	3:1:3QS7-997N-C8Z2	Morti, cittadinanze 1879 Nati, pubblicazioni, matrimoni, morti, cittadinanze 1800-1893 Nati 1894
Santa Maria a Vico	MC5R-Q23	2396	3:1:3QS7-L97N-C8FJ	Morti, cittadinanze 1879 Nati, pubblicazioni, matrimoni, morti, cittadinanze 1800-1893 Nati 1894
Santa Maria a Vico	MC5R-Q23	2397	3:1:3QS7-997N-C844	Morti, cittadinanze 1879 Nati, pubblicazioni, matrimoni, morti, cittadinanze 1800-1893 Nati 1894
Santa Maria a Vico	MC5R-Q23	2398	3:1:3QSQ-G97N-C8N7	Morti, cittadinanze 1879 Nati, pubblicazioni, matrimoni, morti, cittadinanze 1800-1893 Nati 1894
Santa Maria a Vico	MC5R-Q23	2399	3:1:3QS7-897N-C8D3	Morti, cittadinanze 1879 Nati, pubblicazioni, matrimoni, morti, cittadinanze 1800-1893 Nati 1894
Santa Maria a Vico	MC5R-Q23	2400	3:1:3QS7-L97N-C864	Morti, cittadinanze 1879 Nati, pubblicazioni, matrimoni, morti, cittadinanze 1800-1893 Nati 1894
Santa Maria a Vico	MC5R-Q23	2401	3:1:3QS7-897N-C8DW	Morti, cittadinanze 1879 Nati, pubblicazioni, matrimoni, morti, cittadinanze 1800-1893 Nati 1894
Santa Maria a Vico	MC5R-Q23	2402	3:1:3QS7-997N-C84G	Morti, cittadinanze 1879 Nati, pubblicazioni, matrimoni, morti, cittadinanze 1800-1893 Nati 1894
Santa Maria a Vico	MC5R-Q23	2403	3:1:3QS7-897N-C8Z1	Morti, cittadinanze 1879 Nati, pubblicazioni, matrimoni, morti, cittadinanze 1800-1893 Nati 1894
Santa Maria a Vico	MC5R-Q23	2404	3:1:3QS7-L97N-C88Z	Morti, cittadinanze 1879 Nati, pubblicazioni, matrimoni, morti, cittadinanze 1800-1893 Nati 1894
Santa Maria a Vico	MC5R-Q23	2405	3:1:3QS7-L97N-C866	Morti, cittadinanze 1879 Nati, pubblicazioni, matrimoni, morti, cittadinanze 1800-1893 Nati 1894
Santa Maria a Vico	MC5R-Q23	2406	3:1:3QS7-997N-C84X	Morti, cittadinanze 1879 Nati, pubblicazioni, matrimoni, morti, cittadinanze 1800-1893 Nati 1894
Santa Maria a Vico	MC5R-Q23	2407	3:1:3QSQ-G97N-C86S	Morti, cittadinanze 1879 Nati, pubblicazioni, matrimoni, morti, cittadinanze 1800-1893 Nati 1894
Santa Maria a Vico	MC5R-Q23	2408	3:1:3QS7-997N-C8ZX	Morti, cittadinanze 1879 Nati, pubblicazioni, matrimoni, morti, cittadinanze 1800-1893 Nati 1894
Santa Maria a Vico	MC5R-Q23	2409	3:1:3QSQ-G97N-C8D7	Morti, cittadinanze 1879 Nati, pubblicazioni, matrimoni, morti, cittadinanze 1800-1893 Nati 1894
Santa Maria a Vico	MC5R-Q23	2410	3:1:3QS7-L97N-C86S	Morti, cittadinanze 1879 Nati, pubblicazioni, matrimoni, morti, cittadinanze 1800-1893 Nati 1894
Santa Maria a Vico	MC5R-Q23	2411	3:1:3QS7-997N-C87D	Morti, cittadinanze 1879 Nati, pubblicazioni, matrimoni, morti, cittadinanze 1800-1893 Nati 1894
Santa Maria a Vico	MC5R-Q23	2412	3:1:3QS7-897N-C88L	Morti, cittadinanze 1879 Nati, pubblicazioni, matrimoni, morti, cittadinanze 1800-1893 Nati 1894
Santa Maria a Vico	MC5R-Q23	2413	3:1:3QSQ-G97N-C88X	Morti, cittadinanze 1879 Nati, pubblicazioni, matrimoni, morti, cittadinanze 1800-1893 Nati 1894
Santa Maria a Vico	MC5R-Q23	2414	3:1:3QS7-897N-C88W	Morti, cittadinanze 1879 Nati, pubblicazioni, matrimoni, morti, cittadinanze 1800-1893 Nati 1894
Santa Maria a Vico	MC5R-Q23	2415	3:1:3QS7-L97N-C8D3	Morti, cittadinanze 1879 Nati, pubblicazioni, matrimoni, morti, cittadinanze 1800-1893 Nati 1894
Santa Maria a Vico	MC5R-Q23	2416	3:1:3QS7-L97N-C8ZF	Morti, cittadinanze 1879 Nati, pubblicazioni, matrimoni, morti, cittadinanze 1800-1893 Nati 1894
Santa Maria a Vico	MC5R-Q23	2417	3:1:3QS7-L97N-C8ZS	Morti, cittadinanze 1879 Nati, pubblicazioni, matrimoni, morti, cittadinanze 1800-1893 Nati 1894
Santa Maria a Vico	MC5R-Q23	2418	3:1:3QS7-897N-C8Z7	Morti, cittadinanze 1879 Nati, pubblicazioni, matrimoni, morti, cittadinanze 1800-1893 Nati 1894
Santa Maria a Vico	MC5R-Q23	2419	3:1:3QS7-L97N-C8XP	Morti, cittadinanze 1879 Nati, pubblicazioni, matrimoni, morti, cittadinanze 1800-1893 Nati 1894
Santa Maria a Vico	MC5R-Q23	2420	3:1:3QSQ-G97N-C88T	Morti, cittadinanze 1879 Nati, pubblicazioni, matrimoni, morti, cittadinanze 1800-1893 Nati 1894
Santa Maria a Vico	MC5R-Q23	2421	3:1:3QSQ-G97N-C8DX	Morti, cittadinanze 1879 Nati, pubblicazioni, matrimoni, morti, cittadinanze 1800-1893 Nati 1894
Santa Maria a Vico	MC5R-Q23	2422	3:1:3QS7-897N-C8ZY	Morti, cittadinanze 1879 Nati, pubblicazioni, matrimoni, morti, cittadinanze 1800-1893 Nati 1894
Santa Maria a Vico	MC5R-Q23	2423	3:1:3QS7-L97N-C86R	Morti, cittadinanze 1879 Nati, pubblicazioni, matrimoni, morti, cittadinanze 1800-1893 Nati 1894
Santa Maria a Vico	MC5R-Q23	2424	3:1:3QS7-L97N-C8Z4	Morti, cittadinanze 1879 Nati, pubblicazioni, matrimoni, morti, cittadinanze 1800-1893 Nati 1894
Santa Maria a Vico	MC5R-Q23	2425	3:1:3QS7-997N-C8WD	Morti, cittadinanze 1879 Nati, pubblicazioni, matrimoni, morti, cittadinanze 1800-1893 Nati 1894
Santa Maria a Vico	MC5R-Q23	2426	3:1:3QS7-997N-C8WR	Morti, cittadinanze 1879 Nati, pubblicazioni, matrimoni, morti, cittadinanze 1800-1893 Nati 1894
Santa Maria a Vico	MC5R-Q23	2427	3:1:3QS7-997N-C8WS	Morti, cittadinanze 1879 Nati, pubblicazioni, matrimoni, morti, cittadinanze 1800-1893 Nati 1894
Santa Maria a Vico	MC5R-Q23	2428	3:1:3QS7-L97N-C8ZX	Morti, cittadinanze 1879 Nati, pubblicazioni, matrimoni, morti, cittadinanze 1800-1893 Nati 1894
Santa Maria a Vico	MC5R-Q23	2429	3:1:3QS7-897N-C8W1	Morti, cittadinanze 1879 Nati, pubblicazioni, matrimoni, morti, cittadinanze 1800-1893 Nati 1894
Santa Maria a Vico	MC5R-Q23	2430	3:1:3QS7-997N-C8QK	Morti, cittadinanze 1879 Nati, pubblicazioni, matrimoni, morti, cittadinanze 1800-1893 Nati 1894
Santa Maria a Vico	MC5R-Q23	2431	3:1:3QS7-897N-C848	Morti, cittadinanze 1879 Nati, pubblicazioni, matrimoni, morti, cittadinanze 1800-1893 Nati 1894
Santa Maria a Vico	MC5R-Q23	2432	3:1:3QS7-L97N-C886	Morti, cittadinanze 1879 Nati, pubblicazioni, matrimoni, morti, cittadinanze 1800-1893 Nati 1894
Santa Maria a Vico	MC5R-Q23	2433	3:1:3QSQ-G97N-C8ZL	Morti, cittadinanze 1879 Nati, pubblicazioni, matrimoni, morti, cittadinanze 1800-1893 Nati 1894
Santa Maria a Vico	MC5R-Q23	2434	3:1:3QSQ-G97N-C84X	Morti, cittadinanze 1879 Nati, pubblicazioni, matrimoni, morti, cittadinanze 1800-1893 Nati 1894
Santa Maria a Vico	MC5R-Q23	2435	3:1:3QS7-897N-C8WQ	Morti, cittadinanze 1879 Nati, pubblicazioni, matrimoni, morti, cittadinanze 1800-1893 Nati 1894
Santa Maria a Vico	MC5R-Q23	2436	3:1:3QS7-997N-C8S8	Morti, cittadinanze 1879 Nati, pubblicazioni, matrimoni, morti, cittadinanze 1800-1893 Nati 1894
Santa Maria a Vico	MC5R-Q23	2437	3:1:3QS7-L97N-C8HY	Morti, cittadinanze 1879 Nati, pubblicazioni, matrimoni, morti, cittadinanze 1800-1893 Nati 1894
Santa Maria a Vico	MC5R-Q23	2438	3:1:3QS7-897N-C87X	Morti, cittadinanze 1879 Nati, pubblicazioni, matrimoni, morti, cittadinanze 1800-1893 Nati 1894
Santa Maria a Vico	MC5R-Q23	2439	3:1:3QSQ-G97N-C8ZC	Morti, cittadinanze 1879 Nati, pubblicazioni, matrimoni, morti, cittadinanze 1800-1893 Nati 1894
Santa Maria a Vico	MC5R-Q23	2440	3:1:3QS7-997N-C891	Morti, cittadinanze 1879 Nati, pubblicazioni, matrimoni, morti, cittadinanze 1800-1893 Nati 1894
Santa Maria a Vico	MC5R-Q23	2441	3:1:3QS7-897N-C83N	Morti, cittadinanze 1879 Nati, pubblicazioni, matrimoni, morti, cittadinanze 1800-1893 Nati 1894
Santa Maria a Vico	MC5R-Q23	2442	3:1:3QS7-L97N-C8C1	Morti, cittadinanze 1879 Nati, pubblicazioni, matrimoni, morti, cittadinanze 1800-1893 Nati 1894
Santa Maria a Vico	MC5R-Q23	2443	3:1:3QS7-897N-C839	Morti, cittadinanze 1879 Nati, pubblicazioni, matrimoni, morti, cittadinanze 1800-1893 Nati 1894
Santa Maria a Vico	MC5R-Q23	2444	3:1:3QS7-L97N-C8CN	Morti, cittadinanze 1879 Nati, pubblicazioni, matrimoni, morti, cittadinanze 1800-1893 Nati 1894
Santa Maria a Vico	MC5R-Q23	2445	3:1:3QSQ-G97N-C8H1	Morti, cittadinanze 1879 Nati, pubblicazioni, matrimoni, morti, cittadinanze 1800-1893 Nati 1894
Santa Maria a Vico	MC5R-Q23	2446	3:1:3QS7-L97N-C8ZC	Morti, cittadinanze 1879 Nati, pubblicazioni, matrimoni, morti, cittadinanze 1800-1893 Nati 1894
Santa Maria a Vico	MC5R-Q23	2447	3:1:3QS7-897N-C84R	Morti, cittadinanze 1879 Nati, pubblicazioni, matrimoni, morti, cittadinanze 1800-1893 Nati 1894
Santa Maria a Vico	MC5R-Q23	2448	3:1:3QS7-L97N-C8HL	Morti, cittadinanze 1879 Nati, pubblicazioni, matrimoni, morti, cittadinanze 1800-1893 Nati 1894
Santa Maria a Vico	MC5R-Q23	2449	3:1:3QS7-897N-C842	Morti, cittadinanze 1879 Nati, pubblicazioni, matrimoni, morti, cittadinanze 1800-1893 Nati 1894
Santa Maria a Vico	MC5R-Q23	2450	3:1:3QSQ-G97N-C8W5	Morti, cittadinanze 1879 Nati, pubblicazioni, matrimoni, morti, cittadinanze 1800-1893 Nati 1894
Santa Maria a Vico	MC5R-Q23	2451	3:1:3QS7-L97N-C8WG	Morti, cittadinanze 1879 Nati, pubblicazioni, matrimoni, morti, cittadinanze 1800-1893 Nati 1894
Santa Maria a Vico	MC5R-Q23	2452	3:1:3QSQ-G97N-C8CD	Morti, cittadinanze 1879 Nati, pubblicazioni, matrimoni, morti, cittadinanze 1800-1893 Nati 1894
Santa Maria a Vico	MC5R-Q23	2453	3:1:3QS7-897N-C8CH	Morti, cittadinanze 1879 Nati, pubblicazioni, matrimoni, morti, cittadinanze 1800-1893 Nati 1894
Santa Maria a Vico	MC5R-Q23	2454	3:1:3QS7-L97N-C84T	Morti, cittadinanze 1879 Nati, pubblicazioni, matrimoni, morti, cittadinanze 1800-1893 Nati 1894
Santa Maria a Vico	MC5R-Q23	2455	3:1:3QS7-997N-C895	Morti, cittadinanze 1879 Nati, pubblicazioni, matrimoni, morti, cittadinanze 1800-1893 Nati 1894
Santa Maria a Vico	MC5R-Q23	2456	3:1:3QSQ-G97N-C845	Morti, cittadinanze 1879 Nati, pubblicazioni, matrimoni, morti, cittadinanze 1800-1893 Nati 1894
Santa Maria a Vico	MC5R-Q23	2457	3:1:3QS7-997N-C8SN	Morti, cittadinanze 1879 Nati, pubblicazioni, matrimoni, morti, cittadinanze 1800-1893 Nati 1894
Santa Maria a Vico	MC5R-Q23	2458	3:1:3QS7-L97N-C8CX	Morti, cittadinanze 1879 Nati, pubblicazioni, matrimoni, morti, cittadinanze 1800-1893 Nati 1894
Santa Maria a Vico	MC5R-Q23	2459	3:1:3QS7-897N-C83S	Morti, cittadinanze 1879 Nati, pubblicazioni, matrimoni, morti, cittadinanze 1800-1893 Nati 1894
Santa Maria a Vico	MC5R-Q23	2460	3:1:3QS7-L97N-C874	Morti, cittadinanze 1879 Nati, pubblicazioni, matrimoni, morti, cittadinanze 1800-1893 Nati 1894
Santa Maria a Vico	MC5R-Q23	2461	3:1:3QSQ-G97N-C84R	Morti, cittadinanze 1879 Nati, pubblicazioni, matrimoni, morti, cittadinanze 1800-1893 Nati 1894
Santa Maria a Vico	MC5R-Q23	2462	3:1:3QS7-897N-C8QR	Morti, cittadinanze 1879 Nati, pubblicazioni, matrimoni, morti, cittadinanze 1800-1893 Nati 1894
Santa Maria a Vico	MC5R-Q23	2463	3:1:3QSQ-G97N-C8QG	Morti, cittadinanze 1879 Nati, pubblicazioni, matrimoni, morti, cittadinanze 1800-1893 Nati 1894
Santa Maria a Vico	MC5R-Q23	2464	3:1:3QS7-L97N-C8W2	Morti, cittadinanze 1879 Nati, pubblicazioni, matrimoni, morti, cittadinanze 1800-1893 Nati 1894
Santa Maria a Vico	MC5R-Q23	2465	3:1:3QS7-L97N-C836	Morti, cittadinanze 1879 Nati, pubblicazioni, matrimoni, morti, cittadinanze 1800-1893 Nati 1894
Santa Maria a Vico	MC5R-Q23	2466	3:1:3QS7-L97N-C8Q1	Morti, cittadinanze 1879 Nati, pubblicazioni, matrimoni, morti, cittadinanze 1800-1893 Nati 1894
Santa Maria a Vico	MC5R-Q23	2467	3:1:3QSQ-G97N-C84B	Morti, cittadinanze 1879 Nati, pubblicazioni, matrimoni, morti, cittadinanze 1800-1893 Nati 1894
Santa Maria a Vico	MC5R-Q23	2468	3:1:3QS7-897N-C89B	Morti, cittadinanze 1879 Nati, pubblicazioni, matrimoni, morti, cittadinanze 1800-1893 Nati 1894
Santa Maria a Vico	MC5R-Q23	2469	3:1:3QSQ-G97N-C83G	Morti, cittadinanze 1879 Nati, pubblicazioni, matrimoni, morti, cittadinanze 1800-1893 Nati 1894
Santa Maria a Vico	MC5R-Q23	2470	3:1:3QS7-997N-CZYW	Morti, cittadinanze 1879 Nati, pubblicazioni, matrimoni, morti, cittadinanze 1800-1893 Nati 1894
Santa Maria a Vico	MC5R-Q23	2471	3:1:3QS7-997N-CZ55	Morti, cittadinanze 1879 Nati, pubblicazioni, matrimoni, morti, cittadinanze 1800-1893 Nati 1894
Santa Maria a Vico	MC5R-Q23	2472	3:1:3QS7-997N-C8MY	Morti, cittadinanze 1879 Nati, pubblicazioni, matrimoni, morti, cittadinanze 1800-1893 Nati 1894
Santa Maria a Vico	MC5R-Q23	2473	3:1:3QS7-997N-C8SY	Morti, cittadinanze 1879 Nati, pubblicazioni, matrimoni, morti, cittadinanze 1800-1893 Nati 1894
Santa Maria a Vico	MC5R-Q23	2474	3:1:3QSQ-G97N-C8HX	Morti, cittadinanze 1879 Nati, pubblicazioni, matrimoni, morti, cittadinanze 1800-1893 Nati 1894
Santa Maria a Vico	MC5R-Q23	2475	3:1:3QS7-L97N-C8SZ	Morti, cittadinanze 1879 Nati, pubblicazioni, matrimoni, morti, cittadinanze 1800-1893 Nati 1894
Santa Maria a Vico	MC5R-Q23	2476	3:1:3QS7-L97N-C87K	Morti, cittadinanze 1879 Nati, pubblicazioni, matrimoni, morti, cittadinanze 1800-1893 Nati 1894
Santa Maria a Vico	MC5R-Q23	2477	3:1:3QSQ-G97N-C83N	Morti, cittadinanze 1879 Nati, pubblicazioni, matrimoni, morti, cittadinanze 1800-1893 Nati 1894
Santa Maria a Vico	MC5R-Q23	2478	3:1:3QS7-997N-CZBN	Morti, cittadinanze 1879 Nati, pubblicazioni, matrimoni, morti, cittadinanze 1800-1893 Nati 1894
Santa Maria a Vico	MC5R-Q23	2479	3:1:3QSQ-G97N-C873	Morti, cittadinanze 1879 Nati, pubblicazioni, matrimoni, morti, cittadinanze 1800-1893 Nati 1894
Santa Maria a Vico	MC5R-Q23	2480	3:1:3QS7-L97N-C894	Morti, cittadinanze 1879 Nati, pubblicazioni, matrimoni, morti, cittadinanze 1800-1893 Nati 1894
Santa Maria a Vico	MC5R-Q23	2481	3:1:3QSQ-G97N-C8Q6	Morti, cittadinanze 1879 Nati, pubblicazioni, matrimoni, morti, cittadinanze 1800-1893 Nati 1894
Santa Maria a Vico	MC5R-Q23	2482	3:1:3QSQ-G97N-CZ1F	Morti, cittadinanze 1879 Nati, pubblicazioni, matrimoni, morti, cittadinanze 1800-1893 Nati 1894
Santa Maria a Vico	MC5R-Q23	2483	3:1:3QS7-L97N-C8MP	Morti, cittadinanze 1879 Nati, pubblicazioni, matrimoni, morti, cittadinanze 1800-1893 Nati 1894
Santa Maria a Vico	MC5R-Q23	2484	3:1:3QS7-997N-CZRC	Morti, cittadinanze 1879 Nati, pubblicazioni, matrimoni, morti, cittadinanze 1800-1893 Nati 1894
Santa Maria a Vico	MC5R-Q23	2485	3:1:3QS7-897N-C83J	Morti, cittadinanze 1879 Nati, pubblicazioni, matrimoni, morti, cittadinanze 1800-1893 Nati 1894
Santa Maria a Vico	MC5R-Q23	2486	3:1:3QS7-L97N-C872	Morti, cittadinanze 1879 Nati, pubblicazioni, matrimoni, morti, cittadinanze 1800-1893 Nati 1894
Santa Maria a Vico	MC5R-Q23	2487	3:1:3QSQ-G97N-C87X	Morti, cittadinanze 1879 Nati, pubblicazioni, matrimoni, morti, cittadinanze 1800-1893 Nati 1894
Santa Maria a Vico	MC5R-Q23	2488	3:1:3QS7-L97N-C8QB	Morti, cittadinanze 1879 Nati, pubblicazioni, matrimoni, morti, cittadinanze 1800-1893 Nati 1894
Santa Maria a Vico	MC5R-Q23	2489	3:1:3QS7-897N-C8S8	Morti, cittadinanze 1879 Nati, pubblicazioni, matrimoni, morti, cittadinanze 1800-1893 Nati 1894
Santa Maria a Vico	MC5R-Q23	2490	3:1:3QS7-897N-C89L	Morti, cittadinanze 1879 Nati, pubblicazioni, matrimoni, morti, cittadinanze 1800-1893 Nati 1894
Santa Maria a Vico	MC5R-Q23	2491	3:1:3QS7-897N-C8SW	Morti, cittadinanze 1879 Nati, pubblicazioni, matrimoni, morti, cittadinanze 1800-1893 Nati 1894
Santa Maria a Vico	MC5R-Q23	2492	3:1:3QS7-897N-C8QJ	Morti, cittadinanze 1879 Nati, pubblicazioni, matrimoni, morti, cittadinanze 1800-1893 Nati 1894
Santa Maria a Vico	MC5R-Q23	2493	3:1:3QS7-897N-C89J	Morti, cittadinanze 1879 Nati, pubblicazioni, matrimoni, morti, cittadinanze 1800-1893 Nati 1894
Santa Maria a Vico	MC5R-Q23	2494	3:1:3QS7-997N-CZRF	Morti, cittadinanze 1879 Nati, pubblicazioni, matrimoni, morti, cittadinanze 1800-1893 Nati 1894
Santa Maria a Vico	MC5R-Q23	2495	3:1:3QS7-L97N-CZ1F	Morti, cittadinanze 1879 Nati, pubblicazioni, matrimoni, morti, cittadinanze 1800-1893 Nati 1894
Santa Maria a Vico	MC5R-Q23	2496	3:1:3QS7-L97N-C8QR	Morti, cittadinanze 1879 Nati, pubblicazioni, matrimoni, morti, cittadinanze 1800-1893 Nati 1894
Santa Maria a Vico	MC5R-Q23	2497	3:1:3QS7-L97N-CZ1Y	Morti, cittadinanze 1879 Nati, pubblicazioni, matrimoni, morti, cittadinanze 1800-1893 Nati 1894
Santa Maria a Vico	MC5R-Q23	2498	3:1:3QS7-897N-C83D	Morti, cittadinanze 1879 Nati, pubblicazioni, matrimoni, morti, cittadinanze 1800-1893 Nati 1894
Santa Maria a Vico	MC5R-Q23	2499	3:1:3QS7-897N-CZ19	Morti, cittadinanze 1879 Nati, pubblicazioni, matrimoni, morti, cittadinanze 1800-1893 Nati 1894
Santa Maria a Vico	MC5R-Q23	2500	3:1:3QS7-L97N-C8MG	Morti, cittadinanze 1879 Nati, pubblicazioni, matrimoni, morti, cittadinanze 1800-1893 Nati 1894
Santa Maria a Vico	MC5R-Q23	2501	3:1:3QS7-L97N-CZ1C	Morti, cittadinanze 1879 Nati, pubblicazioni, matrimoni, morti, cittadinanze 1800-1893 Nati 1894
Santa Maria a Vico	MC5R-Q23	2502	3:1:3QS7-L97N-C89T	Morti, cittadinanze 1879 Nati, pubblicazioni, matrimoni, morti, cittadinanze 1800-1893 Nati 1894
Santa Maria a Vico	MC5R-Q23	2503	3:1:3QSQ-G97N-C8MF	Morti, cittadinanze 1879 Nati, pubblicazioni, matrimoni, morti, cittadinanze 1800-1893 Nati 1894
Santa Maria a Vico	MC5R-Q23	2504	3:1:3QSQ-G97N-C8Q4	Morti, cittadinanze 1879 Nati, pubblicazioni, matrimoni, morti, cittadinanze 1800-1893 Nati 1894
Santa Maria a Vico	MC5R-Q23	2505	3:1:3QSQ-G97N-C87V	Morti, cittadinanze 1879 Nati, pubblicazioni, matrimoni, morti, cittadinanze 1800-1893 Nati 1894
Santa Maria a Vico	MC5R-Q23	2506	3:1:3QS7-L97N-CZBJ	Morti, cittadinanze 1879 Nati, pubblicazioni, matrimoni, morti, cittadinanze 1800-1893 Nati 1894
Santa Maria a Vico	MC5R-Q23	2507	3:1:3QS7-897N-CZYM	Morti, cittadinanze 1879 Nati, pubblicazioni, matrimoni, morti, cittadinanze 1800-1893 Nati 1894
Santa Maria a Vico	MC5R-Q23	2508	3:1:3QSQ-G97N-CZTB	Morti, cittadinanze 1879 Nati, pubblicazioni, matrimoni, morti, cittadinanze 1800-1893 Nati 1894
Santa Maria a Vico	MC5R-Q23	2509	3:1:3QS7-L97N-CZYY	Morti, cittadinanze 1879 Nati, pubblicazioni, matrimoni, morti, cittadinanze 1800-1893 Nati 1894
Santa Maria a Vico	MC5R-Q23	2510	3:1:3QSQ-G97N-C834	Morti, cittadinanze 1879 Nati, pubblicazioni, matrimoni, morti, cittadinanze 1800-1893 Nati 1894
Santa Maria a Vico	MC5R-Q23	2511	3:1:3QS7-L97N-C837	Morti, cittadinanze 1879 Nati, pubblicazioni, matrimoni, morti, cittadinanze 1800-1893 Nati 1894
Santa Maria a Vico	MC5R-Q23	2512	3:1:3QS7-997N-CZR3	Morti, cittadinanze 1879 Nati, pubblicazioni, matrimoni, morti, cittadinanze 1800-1893 Nati 1894
Santa Maria a Vico	MC5R-Q23	2513	3:1:3QS7-997N-CZLQ	Morti, cittadinanze 1879 Nati, pubblicazioni, matrimoni, morti, cittadinanze 1800-1893 Nati 1894
Santa Maria a Vico	MC5R-Q23	2514	3:1:3QS7-997N-CZY3	Morti, cittadinanze 1879 Nati, pubblicazioni, matrimoni, morti, cittadinanze 1800-1893 Nati 1894
Santa Maria a Vico	MC5R-Q23	2515	3:1:3QS7-L97N-C8SG	Morti, cittadinanze 1879 Nati, pubblicazioni, matrimoni, morti, cittadinanze 1800-1893 Nati 1894
Santa Maria a Vico	MC5R-Q23	2516	3:1:3QSQ-G97N-C89X	Morti, cittadinanze 1879 Nati, pubblicazioni, matrimoni, morti, cittadinanze 1800-1893 Nati 1894
Santa Maria a Vico	MC5R-Q23	2517	3:1:3QS7-897N-CZ1C	Morti, cittadinanze 1879 Nati, pubblicazioni, matrimoni, morti, cittadinanze 1800-1893 Nati 1894
Santa Maria a Vico	MC5R-Q23	2518	3:1:3QS7-L97N-C89Q	Morti, cittadinanze 1879 Nati, pubblicazioni, matrimoni, morti, cittadinanze 1800-1893 Nati 1894
Santa Maria a Vico	MC5R-Q23	2519	3:1:3QS7-L97N-C8MJ	Morti, cittadinanze 1879 Nati, pubblicazioni, matrimoni, morti, cittadinanze 1800-1893 Nati 1894
Santa Maria a Vico	MC5R-Q23	2520	3:1:3QS7-997N-CZ26	Morti, cittadinanze 1879 Nati, pubblicazioni, matrimoni, morti, cittadinanze 1800-1893 Nati 1894
Santa Maria a Vico	MC5R-Q23	2521	3:1:3QSQ-G97N-CZ13	Morti, cittadinanze 1879 Nati, pubblicazioni, matrimoni, morti, cittadinanze 1800-1893 Nati 1894
Santa Maria a Vico	MC5R-Q23	2522	3:1:3QSQ-G97N-CZTQ	Morti, cittadinanze 1879 Nati, pubblicazioni, matrimoni, morti, cittadinanze 1800-1893 Nati 1894
Santa Maria a Vico	MC5R-Q23	2523	3:1:3QS7-L97N-C8MS	Morti, cittadinanze 1879 Nati, pubblicazioni, matrimoni, morti, cittadinanze 1800-1893 Nati 1894
Santa Maria a Vico	MC5R-Q23	2524	3:1:3QS7-897N-CZTS	Morti, cittadinanze 1879 Nati, pubblicazioni, matrimoni, morti, cittadinanze 1800-1893 Nati 1894
Santa Maria a Vico	MC5R-Q23	2525	3:1:3QS7-997N-CZJ2	Morti, cittadinanze 1879 Nati, pubblicazioni, matrimoni, morti, cittadinanze 1800-1893 Nati 1894
Santa Maria a Vico	MC5R-Q23	2526	3:1:3QS7-897N-CZ17	Morti, cittadinanze 1879 Nati, pubblicazioni, matrimoni, morti, cittadinanze 1800-1893 Nati 1894
Santa Maria a Vico	MC5R-Q23	2527	3:1:3QSQ-G97N-C8MW	Morti, cittadinanze 1879 Nati, pubblicazioni, matrimoni, morti, cittadinanze 1800-1893 Nati 1894
Santa Maria a Vico	MC5R-Q23	2528	3:1:3QS7-897N-CZBL	Morti, cittadinanze 1879 Nati, pubblicazioni, matrimoni, morti, cittadinanze 1800-1893 Nati 1894
Santa Maria a Vico	MC5R-Q23	2529	3:1:3QS7-997N-CZKH	Morti, cittadinanze 1879 Nati, pubblicazioni, matrimoni, morti, cittadinanze 1800-1893 Nati 1894
Santa Maria a Vico	MC5R-Q23	2530	3:1:3QSQ-G97N-CZYC	Morti, cittadinanze 1879 Nati, pubblicazioni, matrimoni, morti, cittadinanze 1800-1893 Nati 1894
Santa Maria a Vico	MC5R-Q23	2531	3:1:3QSQ-G97N-C89H	Morti, cittadinanze 1879 Nati, pubblicazioni, matrimoni, morti, cittadinanze 1800-1893 Nati 1894
Santa Maria a Vico	MC5R-Q23	2532	3:1:3QS7-L97N-CZT8	Morti, cittadinanze 1879 Nati, pubblicazioni, matrimoni, morti, cittadinanze 1800-1893 Nati 1894
Santa Maria a Vico	MC5R-Q23	2533	3:1:3QSQ-G97N-CZBW	Morti, cittadinanze 1879 Nati, pubblicazioni, matrimoni, morti, cittadinanze 1800-1893 Nati 1894
Santa Maria a Vico	MC5R-Q23	2534	3:1:3QS7-897N-CZY4	Morti, cittadinanze 1879 Nati, pubblicazioni, matrimoni, morti, cittadinanze 1800-1893 Nati 1894
Santa Maria a Vico	MC5R-Q23	2535	3:1:3QS7-L97N-CZ5Y	Morti, cittadinanze 1879 Nati, pubblicazioni, matrimoni, morti, cittadinanze 1800-1893 Nati 1894
Santa Maria a Vico	MC5R-Q23	2536	3:1:3QSQ-G97N-CZBQ	Morti, cittadinanze 1879 Nati, pubblicazioni, matrimoni, morti, cittadinanze 1800-1893 Nati 1894
Santa Maria a Vico	MC5R-Q23	2537	3:1:3QS7-L97N-CZ5K	Morti, cittadinanze 1879 Nati, pubblicazioni, matrimoni, morti, cittadinanze 1800-1893 Nati 1894
Santa Maria a Vico	MC5R-Q23	2538	3:1:3QS7-997N-CZLB	Morti, cittadinanze 1879 Nati, pubblicazioni, matrimoni, morti, cittadinanze 1800-1893 Nati 1894
Santa Maria a Vico	MC5R-Q23	2539	3:1:3QSQ-G97N-CZT9	Morti, cittadinanze 1879 Nati, pubblicazioni, matrimoni, morti, cittadinanze 1800-1893 Nati 1894
Santa Maria a Vico	MC5R-Q23	2540	3:1:3QSQ-G97N-CZYH	Morti, cittadinanze 1879 Nati, pubblicazioni, matrimoni, morti, cittadinanze 1800-1893 Nati 1894
Santa Maria a Vico	MC5R-Q23	2541	3:1:3QS7-L97N-CZBL	Morti, cittadinanze 1879 Nati, pubblicazioni, matrimoni, morti, cittadinanze 1800-1893 Nati 1894
Santa Maria a Vico	MC5R-Q23	2542	3:1:3QSQ-G97N-CZ56	Morti, cittadinanze 1879 Nati, pubblicazioni, matrimoni, morti, cittadinanze 1800-1893 Nati 1894
Santa Maria a Vico	MC5R-Q23	2543	3:1:3QS7-997N-CZXN	Morti, cittadinanze 1879 Nati, pubblicazioni, matrimoni, morti, cittadinanze 1800-1893 Nati 1894
Santa Maria a Vico	MC5R-Q23	2544	3:1:3QS7-L97N-CZBM	Morti, cittadinanze 1879 Nati, pubblicazioni, matrimoni, morti, cittadinanze 1800-1893 Nati 1894
Santa Maria a Vico	MC5R-Q23	2545	3:1:3QS7-997N-CZR9	Morti, cittadinanze 1879 Nati, pubblicazioni, matrimoni, morti, cittadinanze 1800-1893 Nati 1894
Santa Maria a Vico	MC5R-Q23	2546	3:1:3QS7-L97N-CZ5C	Morti, cittadinanze 1879 Nati, pubblicazioni, matrimoni, morti, cittadinanze 1800-1893 Nati 1894
Santa Maria a Vico	MC5R-Q23	2547	3:1:3QS7-997N-CZLH	Morti, cittadinanze 1879 Nati, pubblicazioni, matrimoni, morti, cittadinanze 1800-1893 Nati 1894
Santa Maria a Vico	MC5R-Q23	2548	3:1:3QS7-997N-CZL3	Morti, cittadinanze 1879 Nati, pubblicazioni, matrimoni, morti, cittadinanze 1800-1893 Nati 1894
Santa Maria a Vico	MC5R-Q23	2549	3:1:3QS7-L97N-CZYG	Morti, cittadinanze 1879 Nati, pubblicazioni, matrimoni, morti, cittadinanze 1800-1893 Nati 1894
Santa Maria a Vico	MC5R-Q23	2550	3:1:3QS7-897N-CZ52	Morti, cittadinanze 1879 Nati, pubblicazioni, matrimoni, morti, cittadinanze 1800-1893 Nati 1894
Santa Maria a Vico	MC5R-Q23	2551	3:1:3QS7-997N-CZGY	Morti, cittadinanze 1879 Nati, pubblicazioni, matrimoni, morti, cittadinanze 1800-1893 Nati 1894
Santa Maria a Vico	MC5R-Q23	2552	3:1:3QS7-997N-CZJM	Morti, cittadinanze 1879 Nati, pubblicazioni, matrimoni, morti, cittadinanze 1800-1893 Nati 1894
Santa Maria a Vico	MC5R-Q23	2553	3:1:3QS7-997N-CZ2R	Morti, cittadinanze 1879 Nati, pubblicazioni, matrimoni, morti, cittadinanze 1800-1893 Nati 1894
Santa Maria a Vico	MC5R-Q23	2554	3:1:3QS7-997N-CZJ3	Morti, cittadinanze 1879 Nati, pubblicazioni, matrimoni, morti, cittadinanze 1800-1893 Nati 1894
Santa Maria a Vico	MC5R-Q23	2555	3:1:3QSQ-G97N-CZT6	Morti, cittadinanze 1879 Nati, pubblicazioni, matrimoni, morti, cittadinanze 1800-1893 Nati 1894
Santa Maria a Vico	MC5R-Q23	2556	3:1:3QS7-L97N-CZYM	Morti, cittadinanze 1879 Nati, pubblicazioni, matrimoni, morti, cittadinanze 1800-1893 Nati 1894
Santa Maria a Vico	MC5R-Q23	2557	3:1:3QS7-L97N-CZT2	Morti, cittadinanze 1879 Nati, pubblicazioni, matrimoni, morti, cittadinanze 1800-1893 Nati 1894
Santa Maria a Vico	MC5R-Q23	2558	3:1:3QSQ-G97N-CZT4	Morti, cittadinanze 1879 Nati, pubblicazioni, matrimoni, morti, cittadinanze 1800-1893 Nati 1894
Santa Maria a Vico	MC5R-Q23	2559	3:1:3QS7-997N-CZJ5	Morti, cittadinanze 1879 Nati, pubblicazioni, matrimoni, morti, cittadinanze 1800-1893 Nati 1894
Santa Maria a Vico	MC5R-Q23	2560	3:1:3QS7-L97N-CZGM	Morti, cittadinanze 1879 Nati, pubblicazioni, matrimoni, morti, cittadinanze 1800-1893 Nati 1894
Santa Maria a Vico	MC5R-Q23	2561	3:1:3QS7-897N-CZTY	Morti, cittadinanze 1879 Nati, pubblicazioni, matrimoni, morti, cittadinanze 1800-1893 Nati 1894
Santa Maria a Vico	MC5R-Q23	2562	3:1:3QSQ-G97N-CZBV	Morti, cittadinanze 1879 Nati, pubblicazioni, matrimoni, morti, cittadinanze 1800-1893 Nati 1894
Santa Maria a Vico	MC5R-Q23	2563	3:1:3QSQ-G97N-CZ5B	Morti, cittadinanze 1879 Nati, pubblicazioni, matrimoni, morti, cittadinanze 1800-1893 Nati 1894
Santa Maria a Vico	MC5R-Q23	2564	3:1:3QS7-897N-CZTX	Morti, cittadinanze 1879 Nati, pubblicazioni, matrimoni, morti, cittadinanze 1800-1893 Nati 1894
Santa Maria a Vico	MC5R-Q23	2565	3:1:3QS7-L97N-CZKD	Morti, cittadinanze 1879 Nati, pubblicazioni, matrimoni, morti, cittadinanze 1800-1893 Nati 1894
Santa Maria a Vico	MC5R-Q23	2566	3:1:3QS7-997N-CZN2	Morti, cittadinanze 1879 Nati, pubblicazioni, matrimoni, morti, cittadinanze 1800-1893 Nati 1894
Santa Maria a Vico	MC5R-Q23	2567	3:1:3QS7-997N-CZ2K	Morti, cittadinanze 1879 Nati, pubblicazioni, matrimoni, morti, cittadinanze 1800-1893 Nati 1894
Santa Maria a Vico	MC5R-Q23	2568	3:1:3QS7-997N-CZV5	Morti, cittadinanze 1879 Nati, pubblicazioni, matrimoni, morti, cittadinanze 1800-1893 Nati 1894
Santa Maria a Vico	MC5R-Q23	2569	3:1:3QSQ-G97N-CZY8	Morti, cittadinanze 1879 Nati, pubblicazioni, matrimoni, morti, cittadinanze 1800-1893 Nati 1894
Santa Maria a Vico	MC5R-Q23	2570	3:1:3QS7-L97N-CZLP	Morti, cittadinanze 1879 Nati, pubblicazioni, matrimoni, morti, cittadinanze 1800-1893 Nati 1894
Santa Maria a Vico	MC5R-Q23	2571	3:1:3QS7-897N-CZGS	Morti, cittadinanze 1879 Nati, pubblicazioni, matrimoni, morti, cittadinanze 1800-1893 Nati 1894
Santa Maria a Vico	MC5R-Q23	2572	3:1:3QS7-L97N-CZ28	Morti, cittadinanze 1879 Nati, pubblicazioni, matrimoni, morti, cittadinanze 1800-1893 Nati 1894
Santa Maria a Vico	MC5R-Q23	2573	3:1:3QS7-L97N-CZKK	Morti, cittadinanze 1879 Nati, pubblicazioni, matrimoni, morti, cittadinanze 1800-1893 Nati 1894
Santa Maria a Vico	MC5R-Q23	2574	3:1:3QSQ-G97N-CZY5	Morti, cittadinanze 1879 Nati, pubblicazioni, matrimoni, morti, cittadinanze 1800-1893 Nati 1894
Santa Maria a Vico	MC5R-Q23	2575	3:1:3QS7-897N-CZKT	Morti, cittadinanze 1879 Nati, pubblicazioni, matrimoni, morti, cittadinanze 1800-1893 Nati 1894
Santa Maria a Vico	MC5R-Q23	2576	3:1:3QS7-L97N-CZKG	Morti, cittadinanze 1879 Nati, pubblicazioni, matrimoni, morti, cittadinanze 1800-1893 Nati 1894
Santa Maria a Vico	MC5R-Q23	2577	3:1:3QS7-L97N-CZ5W	Morti, cittadinanze 1879 Nati, pubblicazioni, matrimoni, morti, cittadinanze 1800-1893 Nati 1894
Santa Maria a Vico	MC5R-Q23	2578	3:1:3QS7-L97N-CZK2	Morti, cittadinanze 1879 Nati, pubblicazioni, matrimoni, morti, cittadinanze 1800-1893 Nati 1894
Santa Maria a Vico	MC5R-Q23	2579	3:1:3QS7-L97N-CZJ4	Morti, cittadinanze 1879 Nati, pubblicazioni, matrimoni, morti, cittadinanze 1800-1893 Nati 1894
Santa Maria a Vico	MC5R-Q23	2580	3:1:3QS7-L97N-CZR2	Morti, cittadinanze 1879 Nati, pubblicazioni, matrimoni, morti, cittadinanze 1800-1893 Nati 1894
Santa Maria a Vico	MC5R-Q23	2581	3:1:3QS7-997N-CZ8Q	Morti, cittadinanze 1879 Nati, pubblicazioni, matrimoni, morti, cittadinanze 1800-1893 Nati 1894
Santa Maria a Vico	MC5R-Q23	2582	3:1:3QSQ-G97N-CZPY	Morti, cittadinanze 1879 Nati, pubblicazioni, matrimoni, morti, cittadinanze 1800-1893 Nati 1894
Santa Maria a Vico	MC5R-Q23	2583	3:1:3QS7-997N-CZVC	Morti, cittadinanze 1879 Nati, pubblicazioni, matrimoni, morti, cittadinanze 1800-1893 Nati 1894
Santa Maria a Vico	MC5R-Q23	2584	3:1:3QSQ-G97N-CZK9	Morti, cittadinanze 1879 Nati, pubblicazioni, matrimoni, morti, cittadinanze 1800-1893 Nati 1894
Santa Maria a Vico	MC5R-Q23	2585	3:1:3QS7-L97N-CZN9	Morti, cittadinanze 1879 Nati, pubblicazioni, matrimoni, morti, cittadinanze 1800-1893 Nati 1894
Santa Maria a Vico	MC5R-Q23	2586	3:1:3QS7-L97N-CZVP	Morti, cittadinanze 1879 Nati, pubblicazioni, matrimoni, morti, cittadinanze 1800-1893 Nati 1894
Santa Maria a Vico	MC5R-Q23	2587	3:1:3QS7-897N-CZ2N	Morti, cittadinanze 1879 Nati, pubblicazioni, matrimoni, morti, cittadinanze 1800-1893 Nati 1894
Santa Maria a Vico	MC5R-Q23	2588	3:1:3QSQ-G97N-CZRQ	Morti, cittadinanze 1879 Nati, pubblicazioni, matrimoni, morti, cittadinanze 1800-1893 Nati 1894
Santa Maria a Vico	MC5R-Q23	2589	3:1:3QS7-997N-CZ8P	Morti, cittadinanze 1879 Nati, pubblicazioni, matrimoni, morti, cittadinanze 1800-1893 Nati 1894
Santa Maria a Vico	MC5R-Q23	2590	3:1:3QS7-L97N-CZJJ	Morti, cittadinanze 1879 Nati, pubblicazioni, matrimoni, morti, cittadinanze 1800-1893 Nati 1894
Santa Maria a Vico	MC5R-Q23	2591	3:1:3QS7-L97N-CZ29	Morti, cittadinanze 1879 Nati, pubblicazioni, matrimoni, morti, cittadinanze 1800-1893 Nati 1894
Santa Maria a Vico	MC5R-Q23	2592	3:1:3QSQ-G97N-CZ2S	Morti, cittadinanze 1879 Nati, pubblicazioni, matrimoni, morti, cittadinanze 1800-1893 Nati 1894
Santa Maria a Vico	MC5R-Q23	2593	3:1:3QS7-L97N-CZK7	Morti, cittadinanze 1879 Nati, pubblicazioni, matrimoni, morti, cittadinanze 1800-1893 Nati 1894
Santa Maria a Vico	MC5R-Q23	2594	3:1:3QS7-L97N-CZ5G	Morti, cittadinanze 1879 Nati, pubblicazioni, matrimoni, morti, cittadinanze 1800-1893 Nati 1894
Santa Maria a Vico	MC5R-Q23	2595	3:1:3QS7-L97N-CZPW	Morti, cittadinanze 1879 Nati, pubblicazioni, matrimoni, morti, cittadinanze 1800-1893 Nati 1894
Santa Maria a Vico	MC5R-Q23	2596	3:1:3QS7-897N-CZK6	Morti, cittadinanze 1879 Nati, pubblicazioni, matrimoni, morti, cittadinanze 1800-1893 Nati 1894
Santa Maria a Vico	MC5R-Q23	2597	3:1:3QS7-L97N-CZ2B	Morti, cittadinanze 1879 Nati, pubblicazioni, matrimoni, morti, cittadinanze 1800-1893 Nati 1894
Santa Maria a Vico	MC5R-Q23	2598	3:1:3QS7-997N-CZN7	Morti, cittadinanze 1879 Nati, pubblicazioni, matrimoni, morti, cittadinanze 1800-1893 Nati 1894
Santa Maria a Vico	MC5R-Q23	2599	3:1:3QS7-L97N-CZ2Q	Morti, cittadinanze 1879 Nati, pubblicazioni, matrimoni, morti, cittadinanze 1800-1893 Nati 1894
Santa Maria a Vico	MC5R-Q23	2600	3:1:3QS7-L97N-CZXV	Morti, cittadinanze 1879 Nati, pubblicazioni, matrimoni, morti, cittadinanze 1800-1893 Nati 1894
Santa Maria a Vico	MC5R-Q23	2601	3:1:3QS7-997N-CZN8	Morti, cittadinanze 1879 Nati, pubblicazioni, matrimoni, morti, cittadinanze 1800-1893 Nati 1894
Santa Maria a Vico	MC5R-Q23	2602	3:1:3QSQ-G97N-CZ2M	Morti, cittadinanze 1879 Nati, pubblicazioni, matrimoni, morti, cittadinanze 1800-1893 Nati 1894
Santa Maria a Vico	MC5R-Q23	2603	3:1:3QS7-L97N-CZPN	Morti, cittadinanze 1879 Nati, pubblicazioni, matrimoni, morti, cittadinanze 1800-1893 Nati 1894
Santa Maria a Vico	MC5R-Q23	2604	3:1:3QS7-997N-CZZY	Morti, cittadinanze 1879 Nati, pubblicazioni, matrimoni, morti, cittadinanze 1800-1893 Nati 1894
Santa Maria a Vico	MC5R-Q23	2605	3:1:3QS7-997N-CZNQ	Morti, cittadinanze 1879 Nati, pubblicazioni, matrimoni, morti, cittadinanze 1800-1893 Nati 1894
Santa Maria a Vico	MC5R-Q23	2606	3:1:3QS7-897N-CZPC	Morti, cittadinanze 1879 Nati, pubblicazioni, matrimoni, morti, cittadinanze 1800-1893 Nati 1894
Santa Maria a Vico	MC5R-Q23	2607	3:1:3QS7-L97N-CZVX	Morti, cittadinanze 1879 Nati, pubblicazioni, matrimoni, morti, cittadinanze 1800-1893 Nati 1894
Santa Maria a Vico	MC5R-Q23	2608	3:1:3QS7-L97N-CZG8	Morti, cittadinanze 1879 Nati, pubblicazioni, matrimoni, morti, cittadinanze 1800-1893 Nati 1894
Santa Maria a Vico	MC5R-Q23	2609	3:1:3QS7-897N-CZKZ	Morti, cittadinanze 1879 Nati, pubblicazioni, matrimoni, morti, cittadinanze 1800-1893 Nati 1894
Santa Maria a Vico	MC5R-Q23	2610	3:1:3QSQ-G97N-CZLN	Morti, cittadinanze 1879 Nati, pubblicazioni, matrimoni, morti, cittadinanze 1800-1893 Nati 1894
Santa Maria a Vico	MC5R-Q23	2611	3:1:3QS7-997N-CZDH	Morti, cittadinanze 1879 Nati, pubblicazioni, matrimoni, morti, cittadinanze 1800-1893 Nati 1894
Santa Maria a Vico	MC5R-Q23	2612	3:1:3QS7-897N-CZL6	Morti, cittadinanze 1879 Nati, pubblicazioni, matrimoni, morti, cittadinanze 1800-1893 Nati 1894
Santa Maria a Vico	MC5R-Q23	2613	3:1:3QSQ-G97N-CZ2P	Morti, cittadinanze 1879 Nati, pubblicazioni, matrimoni, morti, cittadinanze 1800-1893 Nati 1894
Santa Maria a Vico	MC5R-Q23	2614	3:1:3QSQ-G97N-CZJ5	Morti, cittadinanze 1879 Nati, pubblicazioni, matrimoni, morti, cittadinanze 1800-1893 Nati 1894
Santa Maria a Vico	MC5R-Q23	2615	3:1:3QS7-L97N-CZFP	Morti, cittadinanze 1879 Nati, pubblicazioni, matrimoni, morti, cittadinanze 1800-1893 Nati 1894
Santa Maria a Vico	MC5R-Q23	2616	3:1:3QS7-897N-CZNQ	Morti, cittadinanze 1879 Nati, pubblicazioni, matrimoni, morti, cittadinanze 1800-1893 Nati 1894
Santa Maria a Vico	MC5R-Q23	2617	3:1:3QS7-L97N-CZJS	Morti, cittadinanze 1879 Nati, pubblicazioni, matrimoni, morti, cittadinanze 1800-1893 Nati 1894
Santa Maria a Vico	MC5R-Q23	2618	3:1:3QS7-L97N-CZFN	Morti, cittadinanze 1879 Nati, pubblicazioni, matrimoni, morti, cittadinanze 1800-1893 Nati 1894
Santa Maria a Vico	MC5R-Q23	2619	3:1:3QSQ-G97N-CZNT	Morti, cittadinanze 1879 Nati, pubblicazioni, matrimoni, morti, cittadinanze 1800-1893 Nati 1894
Santa Maria a Vico	MC5R-Q23	2620	3:1:3QSQ-G97N-CZ28	Morti, cittadinanze 1879 Nati, pubblicazioni, matrimoni, morti, cittadinanze 1800-1893 Nati 1894
Santa Maria a Vico	MC5R-Q23	2621	3:1:3QSQ-G97N-CZPX	Morti, cittadinanze 1879 Nati, pubblicazioni, matrimoni, morti, cittadinanze 1800-1893 Nati 1894
Santa Maria a Vico	MC5R-Q23	2622	3:1:3QSQ-G97N-CZFN	Morti, cittadinanze 1879 Nati, pubblicazioni, matrimoni, morti, cittadinanze 1800-1893 Nati 1894
Santa Maria a Vico	MC5R-Q23	2623	3:1:3QS7-997N-CZW7	Morti, cittadinanze 1879 Nati, pubblicazioni, matrimoni, morti, cittadinanze 1800-1893 Nati 1894
Santa Maria a Vico	MC5R-Q23	2624	3:1:3QS7-997N-CZ6V	Morti, cittadinanze 1879 Nati, pubblicazioni, matrimoni, morti, cittadinanze 1800-1893 Nati 1894
Santa Maria a Vico	MC5R-Q23	2625	3:1:3QS7-897N-CZJP	Morti, cittadinanze 1879 Nati, pubblicazioni, matrimoni, morti, cittadinanze 1800-1893 Nati 1894
Santa Maria a Vico	MC5R-Q23	2626	3:1:3QS7-L97N-CZJ2	Morti, cittadinanze 1879 Nati, pubblicazioni, matrimoni, morti, cittadinanze 1800-1893 Nati 1894
Santa Maria a Vico	MC5R-Q23	2627	3:1:3QSQ-G97N-CZ2J	Morti, cittadinanze 1879 Nati, pubblicazioni, matrimoni, morti, cittadinanze 1800-1893 Nati 1894
Santa Maria a Vico	MC5R-Q23	2628	3:1:3QS7-L97N-CZFR	Morti, cittadinanze 1879 Nati, pubblicazioni, matrimoni, morti, cittadinanze 1800-1893 Nati 1894
Santa Maria a Vico	MC5R-Q23	2629	3:1:3QS7-897N-CZVG	Morti, cittadinanze 1879 Nati, pubblicazioni, matrimoni, morti, cittadinanze 1800-1893 Nati 1894
Santa Maria a Vico	MC5R-Q23	2630	3:1:3QS7-997N-CZZB	Morti, cittadinanze 1879 Nati, pubblicazioni, matrimoni, morti, cittadinanze 1800-1893 Nati 1894
Santa Maria a Vico	MC5R-Q23	2631	3:1:3QS7-897N-CZVJ	Morti, cittadinanze 1879 Nati, pubblicazioni, matrimoni, morti, cittadinanze 1800-1893 Nati 1894
Santa Maria a Vico	MC5R-Q23	2632	3:1:3QS7-L97N-CZXX	Morti, cittadinanze 1879 Nati, pubblicazioni, matrimoni, morti, cittadinanze 1800-1893 Nati 1894
Santa Maria a Vico	MC5R-Q23	2633	3:1:3QS7-L97N-CZFH	Morti, cittadinanze 1879 Nati, pubblicazioni, matrimoni, morti, cittadinanze 1800-1893 Nati 1894
Santa Maria a Vico	MC5R-Q23	2634	3:1:3QS7-L97N-CZFX	Morti, cittadinanze 1879 Nati, pubblicazioni, matrimoni, morti, cittadinanze 1800-1893 Nati 1894
Santa Maria a Vico	MC5R-Q23	2635	3:1:3QS7-997N-CZDX	Morti, cittadinanze 1879 Nati, pubblicazioni, matrimoni, morti, cittadinanze 1800-1893 Nati 1894
Santa Maria a Vico	MC5R-Q23	2636	3:1:3QSQ-G97N-CZX4	Morti, cittadinanze 1879 Nati, pubblicazioni, matrimoni, morti, cittadinanze 1800-1893 Nati 1894
Santa Maria a Vico	MC5R-Q23	2637	3:1:3QS7-997N-CZHD	Morti, cittadinanze 1879 Nati, pubblicazioni, matrimoni, morti, cittadinanze 1800-1893 Nati 1894
Santa Maria a Vico	MC5R-Q23	2638	3:1:3QS7-997N-CZ8L	Morti, cittadinanze 1879 Nati, pubblicazioni, matrimoni, morti, cittadinanze 1800-1893 Nati 1894
Santa Maria a Vico	MC5R-Q23	2639	3:1:3QS7-997N-CZ8Z	Morti, cittadinanze 1879 Nati, pubblicazioni, matrimoni, morti, cittadinanze 1800-1893 Nati 1894
Santa Maria a Vico	MC5R-Q23	2640	3:1:3QSQ-G97N-CZJM	Morti, cittadinanze 1879 Nati, pubblicazioni, matrimoni, morti, cittadinanze 1800-1893 Nati 1894
Santa Maria a Vico	MC5R-Q23	2641	3:1:3QS7-997N-CZSB	Morti, cittadinanze 1879 Nati, pubblicazioni, matrimoni, morti, cittadinanze 1800-1893 Nati 1894
Santa Maria a Vico	MC5R-Q23	2642	3:1:3QS7-897N-CZX4	Morti, cittadinanze 1879 Nati, pubblicazioni, matrimoni, morti, cittadinanze 1800-1893 Nati 1894
Santa Maria a Vico	MC5R-Q23	2643	3:1:3QSQ-G97N-CZVD	Morti, cittadinanze 1879 Nati, pubblicazioni, matrimoni, morti, cittadinanze 1800-1893 Nati 1894
Santa Maria a Vico	MC5R-Q23	2644	3:1:3QSQ-G97N-CZJ1	Morti, cittadinanze 1879 Nati, pubblicazioni, matrimoni, morti, cittadinanze 1800-1893 Nati 1894
Santa Maria a Vico	MC5R-Q23	2645	3:1:3QS7-897N-CZ8R	Morti, cittadinanze 1879 Nati, pubblicazioni, matrimoni, morti, cittadinanze 1800-1893 Nati 1894
Santa Maria a Vico	MC5R-Q23	2646	3:1:3QS7-897N-CZDH	Morti, cittadinanze 1879 Nati, pubblicazioni, matrimoni, morti, cittadinanze 1800-1893 Nati 1894
Santa Maria a Vico	MC5R-Q23	2647	3:1:3QS7-897N-CZDS	Morti, cittadinanze 1879 Nati, pubblicazioni, matrimoni, morti, cittadinanze 1800-1893 Nati 1894
Santa Maria a Vico	MC5R-Q23	2648	3:1:3QSQ-G97N-CZJ2	Morti, cittadinanze 1879 Nati, pubblicazioni, matrimoni, morti, cittadinanze 1800-1893 Nati 1894
Santa Maria a Vico	MC5R-Q23	2649	3:1:3QS7-997N-CZH1	Morti, cittadinanze 1879 Nati, pubblicazioni, matrimoni, morti, cittadinanze 1800-1893 Nati 1894
Santa Maria a Vico	MC5R-Q23	2650	3:1:3QSQ-G97N-CZNL	Morti, cittadinanze 1879 Nati, pubblicazioni, matrimoni, morti, cittadinanze 1800-1893 Nati 1894
Santa Maria a Vico	MC5R-Q23	2651	3:1:3QSQ-G97N-CZ64	Morti, cittadinanze 1879 Nati, pubblicazioni, matrimoni, morti, cittadinanze 1800-1893 Nati 1894
Santa Maria a Vico	MC5R-Q23	2652	3:1:3QSQ-G97N-CZFD	Morti, cittadinanze 1879 Nati, pubblicazioni, matrimoni, morti, cittadinanze 1800-1893 Nati 1894
Santa Maria a Vico	MC5R-Q23	2653	3:1:3QS7-997N-CZWV	Morti, cittadinanze 1879 Nati, pubblicazioni, matrimoni, morti, cittadinanze 1800-1893 Nati 1894
Santa Maria a Vico	MC5R-Q23	2654	3:1:3QS7-997N-CZWN	Morti, cittadinanze 1879 Nati, pubblicazioni, matrimoni, morti, cittadinanze 1800-1893 Nati 1894
Santa Maria a Vico	MC5R-Q23	2655	3:1:3QS7-997N-CZSD	Morti, cittadinanze 1879 Nati, pubblicazioni, matrimoni, morti, cittadinanze 1800-1893 Nati 1894
Santa Maria a Vico	MC5R-Q23	2656	3:1:3QS7-897N-CZC4	Morti, cittadinanze 1879 Nati, pubblicazioni, matrimoni, morti, cittadinanze 1800-1893 Nati 1894
Santa Maria a Vico	MC5R-Q23	2657	3:1:3QS7-L97N-CZ68	Morti, cittadinanze 1879 Nati, pubblicazioni, matrimoni, morti, cittadinanze 1800-1893 Nati 1894
Santa Maria a Vico	MC5R-Q23	2658	3:1:3QS7-L97N-CZX2	Morti, cittadinanze 1879 Nati, pubblicazioni, matrimoni, morti, cittadinanze 1800-1893 Nati 1894
Santa Maria a Vico	MC5R-Q23	2659	3:1:3QSQ-G97N-CZCT	Morti, cittadinanze 1879 Nati, pubblicazioni, matrimoni, morti, cittadinanze 1800-1893 Nati 1894
Santa Maria a Vico	MC5R-Q23	2660	3:1:3QS7-897N-CZ8F	Morti, cittadinanze 1879 Nati, pubblicazioni, matrimoni, morti, cittadinanze 1800-1893 Nati 1894
Santa Maria a Vico	MC5R-Q23	2661	3:1:3QS7-997N-CZHH	Morti, cittadinanze 1879 Nati, pubblicazioni, matrimoni, morti, cittadinanze 1800-1893 Nati 1894
Santa Maria a Vico	MC5R-Q23	2662	3:1:3QS7-L97N-CZ4T	Morti, cittadinanze 1879 Nati, pubblicazioni, matrimoni, morti, cittadinanze 1800-1893 Nati 1894
Santa Maria a Vico	MC5R-Q23	2663	3:1:3QS7-897N-CZZ5	Morti, cittadinanze 1879 Nati, pubblicazioni, matrimoni, morti, cittadinanze 1800-1893 Nati 1894
Santa Maria a Vico	MC5R-Q23	2664	3:1:3QS7-897N-CZC6	Morti, cittadinanze 1879 Nati, pubblicazioni, matrimoni, morti, cittadinanze 1800-1893 Nati 1894
Santa Maria a Vico	MC5R-Q23	2665	3:1:3QS7-L97N-CZH6	Morti, cittadinanze 1879 Nati, pubblicazioni, matrimoni, morti, cittadinanze 1800-1893 Nati 1894
Santa Maria a Vico	MC5R-Q23	2666	3:1:3QSQ-G97N-CZD6	Morti, cittadinanze 1879 Nati, pubblicazioni, matrimoni, morti, cittadinanze 1800-1893 Nati 1894
Santa Maria a Vico	MC5R-Q23	2667	3:1:3QS7-897N-CZDQ	Morti, cittadinanze 1879 Nati, pubblicazioni, matrimoni, morti, cittadinanze 1800-1893 Nati 1894
Santa Maria a Vico	MC5R-Q23	2668	3:1:3QS7-897N-CZZQ	Morti, cittadinanze 1879 Nati, pubblicazioni, matrimoni, morti, cittadinanze 1800-1893 Nati 1894
Santa Maria a Vico	MC5R-Q23	2669	3:1:3QS7-997N-CZ7R	Morti, cittadinanze 1879 Nati, pubblicazioni, matrimoni, morti, cittadinanze 1800-1893 Nati 1894
Santa Maria a Vico	MC5R-Q23	2670	3:1:3QS7-997N-CZ96	Morti, cittadinanze 1879 Nati, pubblicazioni, matrimoni, morti, cittadinanze 1800-1893 Nati 1894
Santa Maria a Vico	MC5R-Q23	2671	3:1:3QS7-997N-CZ3N	Morti, cittadinanze 1879 Nati, pubblicazioni, matrimoni, morti, cittadinanze 1800-1893 Nati 1894
Santa Maria a Vico	MC5R-Q23	2672	3:1:3QS7-997N-CZS1	Morti, cittadinanze 1879 Nati, pubblicazioni, matrimoni, morti, cittadinanze 1800-1893 Nati 1894
Santa Maria a Vico	MC5R-Q23	2673	3:1:3QS7-897N-CZH6	Morti, cittadinanze 1879 Nati, pubblicazioni, matrimoni, morti, cittadinanze 1800-1893 Nati 1894
Santa Maria a Vico	MC5R-Q23	2674	3:1:3QSQ-G97N-CZ6M	Morti, cittadinanze 1879 Nati, pubblicazioni, matrimoni, morti, cittadinanze 1800-1893 Nati 1894
Santa Maria a Vico	MC5R-Q23	2675	3:1:3QS7-997N-CZ3R	Morti, cittadinanze 1879 Nati, pubblicazioni, matrimoni, morti, cittadinanze 1800-1893 Nati 1894
Santa Maria a Vico	MC5R-Q23	2676	3:1:3QS7-L97N-CZ4W	Morti, cittadinanze 1879 Nati, pubblicazioni, matrimoni, morti, cittadinanze 1800-1893 Nati 1894
Santa Maria a Vico	MC5R-Q23	2677	3:1:3QS7-L97N-CZH5	Morti, cittadinanze 1879 Nati, pubblicazioni, matrimoni, morti, cittadinanze 1800-1893 Nati 1894
Santa Maria a Vico	MC5R-Q23	2678	3:1:3QS7-897N-CZ44	Morti, cittadinanze 1879 Nati, pubblicazioni, matrimoni, morti, cittadinanze 1800-1893 Nati 1894
Santa Maria a Vico	MC5R-Q23	2679	3:1:3QS7-997N-CZ9K	Morti, cittadinanze 1879 Nati, pubblicazioni, matrimoni, morti, cittadinanze 1800-1893 Nati 1894
Santa Maria a Vico	MC5R-Q23	2680	3:1:3QS7-997N-CZ7D	Morti, cittadinanze 1879 Nati, pubblicazioni, matrimoni, morti, cittadinanze 1800-1893 Nati 1894
Santa Maria a Vico	MC5R-Q23	2681	3:1:3QS7-897N-CZ7F	Morti, cittadinanze 1879 Nati, pubblicazioni, matrimoni, morti, cittadinanze 1800-1893 Nati 1894
Santa Maria a Vico	MC5R-Q23	2682	3:1:3QS7-897N-CZZ4	Morti, cittadinanze 1879 Nati, pubblicazioni, matrimoni, morti, cittadinanze 1800-1893 Nati 1894
Santa Maria a Vico	MC5R-Q23	2683	3:1:3QS7-997N-CC1F	Morti, cittadinanze 1879 Nati, pubblicazioni, matrimoni, morti, cittadinanze 1800-1893 Nati 1894
Santa Maria a Vico	MC5R-Q23	2684	3:1:3QS7-997N-CZSQ	Morti, cittadinanze 1879 Nati, pubblicazioni, matrimoni, morti, cittadinanze 1800-1893 Nati 1894
Santa Maria a Vico	MC5R-Q23	2685	3:1:3QS7-897N-CZ4P	Morti, cittadinanze 1879 Nati, pubblicazioni, matrimoni, morti, cittadinanze 1800-1893 Nati 1894
Santa Maria a Vico	MC5R-Q23	2686	3:1:3QSQ-G97N-CZH5	Morti, cittadinanze 1879 Nati, pubblicazioni, matrimoni, morti, cittadinanze 1800-1893 Nati 1894
Santa Maria a Vico	MC5R-Q23	2687	3:1:3QSQ-G97N-CZW1	Morti, cittadinanze 1879 Nati, pubblicazioni, matrimoni, morti, cittadinanze 1800-1893 Nati 1894
Santa Maria a Vico	MC5R-Q23	2688	3:1:3QS7-997N-CCBP	Morti, cittadinanze 1879 Nati, pubblicazioni, matrimoni, morti, cittadinanze 1800-1893 Nati 1894
Santa Maria a Vico	MC5R-Q23	2689	3:1:3QS7-997N-CCBQ	Morti, cittadinanze 1879 Nati, pubblicazioni, matrimoni, morti, cittadinanze 1800-1893 Nati 1894
Santa Maria a Vico	MC5R-Q23	2690	3:1:3QS7-897N-CZH2	Morti, cittadinanze 1879 Nati, pubblicazioni, matrimoni, morti, cittadinanze 1800-1893 Nati 1894
Santa Maria a Vico	MC5R-Q23	2691	3:1:3QS7-897N-CZ4N	Morti, cittadinanze 1879 Nati, pubblicazioni, matrimoni, morti, cittadinanze 1800-1893 Nati 1894
Santa Maria a Vico	MC5R-Q23	2692	3:1:3QSQ-G97N-CZW5	Morti, cittadinanze 1879 Nati, pubblicazioni, matrimoni, morti, cittadinanze 1800-1893 Nati 1894
Santa Maria a Vico	MC5R-Q23	2693	3:1:3QS7-897N-CZWD	Morti, cittadinanze 1879 Nati, pubblicazioni, matrimoni, morti, cittadinanze 1800-1893 Nati 1894
Santa Maria a Vico	MC5R-Q23	2694	3:1:3QSQ-G97N-CZC6	Morti, cittadinanze 1879 Nati, pubblicazioni, matrimoni, morti, cittadinanze 1800-1893 Nati 1894
Santa Maria a Vico	MC5R-Q23	2695	3:1:3QS7-L97N-CZW9	Morti, cittadinanze 1879 Nati, pubblicazioni, matrimoni, morti, cittadinanze 1800-1893 Nati 1894
Santa Maria a Vico	MC5R-Q23	2696	3:1:3QS7-897N-CZ4W	Morti, cittadinanze 1879 Nati, pubblicazioni, matrimoni, morti, cittadinanze 1800-1893 Nati 1894
Santa Maria a Vico	MC5R-Q23	2697	3:1:3QSQ-G97N-CZ45	Morti, cittadinanze 1879 Nati, pubblicazioni, matrimoni, morti, cittadinanze 1800-1893 Nati 1894
Santa Maria a Vico	MC5R-Q23	2698	3:1:3QSQ-G97N-CZ74	Morti, cittadinanze 1879 Nati, pubblicazioni, matrimoni, morti, cittadinanze 1800-1893 Nati 1894
Santa Maria a Vico	MC5R-Q23	2699	3:1:3QSQ-G97N-CZQJ	Morti, cittadinanze 1879 Nati, pubblicazioni, matrimoni, morti, cittadinanze 1800-1893 Nati 1894
Santa Maria a Vico	MC5R-Q23	2700	3:1:3QS7-L97N-CZC9	Morti, cittadinanze 1879 Nati, pubblicazioni, matrimoni, morti, cittadinanze 1800-1893 Nati 1894
Santa Maria a Vico	MC5R-Q23	2701	3:1:3QS7-L97N-CZ48	Morti, cittadinanze 1879 Nati, pubblicazioni, matrimoni, morti, cittadinanze 1800-1893 Nati 1894
Santa Maria a Vico	MC5R-Q23	2702	3:1:3QS7-897N-CZ7D	Morti, cittadinanze 1879 Nati, pubblicazioni, matrimoni, morti, cittadinanze 1800-1893 Nati 1894
Santa Maria a Vico	MC5R-Q23	2703	3:1:3QSQ-G97N-CZ8R	Morti, cittadinanze 1879 Nati, pubblicazioni, matrimoni, morti, cittadinanze 1800-1893 Nati 1894
Santa Maria a Vico	MC5R-Q23	2704	3:1:3QS7-L97N-CZWP	Morti, cittadinanze 1879 Nati, pubblicazioni, matrimoni, morti, cittadinanze 1800-1893 Nati 1894
Santa Maria a Vico	MC5R-Q23	2705	3:1:3QS7-997N-CCYH	Morti, cittadinanze 1879 Nati, pubblicazioni, matrimoni, morti, cittadinanze 1800-1893 Nati 1894
Santa Maria a Vico	MC5R-Q23	2706	3:1:3QSQ-G97N-CZZD	Morti, cittadinanze 1879 Nati, pubblicazioni, matrimoni, morti, cittadinanze 1800-1893 Nati 1894
Santa Maria a Vico	MC5R-Q23	2707	3:1:3QS7-L97N-CZWM	Morti, cittadinanze 1879 Nati, pubblicazioni, matrimoni, morti, cittadinanze 1800-1893 Nati 1894
Santa Maria a Vico	MC5R-Q23	2708	3:1:3QS7-L97N-CZZJ	Morti, cittadinanze 1879 Nati, pubblicazioni, matrimoni, morti, cittadinanze 1800-1893 Nati 1894
Santa Maria a Vico	MC5R-Q23	2709	3:1:3QS7-997N-CCBK	Morti, cittadinanze 1879 Nati, pubblicazioni, matrimoni, morti, cittadinanze 1800-1893 Nati 1894
Santa Maria a Vico	MC5R-Q23	2710	3:1:3QS7-L97N-CZ4H	Morti, cittadinanze 1879 Nati, pubblicazioni, matrimoni, morti, cittadinanze 1800-1893 Nati 1894
Santa Maria a Vico	MC5R-Q23	2711	3:1:3QS7-997N-CCB7	Morti, cittadinanze 1879 Nati, pubblicazioni, matrimoni, morti, cittadinanze 1800-1893 Nati 1894
Santa Maria a Vico	MC5R-Q23	2712	3:1:3QSQ-G97N-CZ7T	Morti, cittadinanze 1879 Nati, pubblicazioni, matrimoni, morti, cittadinanze 1800-1893 Nati 1894
Santa Maria a Vico	MC5R-Q23	2713	3:1:3QSQ-G97N-CZ7J	Morti, cittadinanze 1879 Nati, pubblicazioni, matrimoni, morti, cittadinanze 1800-1893 Nati 1894
Santa Maria a Vico	MC5R-Q23	2714	3:1:3QSQ-G97N-CZWK	Morti, cittadinanze 1879 Nati, pubblicazioni, matrimoni, morti, cittadinanze 1800-1893 Nati 1894
Santa Maria a Vico	MC5R-Q23	2715	3:1:3QS7-L97N-CZ4G	Morti, cittadinanze 1879 Nati, pubblicazioni, matrimoni, morti, cittadinanze 1800-1893 Nati 1894
Santa Maria a Vico	MC5R-Q23	2716	3:1:3QS7-997N-CCB1	Morti, cittadinanze 1879 Nati, pubblicazioni, matrimoni, morti, cittadinanze 1800-1893 Nati 1894
Santa Maria a Vico	MC5R-Q23	2717	3:1:3QS7-897N-CZ7Q	Morti, cittadinanze 1879 Nati, pubblicazioni, matrimoni, morti, cittadinanze 1800-1893 Nati 1894
Santa Maria a Vico	MC5R-Q23	2718	3:1:3QS7-897N-CZMP	Morti, cittadinanze 1879 Nati, pubblicazioni, matrimoni, morti, cittadinanze 1800-1893 Nati 1894
Santa Maria a Vico	MC5R-Q23	2719	3:1:3QS7-997N-CCTD	Morti, cittadinanze 1879 Nati, pubblicazioni, matrimoni, morti, cittadinanze 1800-1893 Nati 1894
Santa Maria a Vico	MC5R-Q23	2720	3:1:3QSQ-G97N-CZCY	Morti, cittadinanze 1879 Nati, pubblicazioni, matrimoni, morti, cittadinanze 1800-1893 Nati 1894
Santa Maria a Vico	MC5R-Q23	2721	3:1:3QSQ-G97N-CZ3S	Morti, cittadinanze 1879 Nati, pubblicazioni, matrimoni, morti, cittadinanze 1800-1893 Nati 1894
Santa Maria a Vico	MC5R-Q23	2722	3:1:3QS7-997N-CCY1	Morti, cittadinanze 1879 Nati, pubblicazioni, matrimoni, morti, cittadinanze 1800-1893 Nati 1894
Santa Maria a Vico	MC5R-Q23	2723	3:1:3QSQ-G97N-CZ3L	Morti, cittadinanze 1879 Nati, pubblicazioni, matrimoni, morti, cittadinanze 1800-1893 Nati 1894
Santa Maria a Vico	MC5R-Q23	2724	3:1:3QSQ-G97N-CZ3R	Morti, cittadinanze 1879 Nati, pubblicazioni, matrimoni, morti, cittadinanze 1800-1893 Nati 1894
Santa Maria a Vico	MC5R-Q23	2725	3:1:3QSQ-G97N-CZQ5	Morti, cittadinanze 1879 Nati, pubblicazioni, matrimoni, morti, cittadinanze 1800-1893 Nati 1894
Santa Maria a Vico	MC5R-Q23	2726	3:1:3QS7-997N-CCB3	Morti, cittadinanze 1879 Nati, pubblicazioni, matrimoni, morti, cittadinanze 1800-1893 Nati 1894
Santa Maria a Vico	MC5R-Q23	2727	3:1:3QSQ-G97N-CZQH	Morti, cittadinanze 1879 Nati, pubblicazioni, matrimoni, morti, cittadinanze 1800-1893 Nati 1894
Santa Maria a Vico	MC5R-Q23	2728	3:1:3QS7-997N-CC2W	Morti, cittadinanze 1879 Nati, pubblicazioni, matrimoni, morti, cittadinanze 1800-1893 Nati 1894
Santa Maria a Vico	MC5R-Q23	2729	3:1:3QS7-997N-CCPV	Morti, cittadinanze 1879 Nati, pubblicazioni, matrimoni, morti, cittadinanze 1800-1893 Nati 1894
Santa Maria a Vico	MC5R-Q23	2730	3:1:3QSQ-G97N-CZCD	Morti, cittadinanze 1879 Nati, pubblicazioni, matrimoni, morti, cittadinanze 1800-1893 Nati 1894
Santa Maria a Vico	MC5R-Q23	2731	3:1:3QS7-897N-CZ7L	Morti, cittadinanze 1879 Nati, pubblicazioni, matrimoni, morti, cittadinanze 1800-1893 Nati 1894
Santa Maria a Vico	MC5R-Q23	2732	3:1:3QS7-997N-CCGD	Morti, cittadinanze 1879 Nati, pubblicazioni, matrimoni, morti, cittadinanze 1800-1893 Nati 1894
Santa Maria a Vico	MC5R-Q23	2733	3:1:3QSQ-G97N-CZSS	Morti, cittadinanze 1879 Nati, pubblicazioni, matrimoni, morti, cittadinanze 1800-1893 Nati 1894
Santa Maria a Vico	MC5R-Q23	2734	3:1:3QSQ-G97N-CZ9G	Morti, cittadinanze 1879 Nati, pubblicazioni, matrimoni, morti, cittadinanze 1800-1893 Nati 1894
Santa Maria a Vico	MC5R-Q23	2735	3:1:3QS7-897N-CZ3Z	Morti, cittadinanze 1879 Nati, pubblicazioni, matrimoni, morti, cittadinanze 1800-1893 Nati 1894
Santa Maria a Vico	MC5R-Q23	2736	3:1:3QS7-997N-CCTS	Morti, cittadinanze 1879 Nati, pubblicazioni, matrimoni, morti, cittadinanze 1800-1893 Nati 1894
Santa Maria a Vico	MC5R-Q23	2737	3:1:3QS7-L97N-CZQ2	Morti, cittadinanze 1879 Nati, pubblicazioni, matrimoni, morti, cittadinanze 1800-1893 Nati 1894
Santa Maria a Vico	MC5R-Q23	2738	3:1:3QS7-997N-CCPT	Morti, cittadinanze 1879 Nati, pubblicazioni, matrimoni, morti, cittadinanze 1800-1893 Nati 1894
Santa Maria a Vico	MC5R-Q23	2739	3:1:3QSQ-G97N-CZ7L	Morti, cittadinanze 1879 Nati, pubblicazioni, matrimoni, morti, cittadinanze 1800-1893 Nati 1894
Santa Maria a Vico	MC5R-Q23	2740	3:1:3QS7-L97N-CZ3B	Morti, cittadinanze 1879 Nati, pubblicazioni, matrimoni, morti, cittadinanze 1800-1893 Nati 1894
Santa Maria a Vico	MC5R-Q23	2741	3:1:3QS7-997N-CCGB	Morti, cittadinanze 1879 Nati, pubblicazioni, matrimoni, morti, cittadinanze 1800-1893 Nati 1894
Santa Maria a Vico	MC5R-Q23	2742	3:1:3QS7-897N-CC1Z	Morti, cittadinanze 1879 Nati, pubblicazioni, matrimoni, morti, cittadinanze 1800-1893 Nati 1894
Santa Maria a Vico	MC5R-Q23	2743	3:1:3QSQ-G97N-CZ7G	Morti, cittadinanze 1879 Nati, pubblicazioni, matrimoni, morti, cittadinanze 1800-1893 Nati 1894
Santa Maria a Vico	MC5R-Q23	2744	3:1:3QS7-897N-CZM5	Morti, cittadinanze 1879 Nati, pubblicazioni, matrimoni, morti, cittadinanze 1800-1893 Nati 1894
Santa Maria a Vico	MC5R-Q23	2745	3:1:3QS7-997N-CCKJ	Morti, cittadinanze 1879 Nati, pubblicazioni, matrimoni, morti, cittadinanze 1800-1893 Nati 1894
Santa Maria a Vico	MC5R-Q23	2746	3:1:3QS7-997N-CCLV	Morti, cittadinanze 1879 Nati, pubblicazioni, matrimoni, morti, cittadinanze 1800-1893 Nati 1894
Santa Maria a Vico	MC5R-Q23	2747	3:1:3QSQ-G97N-CZ9J	Morti, cittadinanze 1879 Nati, pubblicazioni, matrimoni, morti, cittadinanze 1800-1893 Nati 1894
Santa Maria a Vico	MC5R-Q23	2748	3:1:3QS7-897N-CC1B	Morti, cittadinanze 1879 Nati, pubblicazioni, matrimoni, morti, cittadinanze 1800-1893 Nati 1894
Santa Maria a Vico	MC5R-Q23	2749	3:1:3QSQ-G97N-CCBG	Morti, cittadinanze 1879 Nati, pubblicazioni, matrimoni, morti, cittadinanze 1800-1893 Nati 1894
Santa Maria a Vico	MC5R-Q23	2750	3:1:3QS7-L97N-CZ95	Morti, cittadinanze 1879 Nati, pubblicazioni, matrimoni, morti, cittadinanze 1800-1893 Nati 1894
Santa Maria a Vico	MC5R-Q23	2751	3:1:3QSQ-G97N-CZ3T	Morti, cittadinanze 1879 Nati, pubblicazioni, matrimoni, morti, cittadinanze 1800-1893 Nati 1894
Santa Maria a Vico	MC5R-Q23	2752	3:1:3QS7-L97N-CCB7	Morti, cittadinanze 1879 Nati, pubblicazioni, matrimoni, morti, cittadinanze 1800-1893 Nati 1894
Santa Maria a Vico	MC5R-Q23	2753	3:1:3QSQ-G97N-CZ9Y	Morti, cittadinanze 1879 Nati, pubblicazioni, matrimoni, morti, cittadinanze 1800-1893 Nati 1894
Santa Maria a Vico	MC5R-Q23	2754	3:1:3QSQ-G97N-CZMD	Morti, cittadinanze 1879 Nati, pubblicazioni, matrimoni, morti, cittadinanze 1800-1893 Nati 1894
Santa Maria a Vico	MC5R-Q23	2755	3:1:3QSQ-G97N-CCYQ	Morti, cittadinanze 1879 Nati, pubblicazioni, matrimoni, morti, cittadinanze 1800-1893 Nati 1894
Santa Maria a Vico	MC5R-Q23	2756	3:1:3QS7-897N-CZ9R	Morti, cittadinanze 1879 Nati, pubblicazioni, matrimoni, morti, cittadinanze 1800-1893 Nati 1894
Santa Maria a Vico	MC5R-Q23	2757	3:1:3QS7-997N-CCP4	Morti, cittadinanze 1879 Nati, pubblicazioni, matrimoni, morti, cittadinanze 1800-1893 Nati 1894
Santa Maria a Vico	MC5R-Q23	2758	3:1:3QS7-997N-CCKF	Morti, cittadinanze 1879 Nati, pubblicazioni, matrimoni, morti, cittadinanze 1800-1893 Nati 1894
Santa Maria a Vico	MC5R-Q23	2759	3:1:3QSQ-G97N-CC11	Morti, cittadinanze 1879 Nati, pubblicazioni, matrimoni, morti, cittadinanze 1800-1893 Nati 1894
Santa Maria a Vico	MC5R-Q23	2760	3:1:3QS7-897N-CCYC	Morti, cittadinanze 1879 Nati, pubblicazioni, matrimoni, morti, cittadinanze 1800-1893 Nati 1894
Santa Maria a Vico	MC5R-Q23	2761	3:1:3QS7-L97N-CCYS	Morti, cittadinanze 1879 Nati, pubblicazioni, matrimoni, morti, cittadinanze 1800-1893 Nati 1894
Santa Maria a Vico	MC5R-Q23	2762	3:1:3QS7-L97N-CZQ6	Morti, cittadinanze 1879 Nati, pubblicazioni, matrimoni, morti, cittadinanze 1800-1893 Nati 1894
Santa Maria a Vico	MC5R-Q23	2763	3:1:3QS7-L97N-CZ3L	Morti, cittadinanze 1879 Nati, pubblicazioni, matrimoni, morti, cittadinanze 1800-1893 Nati 1894
Santa Maria a Vico	MC5R-Q23	2764	3:1:3QS7-897N-CZ9M	Morti, cittadinanze 1879 Nati, pubblicazioni, matrimoni, morti, cittadinanze 1800-1893 Nati 1894
Santa Maria a Vico	MC5R-Q23	2765	3:1:3QSQ-G97N-CC1Q	Morti, cittadinanze 1879 Nati, pubblicazioni, matrimoni, morti, cittadinanze 1800-1893 Nati 1894
Santa Maria a Vico	MC5R-Q23	2766	3:1:3QS7-897N-CCYG	Morti, cittadinanze 1879 Nati, pubblicazioni, matrimoni, morti, cittadinanze 1800-1893 Nati 1894
Santa Maria a Vico	MC5R-Q23	2767	3:1:3QSQ-G97N-CCT2	Morti, cittadinanze 1879 Nati, pubblicazioni, matrimoni, morti, cittadinanze 1800-1893 Nati 1894
Santa Maria a Vico	MC5R-Q23	2768	3:1:3QS7-L97N-CCPB	Morti, cittadinanze 1879 Nati, pubblicazioni, matrimoni, morti, cittadinanze 1800-1893 Nati 1894
Santa Maria a Vico	MC5R-Q23	2769	3:1:3QSQ-G97N-CZ91	Morti, cittadinanze 1879 Nati, pubblicazioni, matrimoni, morti, cittadinanze 1800-1893 Nati 1894
Santa Maria a Vico	MC5R-Q23	2770	3:1:3QS7-L97N-CC1V	Morti, cittadinanze 1879 Nati, pubblicazioni, matrimoni, morti, cittadinanze 1800-1893 Nati 1894
Santa Maria a Vico	MC5R-Q23	2771	3:1:3QS7-997N-CCKD	Morti, cittadinanze 1879 Nati, pubblicazioni, matrimoni, morti, cittadinanze 1800-1893 Nati 1894
Santa Maria a Vico	MC5R-Q23	2772	3:1:3QS7-997N-CCV9	Morti, cittadinanze 1879 Nati, pubblicazioni, matrimoni, morti, cittadinanze 1800-1893 Nati 1894
Santa Maria a Vico	MC5R-Q23	2773	3:1:3QSQ-G97N-CC1X	Morti, cittadinanze 1879 Nati, pubblicazioni, matrimoni, morti, cittadinanze 1800-1893 Nati 1894
Santa Maria a Vico	MC5R-Q23	2774	3:1:3QS7-L97N-CCY7	Morti, cittadinanze 1879 Nati, pubblicazioni, matrimoni, morti, cittadinanze 1800-1893 Nati 1894
Santa Maria a Vico	MC5R-Q23	2775	3:1:3QSQ-G97N-CCYH	Morti, cittadinanze 1879 Nati, pubblicazioni, matrimoni, morti, cittadinanze 1800-1893 Nati 1894
Santa Maria a Vico	MC5R-Q23	2776	3:1:3QS7-L97N-CCBK	Morti, cittadinanze 1879 Nati, pubblicazioni, matrimoni, morti, cittadinanze 1800-1893 Nati 1894
Santa Maria a Vico	MC5R-Q23	2777	3:1:3QS7-897N-CZ9Y	Morti, cittadinanze 1879 Nati, pubblicazioni, matrimoni, morti, cittadinanze 1800-1893 Nati 1894
Santa Maria a Vico	MC5R-Q23	2778	3:1:3QS7-L97N-CCB8	Morti, cittadinanze 1879 Nati, pubblicazioni, matrimoni, morti, cittadinanze 1800-1893 Nati 1894
Santa Maria a Vico	MC5R-Q23	2779	3:1:3QSQ-G97N-CCYW	Morti, cittadinanze 1879 Nati, pubblicazioni, matrimoni, morti, cittadinanze 1800-1893 Nati 1894
Santa Maria a Vico	MC5R-Q23	2780	3:1:3QS7-897N-CCBS	Morti, cittadinanze 1879 Nati, pubblicazioni, matrimoni, morti, cittadinanze 1800-1893 Nati 1894
Santa Maria a Vico	MC5R-Q23	2781	3:1:3QS7-L97N-CCTC	Morti, cittadinanze 1879 Nati, pubblicazioni, matrimoni, morti, cittadinanze 1800-1893 Nati 1894
Santa Maria a Vico	MC5R-Q23	2782	3:1:3QSQ-G97N-CCR7	Morti, cittadinanze 1879 Nati, pubblicazioni, matrimoni, morti, cittadinanze 1800-1893 Nati 1894
Santa Maria a Vico	MC5R-Q23	2783	3:1:3QS7-L97N-CZMT	Morti, cittadinanze 1879 Nati, pubblicazioni, matrimoni, morti, cittadinanze 1800-1893 Nati 1894
Santa Maria a Vico	MC5R-Q23	2784	3:1:3QSQ-G97N-CCYV	Morti, cittadinanze 1879 Nati, pubblicazioni, matrimoni, morti, cittadinanze 1800-1893 Nati 1894
Santa Maria a Vico	MC5R-Q23	2785	3:1:3QSQ-G97N-CCR8	Morti, cittadinanze 1879 Nati, pubblicazioni, matrimoni, morti, cittadinanze 1800-1893 Nati 1894
Santa Maria a Vico	MC5R-Q23	2786	3:1:3QSQ-G97N-CCYC	Morti, cittadinanze 1879 Nati, pubblicazioni, matrimoni, morti, cittadinanze 1800-1893 Nati 1894
Santa Maria a Vico	MC5R-Q23	2787	3:1:3QSQ-G97N-CC55	Morti, cittadinanze 1879 Nati, pubblicazioni, matrimoni, morti, cittadinanze 1800-1893 Nati 1894
Santa Maria a Vico	MC5R-Q23	2788	3:1:3QS7-997N-CCV5	Morti, cittadinanze 1879 Nati, pubblicazioni, matrimoni, morti, cittadinanze 1800-1893 Nati 1894
Santa Maria a Vico	MC5R-Q23	2789	3:1:3QSQ-G97N-CC5K	Morti, cittadinanze 1879 Nati, pubblicazioni, matrimoni, morti, cittadinanze 1800-1893 Nati 1894
Santa Maria a Vico	MC5R-Q23	2790	3:1:3QS7-L97N-CCY8	Morti, cittadinanze 1879 Nati, pubblicazioni, matrimoni, morti, cittadinanze 1800-1893 Nati 1894
Santa Maria a Vico	MC5R-Q23	2791	3:1:3QSQ-G97N-CCRX	Morti, cittadinanze 1879 Nati, pubblicazioni, matrimoni, morti, cittadinanze 1800-1893 Nati 1894
Santa Maria a Vico	MC5R-Q23	2792	3:1:3QS7-997N-CCJS	Morti, cittadinanze 1879 Nati, pubblicazioni, matrimoni, morti, cittadinanze 1800-1893 Nati 1894
Santa Maria a Vico	MC5R-Q23	2793	3:1:3QS7-997N-CCF4	Morti, cittadinanze 1879 Nati, pubblicazioni, matrimoni, morti, cittadinanze 1800-1893 Nati 1894
Santa Maria a Vico	MC5R-Q23	2794	3:1:3QSQ-G97N-CCRF	Morti, cittadinanze 1879 Nati, pubblicazioni, matrimoni, morti, cittadinanze 1800-1893 Nati 1894
Santa Maria a Vico	MC5R-Q23	2795	3:1:3QS7-897N-CCTY	Morti, cittadinanze 1879 Nati, pubblicazioni, matrimoni, morti, cittadinanze 1800-1893 Nati 1894
Santa Maria a Vico	MC5R-Q23	2796	3:1:3QS7-997N-CCXZ	Morti, cittadinanze 1879 Nati, pubblicazioni, matrimoni, morti, cittadinanze 1800-1893 Nati 1894
Santa Maria a Vico	MC5R-Q23	2797	3:1:3QS7-L97N-CCYY	Morti, cittadinanze 1879 Nati, pubblicazioni, matrimoni, morti, cittadinanze 1800-1893 Nati 1894
Santa Maria a Vico	MC5R-Q23	2798	3:1:3QS7-897N-CC5Z	Morti, cittadinanze 1879 Nati, pubblicazioni, matrimoni, morti, cittadinanze 1800-1893 Nati 1894
Santa Maria a Vico	MC5R-Q23	2799	3:1:3QS7-L97N-CCB2	Morti, cittadinanze 1879 Nati, pubblicazioni, matrimoni, morti, cittadinanze 1800-1893 Nati 1894
Santa Maria a Vico	MC5R-Q23	2800	3:1:3QS7-L97N-CC5T	Morti, cittadinanze 1879 Nati, pubblicazioni, matrimoni, morti, cittadinanze 1800-1893 Nati 1894
Santa Maria a Vico	MC5R-Q23	2801	3:1:3QSQ-G97N-CCPL	Morti, cittadinanze 1879 Nati, pubblicazioni, matrimoni, morti, cittadinanze 1800-1893 Nati 1894
Santa Maria a Vico	MC5R-Q23	2802	3:1:3QS7-897N-CCR8	Morti, cittadinanze 1879 Nati, pubblicazioni, matrimoni, morti, cittadinanze 1800-1893 Nati 1894
Santa Maria a Vico	MC5R-Q23	2803	3:1:3QS7-L97N-CCTM	Morti, cittadinanze 1879 Nati, pubblicazioni, matrimoni, morti, cittadinanze 1800-1893 Nati 1894
Santa Maria a Vico	MC5R-Q23	2804	3:1:3QS7-997N-CCJB	Morti, cittadinanze 1879 Nati, pubblicazioni, matrimoni, morti, cittadinanze 1800-1893 Nati 1894
Santa Maria a Vico	MC5R-Q23	2805	3:1:3QSQ-G97N-CCY6	Morti, cittadinanze 1879 Nati, pubblicazioni, matrimoni, morti, cittadinanze 1800-1893 Nati 1894
Santa Maria a Vico	MC5R-Q23	2806	3:1:3QSQ-G97N-CCPP	Morti, cittadinanze 1879 Nati, pubblicazioni, matrimoni, morti, cittadinanze 1800-1893 Nati 1894
Santa Maria a Vico	MC5R-Q23	2807	3:1:3QS7-L97N-CCR6	Morti, cittadinanze 1879 Nati, pubblicazioni, matrimoni, morti, cittadinanze 1800-1893 Nati 1894
Santa Maria a Vico	MC5R-Q23	2808	3:1:3QS7-897N-CC5B	Morti, cittadinanze 1879 Nati, pubblicazioni, matrimoni, morti, cittadinanze 1800-1893 Nati 1894
Santa Maria a Vico	MC5R-Q23	2809	3:1:3QS7-L97N-CCPP	Morti, cittadinanze 1879 Nati, pubblicazioni, matrimoni, morti, cittadinanze 1800-1893 Nati 1894
Santa Maria a Vico	MC5R-Q23	2810	3:1:3QS7-897N-CC56	Morti, cittadinanze 1879 Nati, pubblicazioni, matrimoni, morti, cittadinanze 1800-1893 Nati 1894
Santa Maria a Vico	MC5R-Q23	2811	3:1:3QS7-897N-CC2S	Morti, cittadinanze 1879 Nati, pubblicazioni, matrimoni, morti, cittadinanze 1800-1893 Nati 1894
Santa Maria a Vico	MC5R-Q23	2812	3:1:3QSQ-G97N-CC5Z	Morti, cittadinanze 1879 Nati, pubblicazioni, matrimoni, morti, cittadinanze 1800-1893 Nati 1894
Santa Maria a Vico	MC5R-Q23	2813	3:1:3QS7-997N-CC8V	Morti, cittadinanze 1879 Nati, pubblicazioni, matrimoni, morti, cittadinanze 1800-1893 Nati 1894
Santa Maria a Vico	MC5R-Q23	2814	3:1:3QS7-897N-CC5K	Morti, cittadinanze 1879 Nati, pubblicazioni, matrimoni, morti, cittadinanze 1800-1893 Nati 1894
Santa Maria a Vico	MC5R-Q23	2815	3:1:3QS7-997N-CC64	Morti, cittadinanze 1879 Nati, pubblicazioni, matrimoni, morti, cittadinanze 1800-1893 Nati 1894
Santa Maria a Vico	MC5R-Q23	2816	3:1:3QS7-L97N-CC5H	Morti, cittadinanze 1879 Nati, pubblicazioni, matrimoni, morti, cittadinanze 1800-1893 Nati 1894
Santa Maria a Vico	MC5R-Q23	2817	3:1:3QS7-997N-CCFZ	Morti, cittadinanze 1879 Nati, pubblicazioni, matrimoni, morti, cittadinanze 1800-1893 Nati 1894
Santa Maria a Vico	MC5R-Q23	2818	3:1:3QSQ-G97N-CCRB	Morti, cittadinanze 1879 Nati, pubblicazioni, matrimoni, morti, cittadinanze 1800-1893 Nati 1894
Santa Maria a Vico	MC5R-Q23	2819	3:1:3QS7-997N-CC63	Morti, cittadinanze 1879 Nati, pubblicazioni, matrimoni, morti, cittadinanze 1800-1893 Nati 1894
Santa Maria a Vico	MC5R-Q23	2820	3:1:3QS7-L97N-CCG5	Morti, cittadinanze 1879 Nati, pubblicazioni, matrimoni, morti, cittadinanze 1800-1893 Nati 1894
Santa Maria a Vico	MC5R-Q23	2821	3:1:3QS7-997N-CC6D	Morti, cittadinanze 1879 Nati, pubblicazioni, matrimoni, morti, cittadinanze 1800-1893 Nati 1894
Santa Maria a Vico	MC5R-Q23	2822	3:1:3QS7-997N-CC6S	Morti, cittadinanze 1879 Nati, pubblicazioni, matrimoni, morti, cittadinanze 1800-1893 Nati 1894
Santa Maria a Vico	MC5R-Q23	2823	3:1:3QS7-897N-CCP4	Morti, cittadinanze 1879 Nati, pubblicazioni, matrimoni, morti, cittadinanze 1800-1893 Nati 1894
Santa Maria a Vico	MC5R-Q23	2824	3:1:3QS7-997N-CCZL	Morti, cittadinanze 1879 Nati, pubblicazioni, matrimoni, morti, cittadinanze 1800-1893 Nati 1894
Santa Maria a Vico	MC5R-Q23	2825	3:1:3QS7-897N-CC5L	Morti, cittadinanze 1879 Nati, pubblicazioni, matrimoni, morti, cittadinanze 1800-1893 Nati 1894
Santa Maria a Vico	MC5R-Q23	2826	3:1:3QS7-997N-CCCP	Morti, cittadinanze 1879 Nati, pubblicazioni, matrimoni, morti, cittadinanze 1800-1893 Nati 1894
Santa Maria a Vico	MC5R-Q23	2827	3:1:3QS7-L97N-CC5J	Morti, cittadinanze 1879 Nati, pubblicazioni, matrimoni, morti, cittadinanze 1800-1893 Nati 1894
Santa Maria a Vico	MC5R-Q23	2828	3:1:3QS7-897N-CCKG	Morti, cittadinanze 1879 Nati, pubblicazioni, matrimoni, morti, cittadinanze 1800-1893 Nati 1894
Santa Maria a Vico	MC5R-Q23	2829	3:1:3QS7-997N-CCZV	Morti, cittadinanze 1879 Nati, pubblicazioni, matrimoni, morti, cittadinanze 1800-1893 Nati 1894
Santa Maria a Vico	MC5R-Q23	2830	3:1:3QSQ-G97N-CC5Y	Morti, cittadinanze 1879 Nati, pubblicazioni, matrimoni, morti, cittadinanze 1800-1893 Nati 1894
Santa Maria a Vico	MC5R-Q23	2831	3:1:3QS7-897N-CCRV	Morti, cittadinanze 1879 Nati, pubblicazioni, matrimoni, morti, cittadinanze 1800-1893 Nati 1894
Santa Maria a Vico	MC5R-Q23	2832	3:1:3QS7-897N-CCG8	Morti, cittadinanze 1879 Nati, pubblicazioni, matrimoni, morti, cittadinanze 1800-1893 Nati 1894
Santa Maria a Vico	MC5R-Q23	2833	3:1:3QS7-L97N-CCKQ	Morti, cittadinanze 1879 Nati, pubblicazioni, matrimoni, morti, cittadinanze 1800-1893 Nati 1894
Santa Maria a Vico	MC5R-Q23	2834	3:1:3QSQ-G97N-CC25	Morti, cittadinanze 1879 Nati, pubblicazioni, matrimoni, morti, cittadinanze 1800-1893 Nati 1894
Santa Maria a Vico	MC5R-Q23	2835	3:1:3QSQ-G97N-CCGV	Morti, cittadinanze 1879 Nati, pubblicazioni, matrimoni, morti, cittadinanze 1800-1893 Nati 1894
Santa Maria a Vico	MC5R-Q23	2836	3:1:3QSQ-G97N-CC21	Morti, cittadinanze 1879 Nati, pubblicazioni, matrimoni, morti, cittadinanze 1800-1893 Nati 1894
Santa Maria a Vico	MC5R-Q23	2837	3:1:3QS7-897N-CCRQ	Morti, cittadinanze 1879 Nati, pubblicazioni, matrimoni, morti, cittadinanze 1800-1893 Nati 1894
Santa Maria a Vico	MC5R-Q23	2838	3:1:3QS7-897N-CC54	Morti, cittadinanze 1879 Nati, pubblicazioni, matrimoni, morti, cittadinanze 1800-1893 Nati 1894
Santa Maria a Vico	MC5R-Q23	2839	3:1:3QS7-897N-CC2L	Morti, cittadinanze 1879 Nati, pubblicazioni, matrimoni, morti, cittadinanze 1800-1893 Nati 1894
Santa Maria a Vico	MC5R-Q23	2840	3:1:3QS7-997N-CCCJ	Morti, cittadinanze 1879 Nati, pubblicazioni, matrimoni, morti, cittadinanze 1800-1893 Nati 1894
Santa Maria a Vico	MC5R-Q23	2841	3:1:3QSQ-G97N-CCPX	Morti, cittadinanze 1879 Nati, pubblicazioni, matrimoni, morti, cittadinanze 1800-1893 Nati 1894
Santa Maria a Vico	MC5R-Q23	2842	3:1:3QS7-L97N-CCVW	Morti, cittadinanze 1879 Nati, pubblicazioni, matrimoni, morti, cittadinanze 1800-1893 Nati 1894
Santa Maria a Vico	MC5R-Q23	2843	3:1:3QS7-897N-CCGZ	Morti, cittadinanze 1879 Nati, pubblicazioni, matrimoni, morti, cittadinanze 1800-1893 Nati 1894
Santa Maria a Vico	MC5R-Q23	2844	3:1:3QSQ-G97N-CCLD	Morti, cittadinanze 1879 Nati, pubblicazioni, matrimoni, morti, cittadinanze 1800-1893 Nati 1894
Santa Maria a Vico	MC5R-Q23	2845	3:1:3QS7-897N-CCVZ	Morti, cittadinanze 1879 Nati, pubblicazioni, matrimoni, morti, cittadinanze 1800-1893 Nati 1894
Santa Maria a Vico	MC5R-Q23	2846	3:1:3QS7-897N-CCJ8	Morti, cittadinanze 1879 Nati, pubblicazioni, matrimoni, morti, cittadinanze 1800-1893 Nati 1894
Santa Maria a Vico	MC5R-Q23	2847	3:1:3QS7-997N-CCC2	Morti, cittadinanze 1879 Nati, pubblicazioni, matrimoni, morti, cittadinanze 1800-1893 Nati 1894
Santa Maria a Vico	MC5R-Q23	2848	3:1:3QSQ-G97N-CCLH	Morti, cittadinanze 1879 Nati, pubblicazioni, matrimoni, morti, cittadinanze 1800-1893 Nati 1894
Santa Maria a Vico	MC5R-Q23	2849	3:1:3QS7-997N-CCHQ	Morti, cittadinanze 1879 Nati, pubblicazioni, matrimoni, morti, cittadinanze 1800-1893 Nati 1894
Santa Maria a Vico	MC5R-Q23	2850	3:1:3QSQ-G97N-CCL4	Morti, cittadinanze 1879 Nati, pubblicazioni, matrimoni, morti, cittadinanze 1800-1893 Nati 1894
Santa Maria a Vico	MC5R-Q23	2851	3:1:3QS7-997N-CCH6	Morti, cittadinanze 1879 Nati, pubblicazioni, matrimoni, morti, cittadinanze 1800-1893 Nati 1894
Santa Maria a Vico	MC5R-Q23	2852	3:1:3QS7-L97N-CCKR	Morti, cittadinanze 1879 Nati, pubblicazioni, matrimoni, morti, cittadinanze 1800-1893 Nati 1894
Santa Maria a Vico	MC5R-Q23	2853	3:1:3QSQ-G97N-CCV1	Morti, cittadinanze 1879 Nati, pubblicazioni, matrimoni, morti, cittadinanze 1800-1893 Nati 1894
Santa Maria a Vico	MC5R-Q23	2854	3:1:3QS7-997N-CCZ6	Morti, cittadinanze 1879 Nati, pubblicazioni, matrimoni, morti, cittadinanze 1800-1893 Nati 1894
Santa Maria a Vico	MC5R-Q23	2855	3:1:3QS7-897N-CCV4	Morti, cittadinanze 1879 Nati, pubblicazioni, matrimoni, morti, cittadinanze 1800-1893 Nati 1894
Santa Maria a Vico	MC5R-Q23	2856	3:1:3QS7-L97N-CCK5	Morti, cittadinanze 1879 Nati, pubblicazioni, matrimoni, morti, cittadinanze 1800-1893 Nati 1894
Santa Maria a Vico	MC5R-Q23	2857	3:1:3QSQ-G97N-CCV7	Morti, cittadinanze 1879 Nati, pubblicazioni, matrimoni, morti, cittadinanze 1800-1893 Nati 1894
Santa Maria a Vico	MC5R-Q23	2858	3:1:3QSQ-G97N-CCVZ	Morti, cittadinanze 1879 Nati, pubblicazioni, matrimoni, morti, cittadinanze 1800-1893 Nati 1894
Santa Maria a Vico	MC5R-Q23	2859	3:1:3QS7-997N-CC72	Morti, cittadinanze 1879 Nati, pubblicazioni, matrimoni, morti, cittadinanze 1800-1893 Nati 1894
Santa Maria a Vico	MC5R-Q23	2860	3:1:3QSQ-G97N-CCK7	Morti, cittadinanze 1879 Nati, pubblicazioni, matrimoni, morti, cittadinanze 1800-1893 Nati 1894
Santa Maria a Vico	MC5R-Q23	2861	3:1:3QS7-897N-CCVG	Morti, cittadinanze 1879 Nati, pubblicazioni, matrimoni, morti, cittadinanze 1800-1893 Nati 1894
Santa Maria a Vico	MC5R-Q23	2862	3:1:3QS7-897N-CCJG	Morti, cittadinanze 1879 Nati, pubblicazioni, matrimoni, morti, cittadinanze 1800-1893 Nati 1894
Santa Maria a Vico	MC5R-Q23	2863	3:1:3QS7-997N-CC44	Morti, cittadinanze 1879 Nati, pubblicazioni, matrimoni, morti, cittadinanze 1800-1893 Nati 1894
Santa Maria a Vico	MC5R-Q23	2864	3:1:3QSQ-G97N-CCNF	Morti, cittadinanze 1879 Nati, pubblicazioni, matrimoni, morti, cittadinanze 1800-1893 Nati 1894
Santa Maria a Vico	MC5R-Q23	2865	3:1:3QS7-997N-CCDQ	Morti, cittadinanze 1879 Nati, pubblicazioni, matrimoni, morti, cittadinanze 1800-1893 Nati 1894
Santa Maria a Vico	MC5R-Q23	2866	3:1:3QS7-997N-CCWN	Morti, cittadinanze 1879 Nati, pubblicazioni, matrimoni, morti, cittadinanze 1800-1893 Nati 1894
Santa Maria a Vico	MC5R-Q23	2867	3:1:3QS7-997N-CCH5	Morti, cittadinanze 1879 Nati, pubblicazioni, matrimoni, morti, cittadinanze 1800-1893 Nati 1894
Santa Maria a Vico	MC5R-Q23	2868	3:1:3QS7-897N-CCNG	Morti, cittadinanze 1879 Nati, pubblicazioni, matrimoni, morti, cittadinanze 1800-1893 Nati 1894
Santa Maria a Vico	MC5R-Q23	2869	3:1:3QS7-L97N-CCV5	Morti, cittadinanze 1879 Nati, pubblicazioni, matrimoni, morti, cittadinanze 1800-1893 Nati 1894
Santa Maria a Vico	MC5R-Q23	2870	3:1:3QS7-997N-CCW6	Morti, cittadinanze 1879 Nati, pubblicazioni, matrimoni, morti, cittadinanze 1800-1893 Nati 1894
Santa Maria a Vico	MC5R-Q23	2871	3:1:3QS7-L97N-CCKD	Morti, cittadinanze 1879 Nati, pubblicazioni, matrimoni, morti, cittadinanze 1800-1893 Nati 1894
Santa Maria a Vico	MC5R-Q23	2872	3:1:3QS7-L97N-CCK3	Morti, cittadinanze 1879 Nati, pubblicazioni, matrimoni, morti, cittadinanze 1800-1893 Nati 1894
Santa Maria a Vico	MC5R-Q23	2873	3:1:3QS7-897N-CCJS	Morti, cittadinanze 1879 Nati, pubblicazioni, matrimoni, morti, cittadinanze 1800-1893 Nati 1894
Santa Maria a Vico	MC5R-Q23	2874	3:1:3QS7-897N-CCJ2	Morti, cittadinanze 1879 Nati, pubblicazioni, matrimoni, morti, cittadinanze 1800-1893 Nati 1894
Santa Maria a Vico	MC5R-Q23	2875	3:1:3QS7-L97N-CCXH	Morti, cittadinanze 1879 Nati, pubblicazioni, matrimoni, morti, cittadinanze 1800-1893 Nati 1894
Santa Maria a Vico	MC5R-Q23	2876	3:1:3QS7-L97N-CCJ1	Morti, cittadinanze 1879 Nati, pubblicazioni, matrimoni, morti, cittadinanze 1800-1893 Nati 1894
Santa Maria a Vico	MC5R-Q23	2877	3:1:3QS7-L97N-CCJ2	Morti, cittadinanze 1879 Nati, pubblicazioni, matrimoni, morti, cittadinanze 1800-1893 Nati 1894
Santa Maria a Vico	MC5R-Q23	2878	3:1:3QS7-897N-CCN3	Morti, cittadinanze 1879 Nati, pubblicazioni, matrimoni, morti, cittadinanze 1800-1893 Nati 1894
Santa Maria a Vico	MC5R-Q23	2879	3:1:3QS7-L97N-CCN1	Morti, cittadinanze 1879 Nati, pubblicazioni, matrimoni, morti, cittadinanze 1800-1893 Nati 1894
Santa Maria a Vico	MC5R-Q23	2880	3:1:3QSQ-G97N-CCV6	Morti, cittadinanze 1879 Nati, pubblicazioni, matrimoni, morti, cittadinanze 1800-1893 Nati 1894
Santa Maria a Vico	MC5R-Q23	2881	3:1:3QSQ-G97N-CCF9	Morti, cittadinanze 1879 Nati, pubblicazioni, matrimoni, morti, cittadinanze 1800-1893 Nati 1894
Santa Maria a Vico	MC5R-Q23	2882	3:1:3QSQ-G97N-CCJ3	Morti, cittadinanze 1879 Nati, pubblicazioni, matrimoni, morti, cittadinanze 1800-1893 Nati 1894
Santa Maria a Vico	MC5R-Q23	2883	3:1:3QS7-997N-CCQK	Morti, cittadinanze 1879 Nati, pubblicazioni, matrimoni, morti, cittadinanze 1800-1893 Nati 1894
Santa Maria a Vico	MC5R-Q23	2884	3:1:3QSQ-G97N-CCJ4	Morti, cittadinanze 1879 Nati, pubblicazioni, matrimoni, morti, cittadinanze 1800-1893 Nati 1894
Santa Maria a Vico	MC5R-Q23	2885	3:1:3QS7-897N-CCFZ	Morti, cittadinanze 1879 Nati, pubblicazioni, matrimoni, morti, cittadinanze 1800-1893 Nati 1894
Santa Maria a Vico	MC5R-Q23	2886	3:1:3QS7-L97N-CCJZ	Morti, cittadinanze 1879 Nati, pubblicazioni, matrimoni, morti, cittadinanze 1800-1893 Nati 1894
Santa Maria a Vico	MC5R-Q23	2887	3:1:3QSQ-G97N-CCXT	Morti, cittadinanze 1879 Nati, pubblicazioni, matrimoni, morti, cittadinanze 1800-1893 Nati 1894
Santa Maria a Vico	MC5R-Q23	2888	3:1:3QS7-997N-CC7C	Morti, cittadinanze 1879 Nati, pubblicazioni, matrimoni, morti, cittadinanze 1800-1893 Nati 1894
Santa Maria a Vico	MC5R-Q23	2889	3:1:3QS7-997N-CC7P	Morti, cittadinanze 1879 Nati, pubblicazioni, matrimoni, morti, cittadinanze 1800-1893 Nati 1894
Santa Maria a Vico	MC5R-Q23	2890	3:1:3QS7-897N-CC8S	Morti, cittadinanze 1879 Nati, pubblicazioni, matrimoni, morti, cittadinanze 1800-1893 Nati 1894
Santa Maria a Vico	MC5R-Q23	2891	3:1:3QS7-897N-CCXC	Morti, cittadinanze 1879 Nati, pubblicazioni, matrimoni, morti, cittadinanze 1800-1893 Nati 1894
Santa Maria a Vico	MC5R-Q23	2892	3:1:3QS7-L97N-CC6G	Morti, cittadinanze 1879 Nati, pubblicazioni, matrimoni, morti, cittadinanze 1800-1893 Nati 1894
Santa Maria a Vico	MC5R-Q23	2893	3:1:3QS7-L97N-CC69	Morti, cittadinanze 1879 Nati, pubblicazioni, matrimoni, morti, cittadinanze 1800-1893 Nati 1894
Santa Maria a Vico	MC5R-Q23	2894	3:1:3QS7-897N-CCZ2	Morti, cittadinanze 1879 Nati, pubblicazioni, matrimoni, morti, cittadinanze 1800-1893 Nati 1894
Santa Maria a Vico	MC5R-Q23	2895	3:1:3QS7-897N-CC65	Morti, cittadinanze 1879 Nati, pubblicazioni, matrimoni, morti, cittadinanze 1800-1893 Nati 1894
Santa Maria a Vico	MC5R-Q23	2896	3:1:3QS7-997N-CCSN	Morti, cittadinanze 1879 Nati, pubblicazioni, matrimoni, morti, cittadinanze 1800-1893 Nati 1894
Santa Maria a Vico	MC5R-Q23	2897	3:1:3QSQ-G97N-CCD7	Morti, cittadinanze 1879 Nati, pubblicazioni, matrimoni, morti, cittadinanze 1800-1893 Nati 1894
Santa Maria a Vico	MC5R-Q23	2898	3:1:3QS7-997N-CC95	Morti, cittadinanze 1879 Nati, pubblicazioni, matrimoni, morti, cittadinanze 1800-1893 Nati 1894
Santa Maria a Vico	MC5R-Q23	2899	3:1:3QS7-L97N-CCX6	Morti, cittadinanze 1879 Nati, pubblicazioni, matrimoni, morti, cittadinanze 1800-1893 Nati 1894
Santa Maria a Vico	MC5R-Q23	2900	3:1:3QS7-997N-CCS6	Morti, cittadinanze 1879 Nati, pubblicazioni, matrimoni, morti, cittadinanze 1800-1893 Nati 1894
Santa Maria a Vico	MC5R-Q23	2901	3:1:3QS7-997N-CC9X	Morti, cittadinanze 1879 Nati, pubblicazioni, matrimoni, morti, cittadinanze 1800-1893 Nati 1894
Santa Maria a Vico	MC5R-Q23	2902	3:1:3QS7-997N-CCSG	Morti, cittadinanze 1879 Nati, pubblicazioni, matrimoni, morti, cittadinanze 1800-1893 Nati 1894
Santa Maria a Vico	MC5R-Q23	2903	3:1:3QS7-897N-CCX8	Morti, cittadinanze 1879 Nati, pubblicazioni, matrimoni, morti, cittadinanze 1800-1893 Nati 1894
Santa Maria a Vico	MC5R-Q23	2904	3:1:3QS7-L97N-CC66	Morti, cittadinanze 1879 Nati, pubblicazioni, matrimoni, morti, cittadinanze 1800-1893 Nati 1894
Santa Maria a Vico	MC5R-Q23	2905	3:1:3QS7-L97N-CCXJ	Morti, cittadinanze 1879 Nati, pubblicazioni, matrimoni, morti, cittadinanze 1800-1893 Nati 1894
Santa Maria a Vico	MC5R-Q23	2906	3:1:3QS7-L97N-CC64	Morti, cittadinanze 1879 Nati, pubblicazioni, matrimoni, morti, cittadinanze 1800-1893 Nati 1894
Santa Maria a Vico	MC5R-Q23	2907	3:1:3QS7-897N-CC6Q	Morti, cittadinanze 1879 Nati, pubblicazioni, matrimoni, morti, cittadinanze 1800-1893 Nati 1894
Santa Maria a Vico	MC5R-Q23	2908	3:1:3QS7-997N-CCMZ	Morti, cittadinanze 1879 Nati, pubblicazioni, matrimoni, morti, cittadinanze 1800-1893 Nati 1894
Santa Maria a Vico	MC5R-Q23	2909	3:1:3QS7-997N-CC9Z	Morti, cittadinanze 1879 Nati, pubblicazioni, matrimoni, morti, cittadinanze 1800-1893 Nati 1894
Santa Maria a Vico	MC5R-Q23	2910	3:1:3QSQ-G97N-CCDD	Morti, cittadinanze 1879 Nati, pubblicazioni, matrimoni, morti, cittadinanze 1800-1893 Nati 1894
Santa Maria a Vico	MC5R-Q23	2911	3:1:3QS7-897N-CC63	Morti, cittadinanze 1879 Nati, pubblicazioni, matrimoni, morti, cittadinanze 1800-1893 Nati 1894
Santa Maria a Vico	MC5R-Q23	2912	3:1:3QS7-997N-CC98	Morti, cittadinanze 1879 Nati, pubblicazioni, matrimoni, morti, cittadinanze 1800-1893 Nati 1894
Santa Maria a Vico	MC5R-Q23	2913	3:1:3QS7-L97N-CCNJ	Morti, cittadinanze 1879 Nati, pubblicazioni, matrimoni, morti, cittadinanze 1800-1893 Nati 1894
Santa Maria a Vico	MC5R-Q23	2914	3:1:3QS7-L97N-CCXS	Morti, cittadinanze 1879 Nati, pubblicazioni, matrimoni, morti, cittadinanze 1800-1893 Nati 1894
Santa Maria a Vico	MC5R-Q23	2915	3:1:3QSQ-G97N-CC85	Morti, cittadinanze 1879 Nati, pubblicazioni, matrimoni, morti, cittadinanze 1800-1893 Nati 1894
Santa Maria a Vico	MC5R-Q23	2916	3:1:3QS7-L97N-CCZX	Morti, cittadinanze 1879 Nati, pubblicazioni, matrimoni, morti, cittadinanze 1800-1893 Nati 1894
Santa Maria a Vico	MC5R-Q23	2917	3:1:3QS7-897N-CCD2	Morti, cittadinanze 1879 Nati, pubblicazioni, matrimoni, morti, cittadinanze 1800-1893 Nati 1894
Santa Maria a Vico	MC5R-Q23	2918	3:1:3QS7-897N-CC8Z	Morti, cittadinanze 1879 Nati, pubblicazioni, matrimoni, morti, cittadinanze 1800-1893 Nati 1894
Santa Maria a Vico	MC5R-Q23	2919	3:1:3QS7-L97N-CCDL	Morti, cittadinanze 1879 Nati, pubblicazioni, matrimoni, morti, cittadinanze 1800-1893 Nati 1894
Santa Maria a Vico	MC5R-Q23	2920	3:1:3QS7-897N-CCDF	Morti, cittadinanze 1879 Nati, pubblicazioni, matrimoni, morti, cittadinanze 1800-1893 Nati 1894
Santa Maria a Vico	MC5R-Q23	2921	3:1:3QS7-L97N-CCDD	Morti, cittadinanze 1879 Nati, pubblicazioni, matrimoni, morti, cittadinanze 1800-1893 Nati 1894
Santa Maria a Vico	MC5R-Q23	2922	3:1:3QS7-897N-CCXV	Morti, cittadinanze 1879 Nati, pubblicazioni, matrimoni, morti, cittadinanze 1800-1893 Nati 1894
Santa Maria a Vico	MC5R-Q23	2923	3:1:3QS7-L97N-CCC1	Morti, cittadinanze 1879 Nati, pubblicazioni, matrimoni, morti, cittadinanze 1800-1893 Nati 1894
Santa Maria a Vico	MC5R-Q23	2924	3:1:3QS7-997N-CHBJ	Morti, cittadinanze 1879 Nati, pubblicazioni, matrimoni, morti, cittadinanze 1800-1893 Nati 1894
Santa Maria a Vico	MC5R-Q23	2925	3:1:3QS7-997N-CCM8	Morti, cittadinanze 1879 Nati, pubblicazioni, matrimoni, morti, cittadinanze 1800-1893 Nati 1894
Santa Maria a Vico	MC5R-Q23	2926	3:1:3QSQ-G97N-CCZ8	Morti, cittadinanze 1879 Nati, pubblicazioni, matrimoni, morti, cittadinanze 1800-1893 Nati 1894
Santa Maria a Vico	MC5R-Q23	2927	3:1:3QS7-997N-CC94	Morti, cittadinanze 1879 Nati, pubblicazioni, matrimoni, morti, cittadinanze 1800-1893 Nati 1894
Santa Maria a Vico	MC5R-Q23	2928	3:1:3QS7-L97N-CCHJ	Morti, cittadinanze 1879 Nati, pubblicazioni, matrimoni, morti, cittadinanze 1800-1893 Nati 1894
Santa Maria a Vico	MC5R-Q23	2929	3:1:3QSQ-G97N-CCCN	Morti, cittadinanze 1879 Nati, pubblicazioni, matrimoni, morti, cittadinanze 1800-1893 Nati 1894
Santa Maria a Vico	MC5R-Q23	2930	3:1:3QS7-897N-CC8N	Morti, cittadinanze 1879 Nati, pubblicazioni, matrimoni, morti, cittadinanze 1800-1893 Nati 1894
Santa Maria a Vico	MC5R-Q23	2931	3:1:3QSQ-G97N-CC8V	Morti, cittadinanze 1879 Nati, pubblicazioni, matrimoni, morti, cittadinanze 1800-1893 Nati 1894
Santa Maria a Vico	MC5R-Q23	2932	3:1:3QS7-997N-CCSM	Morti, cittadinanze 1879 Nati, pubblicazioni, matrimoni, morti, cittadinanze 1800-1893 Nati 1894
Santa Maria a Vico	MC5R-Q23	2933	3:1:3QS7-L97N-CCHX	Morti, cittadinanze 1879 Nati, pubblicazioni, matrimoni, morti, cittadinanze 1800-1893 Nati 1894
Santa Maria a Vico	MC5R-Q23	2934	3:1:3QS7-L97N-CCH5	Morti, cittadinanze 1879 Nati, pubblicazioni, matrimoni, morti, cittadinanze 1800-1893 Nati 1894
Santa Maria a Vico	MC5R-Q23	2935	3:1:3QS7-897N-CCDC	Morti, cittadinanze 1879 Nati, pubblicazioni, matrimoni, morti, cittadinanze 1800-1893 Nati 1894
Santa Maria a Vico	MC5R-Q23	2936	3:1:3QS7-L97N-CCD1	Morti, cittadinanze 1879 Nati, pubblicazioni, matrimoni, morti, cittadinanze 1800-1893 Nati 1894
Santa Maria a Vico	MC5R-Q23	2937	3:1:3QS7-997N-CC93	Morti, cittadinanze 1879 Nati, pubblicazioni, matrimoni, morti, cittadinanze 1800-1893 Nati 1894
Santa Maria a Vico	MC5R-Q23	2938	3:1:3QS7-897N-CCZ4	Morti, cittadinanze 1879 Nati, pubblicazioni, matrimoni, morti, cittadinanze 1800-1893 Nati 1894
Santa Maria a Vico	MC5R-Q23	2939	3:1:3QS7-L97N-CCWP	Morti, cittadinanze 1879 Nati, pubblicazioni, matrimoni, morti, cittadinanze 1800-1893 Nati 1894
Santa Maria a Vico	MC5R-Q23	2940	3:1:3QSQ-G97N-CC4V	Morti, cittadinanze 1879 Nati, pubblicazioni, matrimoni, morti, cittadinanze 1800-1893 Nati 1894
Santa Maria a Vico	MC5R-Q23	2941	3:1:3QSQ-G97N-CCCL	Morti, cittadinanze 1879 Nati, pubblicazioni, matrimoni, morti, cittadinanze 1800-1893 Nati 1894
Santa Maria a Vico	MC5R-Q23	2942	3:1:3QS7-897N-CCCZ	Morti, cittadinanze 1879 Nati, pubblicazioni, matrimoni, morti, cittadinanze 1800-1893 Nati 1894
Santa Maria a Vico	MC5R-Q23	2943	3:1:3QS7-897N-CCDZ	Morti, cittadinanze 1879 Nati, pubblicazioni, matrimoni, morti, cittadinanze 1800-1893 Nati 1894
Santa Maria a Vico	MC5R-Q23	2944	3:1:3QSQ-G97N-CCZY	Morti, cittadinanze 1879 Nati, pubblicazioni, matrimoni, morti, cittadinanze 1800-1893 Nati 1894
Santa Maria a Vico	MC5R-Q23	2945	3:1:3QSQ-G97N-CCHC	Morti, cittadinanze 1879 Nati, pubblicazioni, matrimoni, morti, cittadinanze 1800-1893 Nati 1894
Santa Maria a Vico	MC5R-Q23	2946	3:1:3QS7-997N-CHBQ	Morti, cittadinanze 1879 Nati, pubblicazioni, matrimoni, morti, cittadinanze 1800-1893 Nati 1894
Santa Maria a Vico	MC5R-Q23	2947	3:1:3QS7-897N-CCHT	Morti, cittadinanze 1879 Nati, pubblicazioni, matrimoni, morti, cittadinanze 1800-1893 Nati 1894
Santa Maria a Vico	MC5R-Q23	2948	3:1:3QS7-897N-CCHR	Morti, cittadinanze 1879 Nati, pubblicazioni, matrimoni, morti, cittadinanze 1800-1893 Nati 1894
Santa Maria a Vico	MC5R-Q23	2949	3:1:3QSQ-G97N-CC72	Morti, cittadinanze 1879 Nati, pubblicazioni, matrimoni, morti, cittadinanze 1800-1893 Nati 1894
Santa Maria a Vico	MC5R-Q23	2950	3:1:3QS7-997N-CHYG	Morti, cittadinanze 1879 Nati, pubblicazioni, matrimoni, morti, cittadinanze 1800-1893 Nati 1894
Santa Maria a Vico	MC5R-Q23	2951	3:1:3QSQ-G97N-CCW1	Morti, cittadinanze 1879 Nati, pubblicazioni, matrimoni, morti, cittadinanze 1800-1893 Nati 1894
Santa Maria a Vico	MC5R-Q23	2952	3:1:3QS7-897N-CC87	Morti, cittadinanze 1879 Nati, pubblicazioni, matrimoni, morti, cittadinanze 1800-1893 Nati 1894
Santa Maria a Vico	MC5R-Q23	2953	3:1:3QS7-897N-CC4S	Morti, cittadinanze 1879 Nati, pubblicazioni, matrimoni, morti, cittadinanze 1800-1893 Nati 1894
Santa Maria a Vico	MC5R-Q23	2954	3:1:3QS7-L97N-CC4H	Morti, cittadinanze 1879 Nati, pubblicazioni, matrimoni, morti, cittadinanze 1800-1893 Nati 1894
Santa Maria a Vico	MC5R-Q23	2955	3:1:3QS7-897N-CCHZ	Morti, cittadinanze 1879 Nati, pubblicazioni, matrimoni, morti, cittadinanze 1800-1893 Nati 1894
Santa Maria a Vico	MC5R-Q23	2956	3:1:3QS7-997N-CHRN	Morti, cittadinanze 1879 Nati, pubblicazioni, matrimoni, morti, cittadinanze 1800-1893 Nati 1894
Santa Maria a Vico	MC5R-Q23	2957	3:1:3QSQ-G97N-CCQL	Morti, cittadinanze 1879 Nati, pubblicazioni, matrimoni, morti, cittadinanze 1800-1893 Nati 1894
Santa Maria a Vico	MC5R-Q23	2958	3:1:3QSQ-G97N-CCST	Morti, cittadinanze 1879 Nati, pubblicazioni, matrimoni, morti, cittadinanze 1800-1893 Nati 1894
Santa Maria a Vico	MC5R-Q23	2959	3:1:3QS7-897N-CC7Q	Morti, cittadinanze 1879 Nati, pubblicazioni, matrimoni, morti, cittadinanze 1800-1893 Nati 1894
Santa Maria a Vico	MC5R-Q23	2960	3:1:3QSQ-G97N-CC73	Morti, cittadinanze 1879 Nati, pubblicazioni, matrimoni, morti, cittadinanze 1800-1893 Nati 1894
Santa Maria a Vico	MC5R-Q23	2961	3:1:3QS7-L97N-CCQT	Morti, cittadinanze 1879 Nati, pubblicazioni, matrimoni, morti, cittadinanze 1800-1893 Nati 1894
Santa Maria a Vico	MC5R-Q23	2962	3:1:3QS7-897N-CCCH	Morti, cittadinanze 1879 Nati, pubblicazioni, matrimoni, morti, cittadinanze 1800-1893 Nati 1894
Santa Maria a Vico	MC5R-Q23	2963	3:1:3QS7-997N-CH15	Morti, cittadinanze 1879 Nati, pubblicazioni, matrimoni, morti, cittadinanze 1800-1893 Nati 1894
Santa Maria a Vico	MC5R-Q23	2964	3:1:3QS7-L97N-CCCY	Morti, cittadinanze 1879 Nati, pubblicazioni, matrimoni, morti, cittadinanze 1800-1893 Nati 1894
Santa Maria a Vico	MC5R-Q23	2965	3:1:3QSQ-G97N-CC76	Morti, cittadinanze 1879 Nati, pubblicazioni, matrimoni, morti, cittadinanze 1800-1893 Nati 1894
Santa Maria a Vico	MC5R-Q23	2966	3:1:3QS7-L97N-CCWL	Morti, cittadinanze 1879 Nati, pubblicazioni, matrimoni, morti, cittadinanze 1800-1893 Nati 1894
Santa Maria a Vico	MC5R-Q23	2967	3:1:3QSQ-G97N-CC4F	Morti, cittadinanze 1879 Nati, pubblicazioni, matrimoni, morti, cittadinanze 1800-1893 Nati 1894
Santa Maria a Vico	MC5R-Q23	2968	3:1:3QS7-L97N-CCQN	Morti, cittadinanze 1879 Nati, pubblicazioni, matrimoni, morti, cittadinanze 1800-1893 Nati 1894
Santa Maria a Vico	MC5R-Q23	2969	3:1:3QS7-L97N-CCWQ	Morti, cittadinanze 1879 Nati, pubblicazioni, matrimoni, morti, cittadinanze 1800-1893 Nati 1894
Santa Maria a Vico	MC5R-Q23	2970	3:1:3QSQ-G97N-CC9N	Morti, cittadinanze 1879 Nati, pubblicazioni, matrimoni, morti, cittadinanze 1800-1893 Nati 1894
Santa Maria a Vico	MC5R-Q23	2971	3:1:3QSQ-G97N-CCQX	Morti, cittadinanze 1879 Nati, pubblicazioni, matrimoni, morti, cittadinanze 1800-1893 Nati 1894
Santa Maria a Vico	MC5R-Q23	2972	3:1:3QS7-997N-CHBD	Morti, cittadinanze 1879 Nati, pubblicazioni, matrimoni, morti, cittadinanze 1800-1893 Nati 1894
Santa Maria a Vico	MC5R-Q23	2973	3:1:3QS7-897N-CC7C	Morti, cittadinanze 1879 Nati, pubblicazioni, matrimoni, morti, cittadinanze 1800-1893 Nati 1894
Santa Maria a Vico	MC5R-Q23	2974	3:1:3QSQ-G97N-CC3H	Morti, cittadinanze 1879 Nati, pubblicazioni, matrimoni, morti, cittadinanze 1800-1893 Nati 1894
Santa Maria a Vico	MC5R-Q23	2975	3:1:3QSQ-G97N-CC36	Morti, cittadinanze 1879 Nati, pubblicazioni, matrimoni, morti, cittadinanze 1800-1893 Nati 1894
Santa Maria a Vico	MC5R-Q23	2976	3:1:3QS7-997N-CHPV	Morti, cittadinanze 1879 Nati, pubblicazioni, matrimoni, morti, cittadinanze 1800-1893 Nati 1894
Santa Maria a Vico	MC5R-Q23	2977	3:1:3QS7-997N-CH5S	Morti, cittadinanze 1879 Nati, pubblicazioni, matrimoni, morti, cittadinanze 1800-1893 Nati 1894
Santa Maria a Vico	MC5R-Q23	2978	3:1:3QSQ-G97N-CCMH	Morti, cittadinanze 1879 Nati, pubblicazioni, matrimoni, morti, cittadinanze 1800-1893 Nati 1894
Santa Maria a Vico	MC5R-Q23	2979	3:1:3QSQ-G97N-CCSX	Morti, cittadinanze 1879 Nati, pubblicazioni, matrimoni, morti, cittadinanze 1800-1893 Nati 1894
Santa Maria a Vico	MC5R-Q23	2980	3:1:3QS7-L97N-CCSC	Morti, cittadinanze 1879 Nati, pubblicazioni, matrimoni, morti, cittadinanze 1800-1893 Nati 1894
Santa Maria a Vico	MC5R-Q23	2981	3:1:3QS7-897N-CC7Y	Morti, cittadinanze 1879 Nati, pubblicazioni, matrimoni, morti, cittadinanze 1800-1893 Nati 1894
Santa Maria a Vico	MC5R-Q23	2982	3:1:3QS7-997N-CHR4	Morti, cittadinanze 1879 Nati, pubblicazioni, matrimoni, morti, cittadinanze 1800-1893 Nati 1894
Santa Maria a Vico	MC5R-Q23	2983	3:1:3QS7-L97N-CC9N	Morti, cittadinanze 1879 Nati, pubblicazioni, matrimoni, morti, cittadinanze 1800-1893 Nati 1894
Santa Maria a Vico	MC5R-Q23	2984	3:1:3QSQ-G97N-CCM8	Morti, cittadinanze 1879 Nati, pubblicazioni, matrimoni, morti, cittadinanze 1800-1893 Nati 1894
Santa Maria a Vico	MC5R-Q23	2985	3:1:3QS7-L97N-CH1P	Morti, cittadinanze 1879 Nati, pubblicazioni, matrimoni, morti, cittadinanze 1800-1893 Nati 1894
Santa Maria a Vico	MC5R-Q23	2986	3:1:3QS7-897N-CC33	Morti, cittadinanze 1879 Nati, pubblicazioni, matrimoni, morti, cittadinanze 1800-1893 Nati 1894
Santa Maria a Vico	MC5R-Q23	2987	3:1:3QS7-L97N-CCMP	Morti, cittadinanze 1879 Nati, pubblicazioni, matrimoni, morti, cittadinanze 1800-1893 Nati 1894
Santa Maria a Vico	MC5R-Q23	2988	3:1:3QS7-997N-CHPG	Morti, cittadinanze 1879 Nati, pubblicazioni, matrimoni, morti, cittadinanze 1800-1893 Nati 1894
Santa Maria a Vico	MC5R-Q23	2989	3:1:3QS7-997N-CHT5	Morti, cittadinanze 1879 Nati, pubblicazioni, matrimoni, morti, cittadinanze 1800-1893 Nati 1894
Santa Maria a Vico	MC5R-Q23	2990	3:1:3QS7-L97N-CH1B	Morti, cittadinanze 1879 Nati, pubblicazioni, matrimoni, morti, cittadinanze 1800-1893 Nati 1894
Santa Maria a Vico	MC5R-Q23	2991	3:1:3QS7-897N-CCQX	Morti, cittadinanze 1879 Nati, pubblicazioni, matrimoni, morti, cittadinanze 1800-1893 Nati 1894
Santa Maria a Vico	MC5R-Q23	2992	3:1:3QS7-897N-CCSP	Morti, cittadinanze 1879 Nati, pubblicazioni, matrimoni, morti, cittadinanze 1800-1893 Nati 1894
Santa Maria a Vico	MC5R-Q23	2993	3:1:3QSQ-G97N-CH1Z	Morti, cittadinanze 1879 Nati, pubblicazioni, matrimoni, morti, cittadinanze 1800-1893 Nati 1894
Santa Maria a Vico	MC5R-Q23	2994	3:1:3QS7-897N-CC9G	Morti, cittadinanze 1879 Nati, pubblicazioni, matrimoni, morti, cittadinanze 1800-1893 Nati 1894
Santa Maria a Vico	MC5R-Q23	2995	3:1:3QS7-L97N-CCST	Morti, cittadinanze 1879 Nati, pubblicazioni, matrimoni, morti, cittadinanze 1800-1893 Nati 1894
Santa Maria a Vico	MC5R-Q23	2996	3:1:3QS7-997N-CHBF	Morti, cittadinanze 1879 Nati, pubblicazioni, matrimoni, morti, cittadinanze 1800-1893 Nati 1894
Santa Maria a Vico	MC5R-Q23	2997	3:1:3QS7-L97N-CCSH	Morti, cittadinanze 1879 Nati, pubblicazioni, matrimoni, morti, cittadinanze 1800-1893 Nati 1894
Santa Maria a Vico	MC5R-Q23	2998	3:1:3QS7-L97N-CHBH	Morti, cittadinanze 1879 Nati, pubblicazioni, matrimoni, morti, cittadinanze 1800-1893 Nati 1894
Santa Maria a Vico	MC5R-Q23	2999	3:1:3QS7-L97N-CCMD	Morti, cittadinanze 1879 Nati, pubblicazioni, matrimoni, morti, cittadinanze 1800-1893 Nati 1894
Santa Maria a Vico	MC5R-Q23	3000	3:1:3QSQ-G97N-CHYQ	Morti, cittadinanze 1879 Nati, pubblicazioni, matrimoni, morti, cittadinanze 1800-1893 Nati 1894
Santa Maria a Vico	MC5R-Q23	3001	3:1:3QS7-L97N-CHBW	Morti, cittadinanze 1879 Nati, pubblicazioni, matrimoni, morti, cittadinanze 1800-1893 Nati 1894
Santa Maria a Vico	MC5R-Q23	3002	3:1:3QS7-897N-CCMJ	Morti, cittadinanze 1879 Nati, pubblicazioni, matrimoni, morti, cittadinanze 1800-1893 Nati 1894
Santa Maria a Vico	MC5R-Q23	3003	3:1:3QSQ-G97N-CHTN	Morti, cittadinanze 1879 Nati, pubblicazioni, matrimoni, morti, cittadinanze 1800-1893 Nati 1894
Santa Maria a Vico	MC5R-Q23	3004	3:1:3QS7-897N-CC4X	Morti, cittadinanze 1879 Nati, pubblicazioni, matrimoni, morti, cittadinanze 1800-1893 Nati 1894
Santa Maria a Vico	MC5R-Q23	3005	3:1:3QS7-L97N-CC93	Morti, cittadinanze 1879 Nati, pubblicazioni, matrimoni, morti, cittadinanze 1800-1893 Nati 1894
Santa Maria a Vico	MC5R-Q23	3006	3:1:3QS7-L97N-CH1G	Morti, cittadinanze 1879 Nati, pubblicazioni, matrimoni, morti, cittadinanze 1800-1893 Nati 1894
Santa Maria a Vico	MC5R-Q23	3007	3:1:3QS7-L97N-CH5M	Morti, cittadinanze 1879 Nati, pubblicazioni, matrimoni, morti, cittadinanze 1800-1893 Nati 1894
Santa Maria a Vico	MC5R-Q23	3008	3:1:3QS7-L97N-CHB4	Morti, cittadinanze 1879 Nati, pubblicazioni, matrimoni, morti, cittadinanze 1800-1893 Nati 1894
Santa Maria a Vico	MC5R-Q23	3009	3:1:3QS7-897N-CHBB	Morti, cittadinanze 1879 Nati, pubblicazioni, matrimoni, morti, cittadinanze 1800-1893 Nati 1894
Santa Maria a Vico	MC5R-Q23	3010	3:1:3QSQ-G97N-CH1K	Morti, cittadinanze 1879 Nati, pubblicazioni, matrimoni, morti, cittadinanze 1800-1893 Nati 1894
Santa Maria a Vico	MC5R-Q23	3011	3:1:3QS7-897N-CHB1	Morti, cittadinanze 1879 Nati, pubblicazioni, matrimoni, morti, cittadinanze 1800-1893 Nati 1894
Santa Maria a Vico	MC5R-Q23	3012	3:1:3QSQ-G97N-CC9T	Morti, cittadinanze 1879 Nati, pubblicazioni, matrimoni, morti, cittadinanze 1800-1893 Nati 1894
Santa Maria a Vico	MC5R-Q23	3013	3:1:3QSQ-G97N-CCMZ	Morti, cittadinanze 1879 Nati, pubblicazioni, matrimoni, morti, cittadinanze 1800-1893 Nati 1894
