place	waypoint	image	ark	volume
Santa Maria a Vico	MC5R-M2Q	1	3:1:3QS7-897N-QS3H	Nati, pubblicazioni, matrimoni, morti, cittadinanze 1866-1878 Nati, pubblicazioni, matrimoni 1879
Santa Maria a Vico	MC5R-M2Q	2	3:1:3QS7-897N-QSSZ	Nati, pubblicazioni, matrimoni, morti, cittadinanze 1866-1878 Nati, pubblicazioni, matrimoni 1879
Santa Maria a Vico	MC5R-M2Q	3	3:1:3QS7-897N-QSSX	Nati, pubblicazioni, matrimoni, morti, cittadinanze 1866-1878 Nati, pubblicazioni, matrimoni 1879
Santa Maria a Vico	MC5R-M2Q	4	3:1:3QS7-897N-QS9B	Nati, pubblicazioni, matrimoni, morti, cittadinanze 1866-1878 Nati, pubblicazioni, matrimoni 1879
Santa Maria a Vico	MC5R-M2Q	5	3:1:3QS7-997N-QS7T	Nati, pubblicazioni, matrimoni, morti, cittadinanze 1866-1878 Nati, pubblicazioni, matrimoni 1879
Santa Maria a Vico	MC5R-M2Q	6	3:1:3QS7-897N-QSSC	Nati, pubblicazioni, matrimoni, morti, cittadinanze 1866-1878 Nati, pubblicazioni, matrimoni 1879
Santa Maria a Vico	MC5R-M2Q	7	3:1:3QS7-897N-QSQL	Nati, pubblicazioni, matrimoni, morti, cittadinanze 1866-1878 Nati, pubblicazioni, matrimoni 1879
Santa Maria a Vico	MC5R-M2Q	8	3:1:3QS7-L97N-QS9Y	Nati, pubblicazioni, matrimoni, morti, cittadinanze 1866-1878 Nati, pubblicazioni, matrimoni 1879
Santa Maria a Vico	MC5R-M2Q	9	3:1:3QSQ-G97N-Q912	Nati, pubblicazioni, matrimoni, morti, cittadinanze 1866-1878 Nati, pubblicazioni, matrimoni 1879
Santa Maria a Vico	MC5R-M2Q	10	3:1:3QS7-L97N-QS97	Nati, pubblicazioni, matrimoni, morti, cittadinanze 1866-1878 Nati, pubblicazioni, matrimoni 1879
Santa Maria a Vico	MC5R-M2Q	11	3:1:3QSQ-G97N-Q9BN	Nati, pubblicazioni, matrimoni, morti, cittadinanze 1866-1878 Nati, pubblicazioni, matrimoni 1879
Santa Maria a Vico	MC5R-M2Q	12	3:1:3QS7-897N-QS76	Nati, pubblicazioni, matrimoni, morti, cittadinanze 1866-1878 Nati, pubblicazioni, matrimoni 1879
Santa Maria a Vico	MC5R-M2Q	13	3:1:3QSQ-G97N-Q9TY	Nati, pubblicazioni, matrimoni, morti, cittadinanze 1866-1878 Nati, pubblicazioni, matrimoni 1879
Santa Maria a Vico	MC5R-M2Q	14	3:1:3QSQ-G97N-Q9BX	Nati, pubblicazioni, matrimoni, morti, cittadinanze 1866-1878 Nati, pubblicazioni, matrimoni 1879
Santa Maria a Vico	MC5R-M2Q	15	3:1:3QSQ-G97N-Q91N	Nati, pubblicazioni, matrimoni, morti, cittadinanze 1866-1878 Nati, pubblicazioni, matrimoni 1879
Santa Maria a Vico	MC5R-M2Q	16	3:1:3QS7-997N-QS7C	Nati, pubblicazioni, matrimoni, morti, cittadinanze 1866-1878 Nati, pubblicazioni, matrimoni 1879
Santa Maria a Vico	MC5R-M2Q	17	3:1:3QS7-997N-QS33	Nati, pubblicazioni, matrimoni, morti, cittadinanze 1866-1878 Nati, pubblicazioni, matrimoni 1879
Santa Maria a Vico	MC5R-M2Q	18	3:1:3QS7-997N-QS9N	Nati, pubblicazioni, matrimoni, morti, cittadinanze 1866-1878 Nati, pubblicazioni, matrimoni 1879
Santa Maria a Vico	MC5R-M2Q	19	3:1:3QS7-897N-Q91J	Nati, pubblicazioni, matrimoni, morti, cittadinanze 1866-1878 Nati, pubblicazioni, matrimoni 1879
Santa Maria a Vico	MC5R-M2Q	20	3:1:3QS7-997N-QS4R	Nati, pubblicazioni, matrimoni, morti, cittadinanze 1866-1878 Nati, pubblicazioni, matrimoni 1879
Santa Maria a Vico	MC5R-M2Q	21	3:1:3QSQ-G97N-Q9B2	Nati, pubblicazioni, matrimoni, morti, cittadinanze 1866-1878 Nati, pubblicazioni, matrimoni 1879
Santa Maria a Vico	MC5R-M2Q	22	3:1:3QS7-L97N-QS3S	Nati, pubblicazioni, matrimoni, morti, cittadinanze 1866-1878 Nati, pubblicazioni, matrimoni 1879
Santa Maria a Vico	MC5R-M2Q	23	3:1:3QS7-897N-Q916	Nati, pubblicazioni, matrimoni, morti, cittadinanze 1866-1878 Nati, pubblicazioni, matrimoni 1879
Santa Maria a Vico	MC5R-M2Q	24	3:1:3QS7-897N-QS99	Nati, pubblicazioni, matrimoni, morti, cittadinanze 1866-1878 Nati, pubblicazioni, matrimoni 1879
Santa Maria a Vico	MC5R-M2Q	25	3:1:3QSQ-G97N-Q9YV	Nati, pubblicazioni, matrimoni, morti, cittadinanze 1866-1878 Nati, pubblicazioni, matrimoni 1879
Santa Maria a Vico	MC5R-M2Q	26	3:1:3QS7-L97N-Q9BB	Nati, pubblicazioni, matrimoni, morti, cittadinanze 1866-1878 Nati, pubblicazioni, matrimoni 1879
Santa Maria a Vico	MC5R-M2Q	27	3:1:3QS7-897N-QSSG	Nati, pubblicazioni, matrimoni, morti, cittadinanze 1866-1878 Nati, pubblicazioni, matrimoni 1879
Santa Maria a Vico	MC5R-M2Q	28	3:1:3QS7-897N-QS3M	Nati, pubblicazioni, matrimoni, morti, cittadinanze 1866-1878 Nati, pubblicazioni, matrimoni 1879
Santa Maria a Vico	MC5R-M2Q	29	3:1:3QS7-997N-QSWL	Nati, pubblicazioni, matrimoni, morti, cittadinanze 1866-1878 Nati, pubblicazioni, matrimoni 1879
Santa Maria a Vico	MC5R-M2Q	30	3:1:3QSQ-G97N-Q9YL	Nati, pubblicazioni, matrimoni, morti, cittadinanze 1866-1878 Nati, pubblicazioni, matrimoni 1879
Santa Maria a Vico	MC5R-M2Q	31	3:1:3QS7-997N-QSHT	Nati, pubblicazioni, matrimoni, morti, cittadinanze 1866-1878 Nati, pubblicazioni, matrimoni 1879
Santa Maria a Vico	MC5R-M2Q	32	3:1:3QS7-L97N-QS9P	Nati, pubblicazioni, matrimoni, morti, cittadinanze 1866-1878 Nati, pubblicazioni, matrimoni 1879
Santa Maria a Vico	MC5R-M2Q	33	3:1:3QS7-897N-QSSB	Nati, pubblicazioni, matrimoni, morti, cittadinanze 1866-1878 Nati, pubblicazioni, matrimoni 1879
Santa Maria a Vico	MC5R-M2Q	34	3:1:3QS7-L97N-QS9H	Nati, pubblicazioni, matrimoni, morti, cittadinanze 1866-1878 Nati, pubblicazioni, matrimoni 1879
Santa Maria a Vico	MC5R-M2Q	35	3:1:3QSQ-G97N-Q9TM	Nati, pubblicazioni, matrimoni, morti, cittadinanze 1866-1878 Nati, pubblicazioni, matrimoni 1879
Santa Maria a Vico	MC5R-M2Q	36	3:1:3QS7-997N-QS48	Nati, pubblicazioni, matrimoni, morti, cittadinanze 1866-1878 Nati, pubblicazioni, matrimoni 1879
Santa Maria a Vico	MC5R-M2Q	37	3:1:3QS7-997N-QS4M	Nati, pubblicazioni, matrimoni, morti, cittadinanze 1866-1878 Nati, pubblicazioni, matrimoni 1879
Santa Maria a Vico	MC5R-M2Q	38	3:1:3QSQ-G97N-Q9RJ	Nati, pubblicazioni, matrimoni, morti, cittadinanze 1866-1878 Nati, pubblicazioni, matrimoni 1879
Santa Maria a Vico	MC5R-M2Q	39	3:1:3QS7-997N-QS9W	Nati, pubblicazioni, matrimoni, morti, cittadinanze 1866-1878 Nati, pubblicazioni, matrimoni 1879
Santa Maria a Vico	MC5R-M2Q	40	3:1:3QS7-997N-QS3Z	Nati, pubblicazioni, matrimoni, morti, cittadinanze 1866-1878 Nati, pubblicazioni, matrimoni 1879
Santa Maria a Vico	MC5R-M2Q	41	3:1:3QSQ-G97N-Q913	Nati, pubblicazioni, matrimoni, morti, cittadinanze 1866-1878 Nati, pubblicazioni, matrimoni 1879
Santa Maria a Vico	MC5R-M2Q	42	3:1:3QS7-997N-QSSP	Nati, pubblicazioni, matrimoni, morti, cittadinanze 1866-1878 Nati, pubblicazioni, matrimoni 1879
Santa Maria a Vico	MC5R-M2Q	43	3:1:3QS7-997N-QSQK	Nati, pubblicazioni, matrimoni, morti, cittadinanze 1866-1878 Nati, pubblicazioni, matrimoni 1879
Santa Maria a Vico	MC5R-M2Q	44	3:1:3QS7-997N-QS35	Nati, pubblicazioni, matrimoni, morti, cittadinanze 1866-1878 Nati, pubblicazioni, matrimoni 1879
Santa Maria a Vico	MC5R-M2Q	45	3:1:3QS7-L97N-QSMW	Nati, pubblicazioni, matrimoni, morti, cittadinanze 1866-1878 Nati, pubblicazioni, matrimoni 1879
Santa Maria a Vico	MC5R-M2Q	46	3:1:3QSQ-G97N-Q9PW	Nati, pubblicazioni, matrimoni, morti, cittadinanze 1866-1878 Nati, pubblicazioni, matrimoni 1879
Santa Maria a Vico	MC5R-M2Q	47	3:1:3QS7-997N-QS96	Nati, pubblicazioni, matrimoni, morti, cittadinanze 1866-1878 Nati, pubblicazioni, matrimoni 1879
Santa Maria a Vico	MC5R-M2Q	48	3:1:3QS7-997N-QS9V	Nati, pubblicazioni, matrimoni, morti, cittadinanze 1866-1878 Nati, pubblicazioni, matrimoni 1879
Santa Maria a Vico	MC5R-M2Q	49	3:1:3QS7-897N-Q91C	Nati, pubblicazioni, matrimoni, morti, cittadinanze 1866-1878 Nati, pubblicazioni, matrimoni 1879
Santa Maria a Vico	MC5R-M2Q	50	3:1:3QS7-L97N-Q9TW	Nati, pubblicazioni, matrimoni, morti, cittadinanze 1866-1878 Nati, pubblicazioni, matrimoni 1879
Santa Maria a Vico	MC5R-M2Q	51	3:1:3QS7-L97N-Q9B5	Nati, pubblicazioni, matrimoni, morti, cittadinanze 1866-1878 Nati, pubblicazioni, matrimoni 1879
Santa Maria a Vico	MC5R-M2Q	52	3:1:3QS7-L97N-Q9YG	Nati, pubblicazioni, matrimoni, morti, cittadinanze 1866-1878 Nati, pubblicazioni, matrimoni 1879
Santa Maria a Vico	MC5R-M2Q	53	3:1:3QSQ-G97N-Q9RT	Nati, pubblicazioni, matrimoni, morti, cittadinanze 1866-1878 Nati, pubblicazioni, matrimoni 1879
Santa Maria a Vico	MC5R-M2Q	54	3:1:3QSQ-G97N-Q9R8	Nati, pubblicazioni, matrimoni, morti, cittadinanze 1866-1878 Nati, pubblicazioni, matrimoni 1879
Santa Maria a Vico	MC5R-M2Q	55	3:1:3QS7-997N-QS3Q	Nati, pubblicazioni, matrimoni, morti, cittadinanze 1866-1878 Nati, pubblicazioni, matrimoni 1879
Santa Maria a Vico	MC5R-M2Q	56	3:1:3QS7-997N-QS7M	Nati, pubblicazioni, matrimoni, morti, cittadinanze 1866-1878 Nati, pubblicazioni, matrimoni 1879
Santa Maria a Vico	MC5R-M2Q	57	3:1:3QS7-997N-QS77	Nati, pubblicazioni, matrimoni, morti, cittadinanze 1866-1878 Nati, pubblicazioni, matrimoni 1879
Santa Maria a Vico	MC5R-M2Q	58	3:1:3QS7-997N-QSS4	Nati, pubblicazioni, matrimoni, morti, cittadinanze 1866-1878 Nati, pubblicazioni, matrimoni 1879
Santa Maria a Vico	MC5R-M2Q	59	3:1:3QS7-897N-Q91L	Nati, pubblicazioni, matrimoni, morti, cittadinanze 1866-1878 Nati, pubblicazioni, matrimoni 1879
Santa Maria a Vico	MC5R-M2Q	60	3:1:3QS7-L97N-Q91L	Nati, pubblicazioni, matrimoni, morti, cittadinanze 1866-1878 Nati, pubblicazioni, matrimoni 1879
Santa Maria a Vico	MC5R-M2Q	61	3:1:3QS7-L97N-QSMH	Nati, pubblicazioni, matrimoni, morti, cittadinanze 1866-1878 Nati, pubblicazioni, matrimoni 1879
Santa Maria a Vico	MC5R-M2Q	62	3:1:3QS7-L97N-Q9RL	Nati, pubblicazioni, matrimoni, morti, cittadinanze 1866-1878 Nati, pubblicazioni, matrimoni 1879
Santa Maria a Vico	MC5R-M2Q	63	3:1:3QS7-L97N-Q9YL	Nati, pubblicazioni, matrimoni, morti, cittadinanze 1866-1878 Nati, pubblicazioni, matrimoni 1879
Santa Maria a Vico	MC5R-M2Q	64	3:1:3QS7-897N-QSSK	Nati, pubblicazioni, matrimoni, morti, cittadinanze 1866-1878 Nati, pubblicazioni, matrimoni 1879
Santa Maria a Vico	MC5R-M2Q	65	3:1:3QS7-997N-Q9YY	Nati, pubblicazioni, matrimoni, morti, cittadinanze 1866-1878 Nati, pubblicazioni, matrimoni 1879
Santa Maria a Vico	MC5R-M2Q	66	3:1:3QS7-997N-Q9BL	Nati, pubblicazioni, matrimoni, morti, cittadinanze 1866-1878 Nati, pubblicazioni, matrimoni 1879
Santa Maria a Vico	MC5R-M2Q	67	3:1:3QS7-L97N-Q9YP	Nati, pubblicazioni, matrimoni, morti, cittadinanze 1866-1878 Nati, pubblicazioni, matrimoni 1879
Santa Maria a Vico	MC5R-M2Q	68	3:1:3QS7-L97N-Q9BW	Nati, pubblicazioni, matrimoni, morti, cittadinanze 1866-1878 Nati, pubblicazioni, matrimoni 1879
Santa Maria a Vico	MC5R-M2Q	69	3:1:3QS7-997N-QSS7	Nati, pubblicazioni, matrimoni, morti, cittadinanze 1866-1878 Nati, pubblicazioni, matrimoni 1879
Santa Maria a Vico	MC5R-M2Q	70	3:1:3QS7-997N-QSS3	Nati, pubblicazioni, matrimoni, morti, cittadinanze 1866-1878 Nati, pubblicazioni, matrimoni 1879
Santa Maria a Vico	MC5R-M2Q	71	3:1:3QSQ-G97N-Q9GD	Nati, pubblicazioni, matrimoni, morti, cittadinanze 1866-1878 Nati, pubblicazioni, matrimoni 1879
Santa Maria a Vico	MC5R-M2Q	72	3:1:3QSQ-G97N-Q9GY	Nati, pubblicazioni, matrimoni, morti, cittadinanze 1866-1878 Nati, pubblicazioni, matrimoni 1879
Santa Maria a Vico	MC5R-M2Q	73	3:1:3QS7-L97N-Q95K	Nati, pubblicazioni, matrimoni, morti, cittadinanze 1866-1878 Nati, pubblicazioni, matrimoni 1879
Santa Maria a Vico	MC5R-M2Q	74	3:1:3QS7-897N-Q912	Nati, pubblicazioni, matrimoni, morti, cittadinanze 1866-1878 Nati, pubblicazioni, matrimoni 1879
Santa Maria a Vico	MC5R-M2Q	75	3:1:3QS7-L97N-Q9RN	Nati, pubblicazioni, matrimoni, morti, cittadinanze 1866-1878 Nati, pubblicazioni, matrimoni 1879
Santa Maria a Vico	MC5R-M2Q	76	3:1:3QSQ-G97N-Q9T1	Nati, pubblicazioni, matrimoni, morti, cittadinanze 1866-1878 Nati, pubblicazioni, matrimoni 1879
Santa Maria a Vico	MC5R-M2Q	77	3:1:3QS7-897N-Q9BN	Nati, pubblicazioni, matrimoni, morti, cittadinanze 1866-1878 Nati, pubblicazioni, matrimoni 1879
Santa Maria a Vico	MC5R-M2Q	78	3:1:3QS7-997N-QS38	Nati, pubblicazioni, matrimoni, morti, cittadinanze 1866-1878 Nati, pubblicazioni, matrimoni 1879
Santa Maria a Vico	MC5R-M2Q	79	3:1:3QS7-997N-QSM3	Nati, pubblicazioni, matrimoni, morti, cittadinanze 1866-1878 Nati, pubblicazioni, matrimoni 1879
Santa Maria a Vico	MC5R-M2Q	80	3:1:3QS7-897N-Q9BZ	Nati, pubblicazioni, matrimoni, morti, cittadinanze 1866-1878 Nati, pubblicazioni, matrimoni 1879
Santa Maria a Vico	MC5R-M2Q	81	3:1:3QS7-997N-QSSQ	Nati, pubblicazioni, matrimoni, morti, cittadinanze 1866-1878 Nati, pubblicazioni, matrimoni 1879
Santa Maria a Vico	MC5R-M2Q	82	3:1:3QSQ-G97N-Q95F	Nati, pubblicazioni, matrimoni, morti, cittadinanze 1866-1878 Nati, pubblicazioni, matrimoni 1879
Santa Maria a Vico	MC5R-M2Q	83	3:1:3QS7-L97N-Q9YN	Nati, pubblicazioni, matrimoni, morti, cittadinanze 1866-1878 Nati, pubblicazioni, matrimoni 1879
Santa Maria a Vico	MC5R-M2Q	84	3:1:3QS7-897N-Q9T3	Nati, pubblicazioni, matrimoni, morti, cittadinanze 1866-1878 Nati, pubblicazioni, matrimoni 1879
Santa Maria a Vico	MC5R-M2Q	85	3:1:3QS7-897N-Q914	Nati, pubblicazioni, matrimoni, morti, cittadinanze 1866-1878 Nati, pubblicazioni, matrimoni 1879
Santa Maria a Vico	MC5R-M2Q	86	3:1:3QS7-L97N-Q9YF	Nati, pubblicazioni, matrimoni, morti, cittadinanze 1866-1878 Nati, pubblicazioni, matrimoni 1879
Santa Maria a Vico	MC5R-M2Q	87	3:1:3QS7-997N-QSSK	Nati, pubblicazioni, matrimoni, morti, cittadinanze 1866-1878 Nati, pubblicazioni, matrimoni 1879
Santa Maria a Vico	MC5R-M2Q	88	3:1:3QS7-L97N-Q913	Nati, pubblicazioni, matrimoni, morti, cittadinanze 1866-1878 Nati, pubblicazioni, matrimoni 1879
Santa Maria a Vico	MC5R-M2Q	89	3:1:3QS7-997N-Q9BR	Nati, pubblicazioni, matrimoni, morti, cittadinanze 1866-1878 Nati, pubblicazioni, matrimoni 1879
Santa Maria a Vico	MC5R-M2Q	90	3:1:3QS7-897N-Q9TC	Nati, pubblicazioni, matrimoni, morti, cittadinanze 1866-1878 Nati, pubblicazioni, matrimoni 1879
Santa Maria a Vico	MC5R-M2Q	91	3:1:3QS7-997N-Q916	Nati, pubblicazioni, matrimoni, morti, cittadinanze 1866-1878 Nati, pubblicazioni, matrimoni 1879
Santa Maria a Vico	MC5R-M2Q	92	3:1:3QSQ-G97N-Q9RV	Nati, pubblicazioni, matrimoni, morti, cittadinanze 1866-1878 Nati, pubblicazioni, matrimoni 1879
Santa Maria a Vico	MC5R-M2Q	93	3:1:3QS7-997N-Q95B	Nati, pubblicazioni, matrimoni, morti, cittadinanze 1866-1878 Nati, pubblicazioni, matrimoni 1879
Santa Maria a Vico	MC5R-M2Q	94	3:1:3QSQ-G97N-Q9PK	Nati, pubblicazioni, matrimoni, morti, cittadinanze 1866-1878 Nati, pubblicazioni, matrimoni 1879
Santa Maria a Vico	MC5R-M2Q	95	3:1:3QS7-897N-Q91M	Nati, pubblicazioni, matrimoni, morti, cittadinanze 1866-1878 Nati, pubblicazioni, matrimoni 1879
Santa Maria a Vico	MC5R-M2Q	96	3:1:3QSQ-G97N-Q9L4	Nati, pubblicazioni, matrimoni, morti, cittadinanze 1866-1878 Nati, pubblicazioni, matrimoni 1879
Santa Maria a Vico	MC5R-M2Q	97	3:1:3QS7-897N-Q9YX	Nati, pubblicazioni, matrimoni, morti, cittadinanze 1866-1878 Nati, pubblicazioni, matrimoni 1879
Santa Maria a Vico	MC5R-M2Q	98	3:1:3QS7-897N-Q9B2	Nati, pubblicazioni, matrimoni, morti, cittadinanze 1866-1878 Nati, pubblicazioni, matrimoni 1879
Santa Maria a Vico	MC5R-M2Q	99	3:1:3QSQ-G97N-Q9BM	Nati, pubblicazioni, matrimoni, morti, cittadinanze 1866-1878 Nati, pubblicazioni, matrimoni 1879
Santa Maria a Vico	MC5R-M2Q	100	3:1:3QSQ-G97N-Q9Y4	Nati, pubblicazioni, matrimoni, morti, cittadinanze 1866-1878 Nati, pubblicazioni, matrimoni 1879
Santa Maria a Vico	MC5R-M2Q	101	3:1:3QSQ-G97N-Q9KK	Nati, pubblicazioni, matrimoni, morti, cittadinanze 1866-1878 Nati, pubblicazioni, matrimoni 1879
Santa Maria a Vico	MC5R-M2Q	102	3:1:3QSQ-G97N-Q92C	Nati, pubblicazioni, matrimoni, morti, cittadinanze 1866-1878 Nati, pubblicazioni, matrimoni 1879
Santa Maria a Vico	MC5R-M2Q	103	3:1:3QS7-897N-Q9T5	Nati, pubblicazioni, matrimoni, morti, cittadinanze 1866-1878 Nati, pubblicazioni, matrimoni 1879
Santa Maria a Vico	MC5R-M2Q	104	3:1:3QS7-997N-QSMF	Nati, pubblicazioni, matrimoni, morti, cittadinanze 1866-1878 Nati, pubblicazioni, matrimoni 1879
Santa Maria a Vico	MC5R-M2Q	105	3:1:3QS7-997N-QS36	Nati, pubblicazioni, matrimoni, morti, cittadinanze 1866-1878 Nati, pubblicazioni, matrimoni 1879
Santa Maria a Vico	MC5R-M2Q	106	3:1:3QS7-997N-QSMV	Nati, pubblicazioni, matrimoni, morti, cittadinanze 1866-1878 Nati, pubblicazioni, matrimoni 1879
Santa Maria a Vico	MC5R-M2Q	107	3:1:3QS7-997N-Q9YQ	Nati, pubblicazioni, matrimoni, morti, cittadinanze 1866-1878 Nati, pubblicazioni, matrimoni 1879
Santa Maria a Vico	MC5R-M2Q	108	3:1:3QS7-997N-Q9B3	Nati, pubblicazioni, matrimoni, morti, cittadinanze 1866-1878 Nati, pubblicazioni, matrimoni 1879
Santa Maria a Vico	MC5R-M2Q	109	3:1:3QS7-997N-QSSL	Nati, pubblicazioni, matrimoni, morti, cittadinanze 1866-1878 Nati, pubblicazioni, matrimoni 1879
Santa Maria a Vico	MC5R-M2Q	110	3:1:3QSQ-G97N-Q9JD	Nati, pubblicazioni, matrimoni, morti, cittadinanze 1866-1878 Nati, pubblicazioni, matrimoni 1879
Santa Maria a Vico	MC5R-M2Q	111	3:1:3QS7-L97N-Q9TV	Nati, pubblicazioni, matrimoni, morti, cittadinanze 1866-1878 Nati, pubblicazioni, matrimoni 1879
Santa Maria a Vico	MC5R-M2Q	112	3:1:3QS7-L97N-Q9PQ	Nati, pubblicazioni, matrimoni, morti, cittadinanze 1866-1878 Nati, pubblicazioni, matrimoni 1879
Santa Maria a Vico	MC5R-M2Q	113	3:1:3QSQ-G97N-Q9K3	Nati, pubblicazioni, matrimoni, morti, cittadinanze 1866-1878 Nati, pubblicazioni, matrimoni 1879
Santa Maria a Vico	MC5R-M2Q	114	3:1:3QS7-997N-QSMY	Nati, pubblicazioni, matrimoni, morti, cittadinanze 1866-1878 Nati, pubblicazioni, matrimoni 1879
Santa Maria a Vico	MC5R-M2Q	115	3:1:3QS7-L97N-Q9YC	Nati, pubblicazioni, matrimoni, morti, cittadinanze 1866-1878 Nati, pubblicazioni, matrimoni 1879
Santa Maria a Vico	MC5R-M2Q	116	3:1:3QS7-997N-Q9T9	Nati, pubblicazioni, matrimoni, morti, cittadinanze 1866-1878 Nati, pubblicazioni, matrimoni 1879
Santa Maria a Vico	MC5R-M2Q	117	3:1:3QSQ-G97N-Q95S	Nati, pubblicazioni, matrimoni, morti, cittadinanze 1866-1878 Nati, pubblicazioni, matrimoni 1879
Santa Maria a Vico	MC5R-M2Q	118	3:1:3QS7-L97N-Q9P8	Nati, pubblicazioni, matrimoni, morti, cittadinanze 1866-1878 Nati, pubblicazioni, matrimoni 1879
Santa Maria a Vico	MC5R-M2Q	119	3:1:3QS7-897N-Q95F	Nati, pubblicazioni, matrimoni, morti, cittadinanze 1866-1878 Nati, pubblicazioni, matrimoni 1879
Santa Maria a Vico	MC5R-M2Q	120	3:1:3QS7-997N-Q9GF	Nati, pubblicazioni, matrimoni, morti, cittadinanze 1866-1878 Nati, pubblicazioni, matrimoni 1879
Santa Maria a Vico	MC5R-M2Q	121	3:1:3QSQ-G97N-Q9LV	Nati, pubblicazioni, matrimoni, morti, cittadinanze 1866-1878 Nati, pubblicazioni, matrimoni 1879
Santa Maria a Vico	MC5R-M2Q	122	3:1:3QS7-L97N-Q9LF	Nati, pubblicazioni, matrimoni, morti, cittadinanze 1866-1878 Nati, pubblicazioni, matrimoni 1879
Santa Maria a Vico	MC5R-M2Q	123	3:1:3QS7-L97N-Q959	Nati, pubblicazioni, matrimoni, morti, cittadinanze 1866-1878 Nati, pubblicazioni, matrimoni 1879
Santa Maria a Vico	MC5R-M2Q	124	3:1:3QS7-L97N-Q95G	Nati, pubblicazioni, matrimoni, morti, cittadinanze 1866-1878 Nati, pubblicazioni, matrimoni 1879
Santa Maria a Vico	MC5R-M2Q	125	3:1:3QSQ-G97N-Q9LJ	Nati, pubblicazioni, matrimoni, morti, cittadinanze 1866-1878 Nati, pubblicazioni, matrimoni 1879
Santa Maria a Vico	MC5R-M2Q	126	3:1:3QS7-L97N-Q9Y3	Nati, pubblicazioni, matrimoni, morti, cittadinanze 1866-1878 Nati, pubblicazioni, matrimoni 1879
Santa Maria a Vico	MC5R-M2Q	127	3:1:3QS7-L97N-Q9GP	Nati, pubblicazioni, matrimoni, morti, cittadinanze 1866-1878 Nati, pubblicazioni, matrimoni 1879
Santa Maria a Vico	MC5R-M2Q	128	3:1:3QS7-997N-QSMR	Nati, pubblicazioni, matrimoni, morti, cittadinanze 1866-1878 Nati, pubblicazioni, matrimoni 1879
Santa Maria a Vico	MC5R-M2Q	129	3:1:3QS7-997N-Q9R8	Nati, pubblicazioni, matrimoni, morti, cittadinanze 1866-1878 Nati, pubblicazioni, matrimoni 1879
Santa Maria a Vico	MC5R-M2Q	130	3:1:3QS7-L97N-Q9T6	Nati, pubblicazioni, matrimoni, morti, cittadinanze 1866-1878 Nati, pubblicazioni, matrimoni 1879
Santa Maria a Vico	MC5R-M2Q	131	3:1:3QSQ-G97N-Q9L7	Nati, pubblicazioni, matrimoni, morti, cittadinanze 1866-1878 Nati, pubblicazioni, matrimoni 1879
Santa Maria a Vico	MC5R-M2Q	132	3:1:3QS7-L97N-Q9PL	Nati, pubblicazioni, matrimoni, morti, cittadinanze 1866-1878 Nati, pubblicazioni, matrimoni 1879
Santa Maria a Vico	MC5R-M2Q	133	3:1:3QS7-997N-Q9R1	Nati, pubblicazioni, matrimoni, morti, cittadinanze 1866-1878 Nati, pubblicazioni, matrimoni 1879
Santa Maria a Vico	MC5R-M2Q	134	3:1:3QS7-L97N-Q9RY	Nati, pubblicazioni, matrimoni, morti, cittadinanze 1866-1878 Nati, pubblicazioni, matrimoni 1879
Santa Maria a Vico	MC5R-M2Q	135	3:1:3QS7-897N-Q9PY	Nati, pubblicazioni, matrimoni, morti, cittadinanze 1866-1878 Nati, pubblicazioni, matrimoni 1879
Santa Maria a Vico	MC5R-M2Q	136	3:1:3QSQ-G97N-Q9K2	Nati, pubblicazioni, matrimoni, morti, cittadinanze 1866-1878 Nati, pubblicazioni, matrimoni 1879
Santa Maria a Vico	MC5R-M2Q	137	3:1:3QS7-L97N-Q9L1	Nati, pubblicazioni, matrimoni, morti, cittadinanze 1866-1878 Nati, pubblicazioni, matrimoni 1879
Santa Maria a Vico	MC5R-M2Q	138	3:1:3QS7-897N-Q9T4	Nati, pubblicazioni, matrimoni, morti, cittadinanze 1866-1878 Nati, pubblicazioni, matrimoni 1879
Santa Maria a Vico	MC5R-M2Q	139	3:1:3QS7-997N-Q91P	Nati, pubblicazioni, matrimoni, morti, cittadinanze 1866-1878 Nati, pubblicazioni, matrimoni 1879
Santa Maria a Vico	MC5R-M2Q	140	3:1:3QS7-997N-Q9BB	Nati, pubblicazioni, matrimoni, morti, cittadinanze 1866-1878 Nati, pubblicazioni, matrimoni 1879
Santa Maria a Vico	MC5R-M2Q	141	3:1:3QSQ-G97N-Q9F9	Nati, pubblicazioni, matrimoni, morti, cittadinanze 1866-1878 Nati, pubblicazioni, matrimoni 1879
Santa Maria a Vico	MC5R-M2Q	142	3:1:3QSQ-G97N-Q9NM	Nati, pubblicazioni, matrimoni, morti, cittadinanze 1866-1878 Nati, pubblicazioni, matrimoni 1879
Santa Maria a Vico	MC5R-M2Q	143	3:1:3QSQ-G97N-Q9VV	Nati, pubblicazioni, matrimoni, morti, cittadinanze 1866-1878 Nati, pubblicazioni, matrimoni 1879
Santa Maria a Vico	MC5R-M2Q	144	3:1:3QS7-897N-Q9P8	Nati, pubblicazioni, matrimoni, morti, cittadinanze 1866-1878 Nati, pubblicazioni, matrimoni 1879
Santa Maria a Vico	MC5R-M2Q	145	3:1:3QS7-897N-Q9RZ	Nati, pubblicazioni, matrimoni, morti, cittadinanze 1866-1878 Nati, pubblicazioni, matrimoni 1879
Santa Maria a Vico	MC5R-M2Q	146	3:1:3QS7-L97N-Q95N	Nati, pubblicazioni, matrimoni, morti, cittadinanze 1866-1878 Nati, pubblicazioni, matrimoni 1879
Santa Maria a Vico	MC5R-M2Q	147	3:1:3QS7-997N-Q92G	Nati, pubblicazioni, matrimoni, morti, cittadinanze 1866-1878 Nati, pubblicazioni, matrimoni 1879
Santa Maria a Vico	MC5R-M2Q	148	3:1:3QS7-997N-Q9GN	Nati, pubblicazioni, matrimoni, morti, cittadinanze 1866-1878 Nati, pubblicazioni, matrimoni 1879
Santa Maria a Vico	MC5R-M2Q	149	3:1:3QS7-997N-Q9Y5	Nati, pubblicazioni, matrimoni, morti, cittadinanze 1866-1878 Nati, pubblicazioni, matrimoni 1879
Santa Maria a Vico	MC5R-M2Q	150	3:1:3QS7-997N-Q9RR	Nati, pubblicazioni, matrimoni, morti, cittadinanze 1866-1878 Nati, pubblicazioni, matrimoni 1879
Santa Maria a Vico	MC5R-M2Q	151	3:1:3QS7-997N-Q9TF	Nati, pubblicazioni, matrimoni, morti, cittadinanze 1866-1878 Nati, pubblicazioni, matrimoni 1879
Santa Maria a Vico	MC5R-M2Q	152	3:1:3QS7-897N-Q95T	Nati, pubblicazioni, matrimoni, morti, cittadinanze 1866-1878 Nati, pubblicazioni, matrimoni 1879
Santa Maria a Vico	MC5R-M2Q	153	3:1:3QS7-L97N-Q9V6	Nati, pubblicazioni, matrimoni, morti, cittadinanze 1866-1878 Nati, pubblicazioni, matrimoni 1879
Santa Maria a Vico	MC5R-M2Q	154	3:1:3QS7-L97N-Q9G5	Nati, pubblicazioni, matrimoni, morti, cittadinanze 1866-1878 Nati, pubblicazioni, matrimoni 1879
Santa Maria a Vico	MC5R-M2Q	155	3:1:3QS7-L97N-Q9VH	Nati, pubblicazioni, matrimoni, morti, cittadinanze 1866-1878 Nati, pubblicazioni, matrimoni 1879
Santa Maria a Vico	MC5R-M2Q	156	3:1:3QS7-897N-Q92J	Nati, pubblicazioni, matrimoni, morti, cittadinanze 1866-1878 Nati, pubblicazioni, matrimoni 1879
Santa Maria a Vico	MC5R-M2Q	157	3:1:3QS7-997N-Q9VY	Nati, pubblicazioni, matrimoni, morti, cittadinanze 1866-1878 Nati, pubblicazioni, matrimoni 1879
Santa Maria a Vico	MC5R-M2Q	158	3:1:3QS7-997N-Q9G5	Nati, pubblicazioni, matrimoni, morti, cittadinanze 1866-1878 Nati, pubblicazioni, matrimoni 1879
Santa Maria a Vico	MC5R-M2Q	159	3:1:3QS7-997N-Q9YV	Nati, pubblicazioni, matrimoni, morti, cittadinanze 1866-1878 Nati, pubblicazioni, matrimoni 1879
Santa Maria a Vico	MC5R-M2Q	160	3:1:3QS7-997N-Q9PZ	Nati, pubblicazioni, matrimoni, morti, cittadinanze 1866-1878 Nati, pubblicazioni, matrimoni 1879
Santa Maria a Vico	MC5R-M2Q	161	3:1:3QS7-997N-Q92M	Nati, pubblicazioni, matrimoni, morti, cittadinanze 1866-1878 Nati, pubblicazioni, matrimoni 1879
Santa Maria a Vico	MC5R-M2Q	162	3:1:3QS7-897N-Q9PJ	Nati, pubblicazioni, matrimoni, morti, cittadinanze 1866-1878 Nati, pubblicazioni, matrimoni 1879
Santa Maria a Vico	MC5R-M2Q	163	3:1:3QS7-897N-Q9P3	Nati, pubblicazioni, matrimoni, morti, cittadinanze 1866-1878 Nati, pubblicazioni, matrimoni 1879
Santa Maria a Vico	MC5R-M2Q	164	3:1:3QS7-L97N-Q9N1	Nati, pubblicazioni, matrimoni, morti, cittadinanze 1866-1878 Nati, pubblicazioni, matrimoni 1879
Santa Maria a Vico	MC5R-M2Q	165	3:1:3QS7-L97N-Q9NR	Nati, pubblicazioni, matrimoni, morti, cittadinanze 1866-1878 Nati, pubblicazioni, matrimoni 1879
Santa Maria a Vico	MC5R-M2Q	166	3:1:3QS7-L97N-Q9LS	Nati, pubblicazioni, matrimoni, morti, cittadinanze 1866-1878 Nati, pubblicazioni, matrimoni 1879
Santa Maria a Vico	MC5R-M2Q	167	3:1:3QSQ-G97N-Q9XK	Nati, pubblicazioni, matrimoni, morti, cittadinanze 1866-1878 Nati, pubblicazioni, matrimoni 1879
Santa Maria a Vico	MC5R-M2Q	168	3:1:3QS7-897N-Q95N	Nati, pubblicazioni, matrimoni, morti, cittadinanze 1866-1878 Nati, pubblicazioni, matrimoni 1879
Santa Maria a Vico	MC5R-M2Q	169	3:1:3QS7-997N-Q9PK	Nati, pubblicazioni, matrimoni, morti, cittadinanze 1866-1878 Nati, pubblicazioni, matrimoni 1879
Santa Maria a Vico	MC5R-M2Q	170	3:1:3QS7-L97N-Q9LJ	Nati, pubblicazioni, matrimoni, morti, cittadinanze 1866-1878 Nati, pubblicazioni, matrimoni 1879
Santa Maria a Vico	MC5R-M2Q	171	3:1:3QS7-997N-Q9YG	Nati, pubblicazioni, matrimoni, morti, cittadinanze 1866-1878 Nati, pubblicazioni, matrimoni 1879
Santa Maria a Vico	MC5R-M2Q	172	3:1:3QS7-L97N-Q9L3	Nati, pubblicazioni, matrimoni, morti, cittadinanze 1866-1878 Nati, pubblicazioni, matrimoni 1879
Santa Maria a Vico	MC5R-M2Q	173	3:1:3QS7-997N-Q9RB	Nati, pubblicazioni, matrimoni, morti, cittadinanze 1866-1878 Nati, pubblicazioni, matrimoni 1879
Santa Maria a Vico	MC5R-M2Q	174	3:1:3QS7-897N-Q9R7	Nati, pubblicazioni, matrimoni, morti, cittadinanze 1866-1878 Nati, pubblicazioni, matrimoni 1879
Santa Maria a Vico	MC5R-M2Q	175	3:1:3QS7-997N-Q95F	Nati, pubblicazioni, matrimoni, morti, cittadinanze 1866-1878 Nati, pubblicazioni, matrimoni 1879
Santa Maria a Vico	MC5R-M2Q	176	3:1:3QS7-897N-Q9LR	Nati, pubblicazioni, matrimoni, morti, cittadinanze 1866-1878 Nati, pubblicazioni, matrimoni 1879
Santa Maria a Vico	MC5R-M2Q	177	3:1:3QS7-997N-Q9NB	Nati, pubblicazioni, matrimoni, morti, cittadinanze 1866-1878 Nati, pubblicazioni, matrimoni 1879
Santa Maria a Vico	MC5R-M2Q	178	3:1:3QS7-897N-Q9PS	Nati, pubblicazioni, matrimoni, morti, cittadinanze 1866-1878 Nati, pubblicazioni, matrimoni 1879
Santa Maria a Vico	MC5R-M2Q	179	3:1:3QS7-997N-Q9JM	Nati, pubblicazioni, matrimoni, morti, cittadinanze 1866-1878 Nati, pubblicazioni, matrimoni 1879
Santa Maria a Vico	MC5R-M2Q	180	3:1:3QS7-897N-Q9PW	Nati, pubblicazioni, matrimoni, morti, cittadinanze 1866-1878 Nati, pubblicazioni, matrimoni 1879
Santa Maria a Vico	MC5R-M2Q	181	3:1:3QS7-997N-Q9G6	Nati, pubblicazioni, matrimoni, morti, cittadinanze 1866-1878 Nati, pubblicazioni, matrimoni 1879
Santa Maria a Vico	MC5R-M2Q	182	3:1:3QSQ-G97N-Q9JT	Nati, pubblicazioni, matrimoni, morti, cittadinanze 1866-1878 Nati, pubblicazioni, matrimoni 1879
Santa Maria a Vico	MC5R-M2Q	183	3:1:3QSQ-G97N-Q9JV	Nati, pubblicazioni, matrimoni, morti, cittadinanze 1866-1878 Nati, pubblicazioni, matrimoni 1879
Santa Maria a Vico	MC5R-M2Q	184	3:1:3QS7-897N-Q959	Nati, pubblicazioni, matrimoni, morti, cittadinanze 1866-1878 Nati, pubblicazioni, matrimoni 1879
Santa Maria a Vico	MC5R-M2Q	185	3:1:3QS7-897N-Q9GF	Nati, pubblicazioni, matrimoni, morti, cittadinanze 1866-1878 Nati, pubblicazioni, matrimoni 1879
Santa Maria a Vico	MC5R-M2Q	186	3:1:3QS7-997N-Q92C	Nati, pubblicazioni, matrimoni, morti, cittadinanze 1866-1878 Nati, pubblicazioni, matrimoni 1879
Santa Maria a Vico	MC5R-M2Q	187	3:1:3QS7-897N-Q9LN	Nati, pubblicazioni, matrimoni, morti, cittadinanze 1866-1878 Nati, pubblicazioni, matrimoni 1879
Santa Maria a Vico	MC5R-M2Q	188	3:1:3QSQ-G97N-Q9FX	Nati, pubblicazioni, matrimoni, morti, cittadinanze 1866-1878 Nati, pubblicazioni, matrimoni 1879
Santa Maria a Vico	MC5R-M2Q	189	3:1:3QS7-L97N-Q9KJ	Nati, pubblicazioni, matrimoni, morti, cittadinanze 1866-1878 Nati, pubblicazioni, matrimoni 1879
Santa Maria a Vico	MC5R-M2Q	190	3:1:3QS7-997N-Q92H	Nati, pubblicazioni, matrimoni, morti, cittadinanze 1866-1878 Nati, pubblicazioni, matrimoni 1879
Santa Maria a Vico	MC5R-M2Q	191	3:1:3QS7-897N-Q95W	Nati, pubblicazioni, matrimoni, morti, cittadinanze 1866-1878 Nati, pubblicazioni, matrimoni 1879
Santa Maria a Vico	MC5R-M2Q	192	3:1:3QS7-997N-Q9L4	Nati, pubblicazioni, matrimoni, morti, cittadinanze 1866-1878 Nati, pubblicazioni, matrimoni 1879
Santa Maria a Vico	MC5R-M2Q	193	3:1:3QSQ-G97N-Q9FD	Nati, pubblicazioni, matrimoni, morti, cittadinanze 1866-1878 Nati, pubblicazioni, matrimoni 1879
Santa Maria a Vico	MC5R-M2Q	194	3:1:3QS7-L97N-Q9JL	Nati, pubblicazioni, matrimoni, morti, cittadinanze 1866-1878 Nati, pubblicazioni, matrimoni 1879
Santa Maria a Vico	MC5R-M2Q	195	3:1:3QS7-897N-Q9V4	Nati, pubblicazioni, matrimoni, morti, cittadinanze 1866-1878 Nati, pubblicazioni, matrimoni 1879
Santa Maria a Vico	MC5R-M2Q	196	3:1:3QS7-897N-Q926	Nati, pubblicazioni, matrimoni, morti, cittadinanze 1866-1878 Nati, pubblicazioni, matrimoni 1879
Santa Maria a Vico	MC5R-M2Q	197	3:1:3QS7-897N-Q9K5	Nati, pubblicazioni, matrimoni, morti, cittadinanze 1866-1878 Nati, pubblicazioni, matrimoni 1879
Santa Maria a Vico	MC5R-M2Q	198	3:1:3QS7-L97N-Q9FS	Nati, pubblicazioni, matrimoni, morti, cittadinanze 1866-1878 Nati, pubblicazioni, matrimoni 1879
Santa Maria a Vico	MC5R-M2Q	199	3:1:3QS7-897N-Q9K2	Nati, pubblicazioni, matrimoni, morti, cittadinanze 1866-1878 Nati, pubblicazioni, matrimoni 1879
Santa Maria a Vico	MC5R-M2Q	200	3:1:3QS7-L97N-Q9VZ	Nati, pubblicazioni, matrimoni, morti, cittadinanze 1866-1878 Nati, pubblicazioni, matrimoni 1879
Santa Maria a Vico	MC5R-M2Q	201	3:1:3QS7-897N-Q9KM	Nati, pubblicazioni, matrimoni, morti, cittadinanze 1866-1878 Nati, pubblicazioni, matrimoni 1879
Santa Maria a Vico	MC5R-M2Q	202	3:1:3QS7-897N-Q9K9	Nati, pubblicazioni, matrimoni, morti, cittadinanze 1866-1878 Nati, pubblicazioni, matrimoni 1879
Santa Maria a Vico	MC5R-M2Q	203	3:1:3QS7-997N-Q9J1	Nati, pubblicazioni, matrimoni, morti, cittadinanze 1866-1878 Nati, pubblicazioni, matrimoni 1879
Santa Maria a Vico	MC5R-M2Q	204	3:1:3QS7-L97N-Q9JW	Nati, pubblicazioni, matrimoni, morti, cittadinanze 1866-1878 Nati, pubblicazioni, matrimoni 1879
Santa Maria a Vico	MC5R-M2Q	205	3:1:3QS7-L97N-Q9JX	Nati, pubblicazioni, matrimoni, morti, cittadinanze 1866-1878 Nati, pubblicazioni, matrimoni 1879
Santa Maria a Vico	MC5R-M2Q	206	3:1:3QS7-L97N-Q9FN	Nati, pubblicazioni, matrimoni, morti, cittadinanze 1866-1878 Nati, pubblicazioni, matrimoni 1879
Santa Maria a Vico	MC5R-M2Q	207	3:1:3QSQ-G97N-Q967	Nati, pubblicazioni, matrimoni, morti, cittadinanze 1866-1878 Nati, pubblicazioni, matrimoni 1879
Santa Maria a Vico	MC5R-M2Q	208	3:1:3QSQ-G97N-Q98B	Nati, pubblicazioni, matrimoni, morti, cittadinanze 1866-1878 Nati, pubblicazioni, matrimoni 1879
Santa Maria a Vico	MC5R-M2Q	209	3:1:3QS7-997N-Q9VP	Nati, pubblicazioni, matrimoni, morti, cittadinanze 1866-1878 Nati, pubblicazioni, matrimoni 1879
Santa Maria a Vico	MC5R-M2Q	210	3:1:3QS7-L97N-Q9VP	Nati, pubblicazioni, matrimoni, morti, cittadinanze 1866-1878 Nati, pubblicazioni, matrimoni 1879
Santa Maria a Vico	MC5R-M2Q	211	3:1:3QSQ-G97N-Q966	Nati, pubblicazioni, matrimoni, morti, cittadinanze 1866-1878 Nati, pubblicazioni, matrimoni 1879
Santa Maria a Vico	MC5R-M2Q	212	3:1:3QS7-997N-Q92S	Nati, pubblicazioni, matrimoni, morti, cittadinanze 1866-1878 Nati, pubblicazioni, matrimoni 1879
Santa Maria a Vico	MC5R-M2Q	213	3:1:3QS7-L97N-Q96R	Nati, pubblicazioni, matrimoni, morti, cittadinanze 1866-1878 Nati, pubblicazioni, matrimoni 1879
Santa Maria a Vico	MC5R-M2Q	214	3:1:3QS7-897N-Q9VZ	Nati, pubblicazioni, matrimoni, morti, cittadinanze 1866-1878 Nati, pubblicazioni, matrimoni 1879
Santa Maria a Vico	MC5R-M2Q	215	3:1:3QS7-997N-Q9PM	Nati, pubblicazioni, matrimoni, morti, cittadinanze 1866-1878 Nati, pubblicazioni, matrimoni 1879
Santa Maria a Vico	MC5R-M2Q	216	3:1:3QS7-L97N-Q9V5	Nati, pubblicazioni, matrimoni, morti, cittadinanze 1866-1878 Nati, pubblicazioni, matrimoni 1879
Santa Maria a Vico	MC5R-M2Q	217	3:1:3QS7-997N-Q92D	Nati, pubblicazioni, matrimoni, morti, cittadinanze 1866-1878 Nati, pubblicazioni, matrimoni 1879
Santa Maria a Vico	MC5R-M2Q	218	3:1:3QS7-997N-Q9FD	Nati, pubblicazioni, matrimoni, morti, cittadinanze 1866-1878 Nati, pubblicazioni, matrimoni 1879
Santa Maria a Vico	MC5R-M2Q	219	3:1:3QS7-997N-Q9VV	Nati, pubblicazioni, matrimoni, morti, cittadinanze 1866-1878 Nati, pubblicazioni, matrimoni 1879
Santa Maria a Vico	MC5R-M2Q	220	3:1:3QS7-L97N-Q9VK	Nati, pubblicazioni, matrimoni, morti, cittadinanze 1866-1878 Nati, pubblicazioni, matrimoni 1879
Santa Maria a Vico	MC5R-M2Q	221	3:1:3QS7-897N-Q922	Nati, pubblicazioni, matrimoni, morti, cittadinanze 1866-1878 Nati, pubblicazioni, matrimoni 1879
Santa Maria a Vico	MC5R-M2Q	222	3:1:3QS7-997N-Q9K6	Nati, pubblicazioni, matrimoni, morti, cittadinanze 1866-1878 Nati, pubblicazioni, matrimoni 1879
Santa Maria a Vico	MC5R-M2Q	223	3:1:3QS7-897N-Q9V3	Nati, pubblicazioni, matrimoni, morti, cittadinanze 1866-1878 Nati, pubblicazioni, matrimoni 1879
Santa Maria a Vico	MC5R-M2Q	224	3:1:3QS7-L97N-Q9JQ	Nati, pubblicazioni, matrimoni, morti, cittadinanze 1866-1878 Nati, pubblicazioni, matrimoni 1879
Santa Maria a Vico	MC5R-M2Q	225	3:1:3QS7-897N-Q9NH	Nati, pubblicazioni, matrimoni, morti, cittadinanze 1866-1878 Nati, pubblicazioni, matrimoni 1879
Santa Maria a Vico	MC5R-M2Q	226	3:1:3QS7-897N-Q9J2	Nati, pubblicazioni, matrimoni, morti, cittadinanze 1866-1878 Nati, pubblicazioni, matrimoni 1879
Santa Maria a Vico	MC5R-M2Q	227	3:1:3QSQ-G97N-Q961	Nati, pubblicazioni, matrimoni, morti, cittadinanze 1866-1878 Nati, pubblicazioni, matrimoni 1879
Santa Maria a Vico	MC5R-M2Q	228	3:1:3QS7-997N-Q9FM	Nati, pubblicazioni, matrimoni, morti, cittadinanze 1866-1878 Nati, pubblicazioni, matrimoni 1879
Santa Maria a Vico	MC5R-M2Q	229	3:1:3QS7-997N-Q9X1	Nati, pubblicazioni, matrimoni, morti, cittadinanze 1866-1878 Nati, pubblicazioni, matrimoni 1879
Santa Maria a Vico	MC5R-M2Q	230	3:1:3QSQ-G97N-Q9FN	Nati, pubblicazioni, matrimoni, morti, cittadinanze 1866-1878 Nati, pubblicazioni, matrimoni 1879
Santa Maria a Vico	MC5R-M2Q	231	3:1:3QS7-997N-Q9NX	Nati, pubblicazioni, matrimoni, morti, cittadinanze 1866-1878 Nati, pubblicazioni, matrimoni 1879
Santa Maria a Vico	MC5R-M2Q	232	3:1:3QS7-997N-Q9KP	Nati, pubblicazioni, matrimoni, morti, cittadinanze 1866-1878 Nati, pubblicazioni, matrimoni 1879
Santa Maria a Vico	MC5R-M2Q	233	3:1:3QS7-L97N-Q9NQ	Nati, pubblicazioni, matrimoni, morti, cittadinanze 1866-1878 Nati, pubblicazioni, matrimoni 1879
Santa Maria a Vico	MC5R-M2Q	234	3:1:3QS7-L97N-Q9N8	Nati, pubblicazioni, matrimoni, morti, cittadinanze 1866-1878 Nati, pubblicazioni, matrimoni 1879
Santa Maria a Vico	MC5R-M2Q	235	3:1:3QS7-L97N-Q9VV	Nati, pubblicazioni, matrimoni, morti, cittadinanze 1866-1878 Nati, pubblicazioni, matrimoni 1879
Santa Maria a Vico	MC5R-M2Q	236	3:1:3QS7-897N-Q9FY	Nati, pubblicazioni, matrimoni, morti, cittadinanze 1866-1878 Nati, pubblicazioni, matrimoni 1879
Santa Maria a Vico	MC5R-M2Q	237	3:1:3QS7-L97N-Q9F9	Nati, pubblicazioni, matrimoni, morti, cittadinanze 1866-1878 Nati, pubblicazioni, matrimoni 1879
Santa Maria a Vico	MC5R-M2Q	238	3:1:3QSQ-G97N-Q985	Nati, pubblicazioni, matrimoni, morti, cittadinanze 1866-1878 Nati, pubblicazioni, matrimoni 1879
Santa Maria a Vico	MC5R-M2Q	239	3:1:3QS7-997N-Q9V5	Nati, pubblicazioni, matrimoni, morti, cittadinanze 1866-1878 Nati, pubblicazioni, matrimoni 1879
Santa Maria a Vico	MC5R-M2Q	240	3:1:3QS7-897N-Q9FW	Nati, pubblicazioni, matrimoni, morti, cittadinanze 1866-1878 Nati, pubblicazioni, matrimoni 1879
Santa Maria a Vico	MC5R-M2Q	241	3:1:3QS7-L97N-Q9FQ	Nati, pubblicazioni, matrimoni, morti, cittadinanze 1866-1878 Nati, pubblicazioni, matrimoni 1879
Santa Maria a Vico	MC5R-M2Q	242	3:1:3QS7-897N-Q9F3	Nati, pubblicazioni, matrimoni, morti, cittadinanze 1866-1878 Nati, pubblicazioni, matrimoni 1879
Santa Maria a Vico	MC5R-M2Q	243	3:1:3QSQ-G97N-Q9DK	Nati, pubblicazioni, matrimoni, morti, cittadinanze 1866-1878 Nati, pubblicazioni, matrimoni 1879
Santa Maria a Vico	MC5R-M2Q	244	3:1:3QS7-997N-Q9JL	Nati, pubblicazioni, matrimoni, morti, cittadinanze 1866-1878 Nati, pubblicazioni, matrimoni 1879
Santa Maria a Vico	MC5R-M2Q	245	3:1:3QS7-897N-Q9J7	Nati, pubblicazioni, matrimoni, morti, cittadinanze 1866-1878 Nati, pubblicazioni, matrimoni 1879
Santa Maria a Vico	MC5R-M2Q	246	3:1:3QS7-897N-Q9J5	Nati, pubblicazioni, matrimoni, morti, cittadinanze 1866-1878 Nati, pubblicazioni, matrimoni 1879
Santa Maria a Vico	MC5R-M2Q	247	3:1:3QS7-897N-Q9VD	Nati, pubblicazioni, matrimoni, morti, cittadinanze 1866-1878 Nati, pubblicazioni, matrimoni 1879
Santa Maria a Vico	MC5R-M2Q	248	3:1:3QS7-897N-Q963	Nati, pubblicazioni, matrimoni, morti, cittadinanze 1866-1878 Nati, pubblicazioni, matrimoni 1879
Santa Maria a Vico	MC5R-M2Q	249	3:1:3QSQ-G97N-Q9XB	Nati, pubblicazioni, matrimoni, morti, cittadinanze 1866-1878 Nati, pubblicazioni, matrimoni 1879
Santa Maria a Vico	MC5R-M2Q	250	3:1:3QS7-L97N-Q96M	Nati, pubblicazioni, matrimoni, morti, cittadinanze 1866-1878 Nati, pubblicazioni, matrimoni 1879
Santa Maria a Vico	MC5R-M2Q	251	3:1:3QS7-897N-Q9FK	Nati, pubblicazioni, matrimoni, morti, cittadinanze 1866-1878 Nati, pubblicazioni, matrimoni 1879
Santa Maria a Vico	MC5R-M2Q	252	3:1:3QS7-L97N-Q9FK	Nati, pubblicazioni, matrimoni, morti, cittadinanze 1866-1878 Nati, pubblicazioni, matrimoni 1879
Santa Maria a Vico	MC5R-M2Q	253	3:1:3QS7-L97N-Q982	Nati, pubblicazioni, matrimoni, morti, cittadinanze 1866-1878 Nati, pubblicazioni, matrimoni 1879
Santa Maria a Vico	MC5R-M2Q	254	3:1:3QSQ-G97N-Q981	Nati, pubblicazioni, matrimoni, morti, cittadinanze 1866-1878 Nati, pubblicazioni, matrimoni 1879
Santa Maria a Vico	MC5R-M2Q	255	3:1:3QS7-L97N-Q9X6	Nati, pubblicazioni, matrimoni, morti, cittadinanze 1866-1878 Nati, pubblicazioni, matrimoni 1879
Santa Maria a Vico	MC5R-M2Q	256	3:1:3QS7-997N-Q9V6	Nati, pubblicazioni, matrimoni, morti, cittadinanze 1866-1878 Nati, pubblicazioni, matrimoni 1879
Santa Maria a Vico	MC5R-M2Q	257	3:1:3QS7-L97N-Q966	Nati, pubblicazioni, matrimoni, morti, cittadinanze 1866-1878 Nati, pubblicazioni, matrimoni 1879
Santa Maria a Vico	MC5R-M2Q	258	3:1:3QSQ-G97N-Q9Z2	Nati, pubblicazioni, matrimoni, morti, cittadinanze 1866-1878 Nati, pubblicazioni, matrimoni 1879
Santa Maria a Vico	MC5R-M2Q	259	3:1:3QS7-897N-Q9D8	Nati, pubblicazioni, matrimoni, morti, cittadinanze 1866-1878 Nati, pubblicazioni, matrimoni 1879
Santa Maria a Vico	MC5R-M2Q	260	3:1:3QS7-897N-Q9N2	Nati, pubblicazioni, matrimoni, morti, cittadinanze 1866-1878 Nati, pubblicazioni, matrimoni 1879
Santa Maria a Vico	MC5R-M2Q	261	3:1:3QS7-L97N-Q98Y	Nati, pubblicazioni, matrimoni, morti, cittadinanze 1866-1878 Nati, pubblicazioni, matrimoni 1879
Santa Maria a Vico	MC5R-M2Q	262	3:1:3QS7-L97N-Q9NX	Nati, pubblicazioni, matrimoni, morti, cittadinanze 1866-1878 Nati, pubblicazioni, matrimoni 1879
Santa Maria a Vico	MC5R-M2Q	263	3:1:3QS7-997N-Q9FK	Nati, pubblicazioni, matrimoni, morti, cittadinanze 1866-1878 Nati, pubblicazioni, matrimoni 1879
Santa Maria a Vico	MC5R-M2Q	264	3:1:3QS7-997N-Q98T	Nati, pubblicazioni, matrimoni, morti, cittadinanze 1866-1878 Nati, pubblicazioni, matrimoni 1879
Santa Maria a Vico	MC5R-M2Q	265	3:1:3QS7-897N-Q9FC	Nati, pubblicazioni, matrimoni, morti, cittadinanze 1866-1878 Nati, pubblicazioni, matrimoni 1879
Santa Maria a Vico	MC5R-M2Q	266	3:1:3QS7-L97N-Q9F6	Nati, pubblicazioni, matrimoni, morti, cittadinanze 1866-1878 Nati, pubblicazioni, matrimoni 1879
Santa Maria a Vico	MC5R-M2Q	267	3:1:3QS7-997N-Q9N9	Nati, pubblicazioni, matrimoni, morti, cittadinanze 1866-1878 Nati, pubblicazioni, matrimoni 1879
Santa Maria a Vico	MC5R-M2Q	268	3:1:3QS7-897N-Q9FJ	Nati, pubblicazioni, matrimoni, morti, cittadinanze 1866-1878 Nati, pubblicazioni, matrimoni 1879
Santa Maria a Vico	MC5R-M2Q	269	3:1:3QSQ-G97N-Q9ZF	Nati, pubblicazioni, matrimoni, morti, cittadinanze 1866-1878 Nati, pubblicazioni, matrimoni 1879
Santa Maria a Vico	MC5R-M2Q	270	3:1:3QS7-897N-Q98T	Nati, pubblicazioni, matrimoni, morti, cittadinanze 1866-1878 Nati, pubblicazioni, matrimoni 1879
Santa Maria a Vico	MC5R-M2Q	271	3:1:3QSQ-G97N-Q93M	Nati, pubblicazioni, matrimoni, morti, cittadinanze 1866-1878 Nati, pubblicazioni, matrimoni 1879
Santa Maria a Vico	MC5R-M2Q	272	3:1:3QS7-897N-Q9X2	Nati, pubblicazioni, matrimoni, morti, cittadinanze 1866-1878 Nati, pubblicazioni, matrimoni 1879
Santa Maria a Vico	MC5R-M2Q	273	3:1:3QS7-L97N-Q9X5	Nati, pubblicazioni, matrimoni, morti, cittadinanze 1866-1878 Nati, pubblicazioni, matrimoni 1879
Santa Maria a Vico	MC5R-M2Q	274	3:1:3QS7-897N-Q965	Nati, pubblicazioni, matrimoni, morti, cittadinanze 1866-1878 Nati, pubblicazioni, matrimoni 1879
Santa Maria a Vico	MC5R-M2Q	275	3:1:3QSQ-G97N-Q9H4	Nati, pubblicazioni, matrimoni, morti, cittadinanze 1866-1878 Nati, pubblicazioni, matrimoni 1879
Santa Maria a Vico	MC5R-M2Q	276	3:1:3QS7-897N-Q96G	Nati, pubblicazioni, matrimoni, morti, cittadinanze 1866-1878 Nati, pubblicazioni, matrimoni 1879
Santa Maria a Vico	MC5R-M2Q	277	3:1:3QS7-997N-Q9D1	Nati, pubblicazioni, matrimoni, morti, cittadinanze 1866-1878 Nati, pubblicazioni, matrimoni 1879
Santa Maria a Vico	MC5R-M2Q	278	3:1:3QS7-L97N-Q984	Nati, pubblicazioni, matrimoni, morti, cittadinanze 1866-1878 Nati, pubblicazioni, matrimoni 1879
Santa Maria a Vico	MC5R-M2Q	279	3:1:3QS7-897N-Q96T	Nati, pubblicazioni, matrimoni, morti, cittadinanze 1866-1878 Nati, pubblicazioni, matrimoni 1879
Santa Maria a Vico	MC5R-M2Q	280	3:1:3QS7-L97N-Q9C3	Nati, pubblicazioni, matrimoni, morti, cittadinanze 1866-1878 Nati, pubblicazioni, matrimoni 1879
Santa Maria a Vico	MC5R-M2Q	281	3:1:3QSQ-G97N-Q962	Nati, pubblicazioni, matrimoni, morti, cittadinanze 1866-1878 Nati, pubblicazioni, matrimoni 1879
Santa Maria a Vico	MC5R-M2Q	282	3:1:3QSQ-G97N-Q9CY	Nati, pubblicazioni, matrimoni, morti, cittadinanze 1866-1878 Nati, pubblicazioni, matrimoni 1879
Santa Maria a Vico	MC5R-M2Q	283	3:1:3QS7-997N-Q98V	Nati, pubblicazioni, matrimoni, morti, cittadinanze 1866-1878 Nati, pubblicazioni, matrimoni 1879
Santa Maria a Vico	MC5R-M2Q	284	3:1:3QSQ-G97N-Q94Y	Nati, pubblicazioni, matrimoni, morti, cittadinanze 1866-1878 Nati, pubblicazioni, matrimoni 1879
Santa Maria a Vico	MC5R-M2Q	285	3:1:3QS7-L97N-Q96P	Nati, pubblicazioni, matrimoni, morti, cittadinanze 1866-1878 Nati, pubblicazioni, matrimoni 1879
Santa Maria a Vico	MC5R-M2Q	286	3:1:3QSQ-G97N-Q98T	Nati, pubblicazioni, matrimoni, morti, cittadinanze 1866-1878 Nati, pubblicazioni, matrimoni 1879
Santa Maria a Vico	MC5R-M2Q	287	3:1:3QS7-897N-Q98Z	Nati, pubblicazioni, matrimoni, morti, cittadinanze 1866-1878 Nati, pubblicazioni, matrimoni 1879
Santa Maria a Vico	MC5R-M2Q	288	3:1:3QSQ-G97N-Q94N	Nati, pubblicazioni, matrimoni, morti, cittadinanze 1866-1878 Nati, pubblicazioni, matrimoni 1879
Santa Maria a Vico	MC5R-M2Q	289	3:1:3QSQ-G97N-Q9ZM	Nati, pubblicazioni, matrimoni, morti, cittadinanze 1866-1878 Nati, pubblicazioni, matrimoni 1879
Santa Maria a Vico	MC5R-M2Q	290	3:1:3QS7-997N-Q9XX	Nati, pubblicazioni, matrimoni, morti, cittadinanze 1866-1878 Nati, pubblicazioni, matrimoni 1879
Santa Maria a Vico	MC5R-M2Q	291	3:1:3QSQ-G97N-Q94W	Nati, pubblicazioni, matrimoni, morti, cittadinanze 1866-1878 Nati, pubblicazioni, matrimoni 1879
Santa Maria a Vico	MC5R-M2Q	292	3:1:3QSQ-G97N-Q978	Nati, pubblicazioni, matrimoni, morti, cittadinanze 1866-1878 Nati, pubblicazioni, matrimoni 1879
Santa Maria a Vico	MC5R-M2Q	293	3:1:3QSQ-G97N-Q939	Nati, pubblicazioni, matrimoni, morti, cittadinanze 1866-1878 Nati, pubblicazioni, matrimoni 1879
Santa Maria a Vico	MC5R-M2Q	294	3:1:3QS7-997N-Q962	Nati, pubblicazioni, matrimoni, morti, cittadinanze 1866-1878 Nati, pubblicazioni, matrimoni 1879
Santa Maria a Vico	MC5R-M2Q	295	3:1:3QSQ-G97N-Q977	Nati, pubblicazioni, matrimoni, morti, cittadinanze 1866-1878 Nati, pubblicazioni, matrimoni 1879
Santa Maria a Vico	MC5R-M2Q	296	3:1:3QS7-L97N-Q9NB	Nati, pubblicazioni, matrimoni, morti, cittadinanze 1866-1878 Nati, pubblicazioni, matrimoni 1879
Santa Maria a Vico	MC5R-M2Q	297	3:1:3QSQ-G97N-Q934	Nati, pubblicazioni, matrimoni, morti, cittadinanze 1866-1878 Nati, pubblicazioni, matrimoni 1879
Santa Maria a Vico	MC5R-M2Q	298	3:1:3QS7-997N-Q981	Nati, pubblicazioni, matrimoni, morti, cittadinanze 1866-1878 Nati, pubblicazioni, matrimoni 1879
Santa Maria a Vico	MC5R-M2Q	299	3:1:3QS7-997N-Q9Z1	Nati, pubblicazioni, matrimoni, morti, cittadinanze 1866-1878 Nati, pubblicazioni, matrimoni 1879
Santa Maria a Vico	MC5R-M2Q	300	3:1:3QSQ-G97N-Q9ZV	Nati, pubblicazioni, matrimoni, morti, cittadinanze 1866-1878 Nati, pubblicazioni, matrimoni 1879
Santa Maria a Vico	MC5R-M2Q	301	3:1:3QSQ-G97N-Q93K	Nati, pubblicazioni, matrimoni, morti, cittadinanze 1866-1878 Nati, pubblicazioni, matrimoni 1879
Santa Maria a Vico	MC5R-M2Q	302	3:1:3QSQ-G97N-Q9CM	Nati, pubblicazioni, matrimoni, morti, cittadinanze 1866-1878 Nati, pubblicazioni, matrimoni 1879
Santa Maria a Vico	MC5R-M2Q	303	3:1:3QS7-897N-Q96N	Nati, pubblicazioni, matrimoni, morti, cittadinanze 1866-1878 Nati, pubblicazioni, matrimoni 1879
Santa Maria a Vico	MC5R-M2Q	304	3:1:3QS7-897N-Q984	Nati, pubblicazioni, matrimoni, morti, cittadinanze 1866-1878 Nati, pubblicazioni, matrimoni 1879
Santa Maria a Vico	MC5R-M2Q	305	3:1:3QSQ-G97N-Q9W5	Nati, pubblicazioni, matrimoni, morti, cittadinanze 1866-1878 Nati, pubblicazioni, matrimoni 1879
Santa Maria a Vico	MC5R-M2Q	306	3:1:3QS7-897N-Q969	Nati, pubblicazioni, matrimoni, morti, cittadinanze 1866-1878 Nati, pubblicazioni, matrimoni 1879
Santa Maria a Vico	MC5R-M2Q	307	3:1:3QS7-L97N-Q9HZ	Nati, pubblicazioni, matrimoni, morti, cittadinanze 1866-1878 Nati, pubblicazioni, matrimoni 1879
Santa Maria a Vico	MC5R-M2Q	308	3:1:3QSQ-G97N-Q9W1	Nati, pubblicazioni, matrimoni, morti, cittadinanze 1866-1878 Nati, pubblicazioni, matrimoni 1879
Santa Maria a Vico	MC5R-M2Q	309	3:1:3QS7-L97N-Q9CY	Nati, pubblicazioni, matrimoni, morti, cittadinanze 1866-1878 Nati, pubblicazioni, matrimoni 1879
Santa Maria a Vico	MC5R-M2Q	310	3:1:3QSQ-G97N-Q9HZ	Nati, pubblicazioni, matrimoni, morti, cittadinanze 1866-1878 Nati, pubblicazioni, matrimoni 1879
Santa Maria a Vico	MC5R-M2Q	311	3:1:3QS7-997N-Q9Z6	Nati, pubblicazioni, matrimoni, morti, cittadinanze 1866-1878 Nati, pubblicazioni, matrimoni 1879
Santa Maria a Vico	MC5R-M2Q	312	3:1:3QSQ-G97N-Q9W3	Nati, pubblicazioni, matrimoni, morti, cittadinanze 1866-1878 Nati, pubblicazioni, matrimoni 1879
Santa Maria a Vico	MC5R-M2Q	313	3:1:3QS7-997N-Q96F	Nati, pubblicazioni, matrimoni, morti, cittadinanze 1866-1878 Nati, pubblicazioni, matrimoni 1879
Santa Maria a Vico	MC5R-M2Q	314	3:1:3QS7-L97N-Q9CS	Nati, pubblicazioni, matrimoni, morti, cittadinanze 1866-1878 Nati, pubblicazioni, matrimoni 1879
Santa Maria a Vico	MC5R-M2Q	315	3:1:3QS7-897N-Q9FR	Nati, pubblicazioni, matrimoni, morti, cittadinanze 1866-1878 Nati, pubblicazioni, matrimoni 1879
Santa Maria a Vico	MC5R-M2Q	316	3:1:3QSQ-G97N-Q97L	Nati, pubblicazioni, matrimoni, morti, cittadinanze 1866-1878 Nati, pubblicazioni, matrimoni 1879
Santa Maria a Vico	MC5R-M2Q	317	3:1:3QSQ-G97N-Q9HW	Nati, pubblicazioni, matrimoni, morti, cittadinanze 1866-1878 Nati, pubblicazioni, matrimoni 1879
Santa Maria a Vico	MC5R-M2Q	318	3:1:3QSQ-G97N-Q9WL	Nati, pubblicazioni, matrimoni, morti, cittadinanze 1866-1878 Nati, pubblicazioni, matrimoni 1879
Santa Maria a Vico	MC5R-M2Q	319	3:1:3QS7-897N-Q9D6	Nati, pubblicazioni, matrimoni, morti, cittadinanze 1866-1878 Nati, pubblicazioni, matrimoni 1879
Santa Maria a Vico	MC5R-M2Q	320	3:1:3QS7-997N-Q98B	Nati, pubblicazioni, matrimoni, morti, cittadinanze 1866-1878 Nati, pubblicazioni, matrimoni 1879
Santa Maria a Vico	MC5R-M2Q	321	3:1:3QS7-997N-Q96S	Nati, pubblicazioni, matrimoni, morti, cittadinanze 1866-1878 Nati, pubblicazioni, matrimoni 1879
Santa Maria a Vico	MC5R-M2Q	322	3:1:3QS7-897N-Q9CB	Nati, pubblicazioni, matrimoni, morti, cittadinanze 1866-1878 Nati, pubblicazioni, matrimoni 1879
Santa Maria a Vico	MC5R-M2Q	323	3:1:3QSQ-G97N-Q99L	Nati, pubblicazioni, matrimoni, morti, cittadinanze 1866-1878 Nati, pubblicazioni, matrimoni 1879
Santa Maria a Vico	MC5R-M2Q	324	3:1:3QS7-897N-Q9ZY	Nati, pubblicazioni, matrimoni, morti, cittadinanze 1866-1878 Nati, pubblicazioni, matrimoni 1879
Santa Maria a Vico	MC5R-M2Q	325	3:1:3QS7-997N-Q941	Nati, pubblicazioni, matrimoni, morti, cittadinanze 1866-1878 Nati, pubblicazioni, matrimoni 1879
Santa Maria a Vico	MC5R-M2Q	326	3:1:3QS7-897N-Q988	Nati, pubblicazioni, matrimoni, morti, cittadinanze 1866-1878 Nati, pubblicazioni, matrimoni 1879
Santa Maria a Vico	MC5R-M2Q	327	3:1:3QS7-997N-Q9HW	Nati, pubblicazioni, matrimoni, morti, cittadinanze 1866-1878 Nati, pubblicazioni, matrimoni 1879
Santa Maria a Vico	MC5R-M2Q	328	3:1:3QS7-997N-Q9ZW	Nati, pubblicazioni, matrimoni, morti, cittadinanze 1866-1878 Nati, pubblicazioni, matrimoni 1879
Santa Maria a Vico	MC5R-M2Q	329	3:1:3QS7-L97N-Q9WJ	Nati, pubblicazioni, matrimoni, morti, cittadinanze 1866-1878 Nati, pubblicazioni, matrimoni 1879
Santa Maria a Vico	MC5R-M2Q	330	3:1:3QSQ-G97N-Q9W9	Nati, pubblicazioni, matrimoni, morti, cittadinanze 1866-1878 Nati, pubblicazioni, matrimoni 1879
Santa Maria a Vico	MC5R-M2Q	331	3:1:3QS7-L97N-Q9HL	Nati, pubblicazioni, matrimoni, morti, cittadinanze 1866-1878 Nati, pubblicazioni, matrimoni 1879
Santa Maria a Vico	MC5R-M2Q	332	3:1:3QSQ-G97N-Q9WT	Nati, pubblicazioni, matrimoni, morti, cittadinanze 1866-1878 Nati, pubblicazioni, matrimoni 1879
Santa Maria a Vico	MC5R-M2Q	333	3:1:3QS7-897N-Q9XJ	Nati, pubblicazioni, matrimoni, morti, cittadinanze 1866-1878 Nati, pubblicazioni, matrimoni 1879
Santa Maria a Vico	MC5R-M2Q	334	3:1:3QSQ-G97N-Q9M5	Nati, pubblicazioni, matrimoni, morti, cittadinanze 1866-1878 Nati, pubblicazioni, matrimoni 1879
Santa Maria a Vico	MC5R-M2Q	335	3:1:3QS7-L97N-Q9CM	Nati, pubblicazioni, matrimoni, morti, cittadinanze 1866-1878 Nati, pubblicazioni, matrimoni 1879
Santa Maria a Vico	MC5R-M2Q	336	3:1:3QS7-897N-Q9DP	Nati, pubblicazioni, matrimoni, morti, cittadinanze 1866-1878 Nati, pubblicazioni, matrimoni 1879
Santa Maria a Vico	MC5R-M2Q	337	3:1:3QS7-L97N-Q9ZN	Nati, pubblicazioni, matrimoni, morti, cittadinanze 1866-1878 Nati, pubblicazioni, matrimoni 1879
Santa Maria a Vico	MC5R-M2Q	338	3:1:3QS7-997N-Q9WY	Nati, pubblicazioni, matrimoni, morti, cittadinanze 1866-1878 Nati, pubblicazioni, matrimoni 1879
Santa Maria a Vico	MC5R-M2Q	339	3:1:3QS7-L97N-Q9DP	Nati, pubblicazioni, matrimoni, morti, cittadinanze 1866-1878 Nati, pubblicazioni, matrimoni 1879
Santa Maria a Vico	MC5R-M2Q	340	3:1:3QSQ-G97N-Q97H	Nati, pubblicazioni, matrimoni, morti, cittadinanze 1866-1878 Nati, pubblicazioni, matrimoni 1879
Santa Maria a Vico	MC5R-M2Q	341	3:1:3QSQ-G97N-Q996	Nati, pubblicazioni, matrimoni, morti, cittadinanze 1866-1878 Nati, pubblicazioni, matrimoni 1879
Santa Maria a Vico	MC5R-M2Q	342	3:1:3QS7-L97N-Q9H6	Nati, pubblicazioni, matrimoni, morti, cittadinanze 1866-1878 Nati, pubblicazioni, matrimoni 1879
Santa Maria a Vico	MC5R-M2Q	343	3:1:3QSQ-G97N-Q9SR	Nati, pubblicazioni, matrimoni, morti, cittadinanze 1866-1878 Nati, pubblicazioni, matrimoni 1879
Santa Maria a Vico	MC5R-M2Q	344	3:1:3QS7-997N-Q9ZS	Nati, pubblicazioni, matrimoni, morti, cittadinanze 1866-1878 Nati, pubblicazioni, matrimoni 1879
Santa Maria a Vico	MC5R-M2Q	345	3:1:3QSQ-G97N-Q99Z	Nati, pubblicazioni, matrimoni, morti, cittadinanze 1866-1878 Nati, pubblicazioni, matrimoni 1879
Santa Maria a Vico	MC5R-M2Q	346	3:1:3QS7-L97N-Q9ZS	Nati, pubblicazioni, matrimoni, morti, cittadinanze 1866-1878 Nati, pubblicazioni, matrimoni 1879
Santa Maria a Vico	MC5R-M2Q	347	3:1:3QSQ-G97N-Q9QN	Nati, pubblicazioni, matrimoni, morti, cittadinanze 1866-1878 Nati, pubblicazioni, matrimoni 1879
Santa Maria a Vico	MC5R-M2Q	348	3:1:3QS7-897N-Q9ZX	Nati, pubblicazioni, matrimoni, morti, cittadinanze 1866-1878 Nati, pubblicazioni, matrimoni 1879
Santa Maria a Vico	MC5R-M2Q	349	3:1:3QSQ-G97N-Q9W7	Nati, pubblicazioni, matrimoni, morti, cittadinanze 1866-1878 Nati, pubblicazioni, matrimoni 1879
Santa Maria a Vico	MC5R-M2Q	350	3:1:3QS7-897N-Q9ZT	Nati, pubblicazioni, matrimoni, morti, cittadinanze 1866-1878 Nati, pubblicazioni, matrimoni 1879
Santa Maria a Vico	MC5R-M2Q	351	3:1:3QS7-L97N-Q9C4	Nati, pubblicazioni, matrimoni, morti, cittadinanze 1866-1878 Nati, pubblicazioni, matrimoni 1879
Santa Maria a Vico	MC5R-M2Q	352	3:1:3QSQ-G97N-Q99H	Nati, pubblicazioni, matrimoni, morti, cittadinanze 1866-1878 Nati, pubblicazioni, matrimoni 1879
Santa Maria a Vico	MC5R-M2Q	353	3:1:3QSQ-G97N-Q97N	Nati, pubblicazioni, matrimoni, morti, cittadinanze 1866-1878 Nati, pubblicazioni, matrimoni 1879
Santa Maria a Vico	MC5R-M2Q	354	3:1:3QS7-897N-Q9C1	Nati, pubblicazioni, matrimoni, morti, cittadinanze 1866-1878 Nati, pubblicazioni, matrimoni 1879
Santa Maria a Vico	MC5R-M2Q	355	3:1:3QSQ-G97N-Q99F	Nati, pubblicazioni, matrimoni, morti, cittadinanze 1866-1878 Nati, pubblicazioni, matrimoni 1879
Santa Maria a Vico	MC5R-M2Q	356	3:1:3QS7-L97N-Q98R	Nati, pubblicazioni, matrimoni, morti, cittadinanze 1866-1878 Nati, pubblicazioni, matrimoni 1879
Santa Maria a Vico	MC5R-M2Q	357	3:1:3QS7-897N-Q9C2	Nati, pubblicazioni, matrimoni, morti, cittadinanze 1866-1878 Nati, pubblicazioni, matrimoni 1879
Santa Maria a Vico	MC5R-M2Q	358	3:1:3QS7-997N-Q9CN	Nati, pubblicazioni, matrimoni, morti, cittadinanze 1866-1878 Nati, pubblicazioni, matrimoni 1879
Santa Maria a Vico	MC5R-M2Q	359	3:1:3QS7-897N-Q94N	Nati, pubblicazioni, matrimoni, morti, cittadinanze 1866-1878 Nati, pubblicazioni, matrimoni 1879
Santa Maria a Vico	MC5R-M2Q	360	3:1:3QS7-997N-Q94R	Nati, pubblicazioni, matrimoni, morti, cittadinanze 1866-1878 Nati, pubblicazioni, matrimoni 1879
Santa Maria a Vico	MC5R-M2Q	361	3:1:3QS7-997N-Q94D	Nati, pubblicazioni, matrimoni, morti, cittadinanze 1866-1878 Nati, pubblicazioni, matrimoni 1879
Santa Maria a Vico	MC5R-M2Q	362	3:1:3QSQ-G97N-Q9MV	Nati, pubblicazioni, matrimoni, morti, cittadinanze 1866-1878 Nati, pubblicazioni, matrimoni 1879
Santa Maria a Vico	MC5R-M2Q	363	3:1:3QS7-897N-Q93P	Nati, pubblicazioni, matrimoni, morti, cittadinanze 1866-1878 Nati, pubblicazioni, matrimoni 1879
Santa Maria a Vico	MC5R-M2Q	364	3:1:3QS7-897N-Q9CN	Nati, pubblicazioni, matrimoni, morti, cittadinanze 1866-1878 Nati, pubblicazioni, matrimoni 1879
Santa Maria a Vico	MC5R-M2Q	365	3:1:3QSQ-G97N-Q9SN	Nati, pubblicazioni, matrimoni, morti, cittadinanze 1866-1878 Nati, pubblicazioni, matrimoni 1879
Santa Maria a Vico	MC5R-M2Q	366	3:1:3QS7-897N-Q9WZ	Nati, pubblicazioni, matrimoni, morti, cittadinanze 1866-1878 Nati, pubblicazioni, matrimoni 1879
Santa Maria a Vico	MC5R-M2Q	367	3:1:3QS7-997N-Q9HT	Nati, pubblicazioni, matrimoni, morti, cittadinanze 1866-1878 Nati, pubblicazioni, matrimoni 1879
Santa Maria a Vico	MC5R-M2Q	368	3:1:3QS7-997N-Q9CG	Nati, pubblicazioni, matrimoni, morti, cittadinanze 1866-1878 Nati, pubblicazioni, matrimoni 1879
Santa Maria a Vico	MC5R-M2Q	369	3:1:3QS7-L97N-Q9Z4	Nati, pubblicazioni, matrimoni, morti, cittadinanze 1866-1878 Nati, pubblicazioni, matrimoni 1879
Santa Maria a Vico	MC5R-M2Q	370	3:1:3QS7-897N-Q971	Nati, pubblicazioni, matrimoni, morti, cittadinanze 1866-1878 Nati, pubblicazioni, matrimoni 1879
Santa Maria a Vico	MC5R-M2Q	371	3:1:3QS7-997N-Q9QN	Nati, pubblicazioni, matrimoni, morti, cittadinanze 1866-1878 Nati, pubblicazioni, matrimoni 1879
Santa Maria a Vico	MC5R-M2Q	372	3:1:3QS7-897N-Q976	Nati, pubblicazioni, matrimoni, morti, cittadinanze 1866-1878 Nati, pubblicazioni, matrimoni 1879
Santa Maria a Vico	MC5R-M2Q	373	3:1:3QS7-897N-Q9W6	Nati, pubblicazioni, matrimoni, morti, cittadinanze 1866-1878 Nati, pubblicazioni, matrimoni 1879
Santa Maria a Vico	MC5R-M2Q	374	3:1:3QS7-L97N-Q9SK	Nati, pubblicazioni, matrimoni, morti, cittadinanze 1866-1878 Nati, pubblicazioni, matrimoni 1879
Santa Maria a Vico	MC5R-M2Q	375	3:1:3QS7-897N-Q94G	Nati, pubblicazioni, matrimoni, morti, cittadinanze 1866-1878 Nati, pubblicazioni, matrimoni 1879
Santa Maria a Vico	MC5R-M2Q	376	3:1:3QS7-997N-Q974	Nati, pubblicazioni, matrimoni, morti, cittadinanze 1866-1878 Nati, pubblicazioni, matrimoni 1879
Santa Maria a Vico	MC5R-M2Q	377	3:1:3QSQ-G97N-Q9S4	Nati, pubblicazioni, matrimoni, morti, cittadinanze 1866-1878 Nati, pubblicazioni, matrimoni 1879
Santa Maria a Vico	MC5R-M2Q	378	3:1:3QSQ-G97N-QBJ	Nati, pubblicazioni, matrimoni, morti, cittadinanze 1866-1878 Nati, pubblicazioni, matrimoni 1879
Santa Maria a Vico	MC5R-M2Q	379	3:1:3QS7-997N-Q9WZ	Nati, pubblicazioni, matrimoni, morti, cittadinanze 1866-1878 Nati, pubblicazioni, matrimoni 1879
Santa Maria a Vico	MC5R-M2Q	380	3:1:3QS7-997N-Q97V	Nati, pubblicazioni, matrimoni, morti, cittadinanze 1866-1878 Nati, pubblicazioni, matrimoni 1879
Santa Maria a Vico	MC5R-M2Q	381	3:1:3QS7-L97N-Q93S	Nati, pubblicazioni, matrimoni, morti, cittadinanze 1866-1878 Nati, pubblicazioni, matrimoni 1879
Santa Maria a Vico	MC5R-M2Q	382	3:1:3QS7-897N-Q979	Nati, pubblicazioni, matrimoni, morti, cittadinanze 1866-1878 Nati, pubblicazioni, matrimoni 1879
Santa Maria a Vico	MC5R-M2Q	383	3:1:3QS7-897N-Q93G	Nati, pubblicazioni, matrimoni, morti, cittadinanze 1866-1878 Nati, pubblicazioni, matrimoni 1879
Santa Maria a Vico	MC5R-M2Q	384	3:1:3QS7-997N-Q94S	Nati, pubblicazioni, matrimoni, morti, cittadinanze 1866-1878 Nati, pubblicazioni, matrimoni 1879
Santa Maria a Vico	MC5R-M2Q	385	3:1:3QSQ-G97N-Q1Q	Nati, pubblicazioni, matrimoni, morti, cittadinanze 1866-1878 Nati, pubblicazioni, matrimoni 1879
Santa Maria a Vico	MC5R-M2Q	386	3:1:3QS7-897N-Q94Z	Nati, pubblicazioni, matrimoni, morti, cittadinanze 1866-1878 Nati, pubblicazioni, matrimoni 1879
Santa Maria a Vico	MC5R-M2Q	387	3:1:3QS7-L97N-Q9S4	Nati, pubblicazioni, matrimoni, morti, cittadinanze 1866-1878 Nati, pubblicazioni, matrimoni 1879
Santa Maria a Vico	MC5R-M2Q	388	3:1:3QS7-997N-Q94V	Nati, pubblicazioni, matrimoni, morti, cittadinanze 1866-1878 Nati, pubblicazioni, matrimoni 1879
Santa Maria a Vico	MC5R-M2Q	389	3:1:3QS7-L97N-Q93L	Nati, pubblicazioni, matrimoni, morti, cittadinanze 1866-1878 Nati, pubblicazioni, matrimoni 1879
Santa Maria a Vico	MC5R-M2Q	390	3:1:3QS7-997N-Q94W	Nati, pubblicazioni, matrimoni, morti, cittadinanze 1866-1878 Nati, pubblicazioni, matrimoni 1879
Santa Maria a Vico	MC5R-M2Q	391	3:1:3QS7-997N-Q9QT	Nati, pubblicazioni, matrimoni, morti, cittadinanze 1866-1878 Nati, pubblicazioni, matrimoni 1879
Santa Maria a Vico	MC5R-M2Q	392	3:1:3QS7-897N-Q9Q9	Nati, pubblicazioni, matrimoni, morti, cittadinanze 1866-1878 Nati, pubblicazioni, matrimoni 1879
Santa Maria a Vico	MC5R-M2Q	393	3:1:3QS7-L97N-Q9W3	Nati, pubblicazioni, matrimoni, morti, cittadinanze 1866-1878 Nati, pubblicazioni, matrimoni 1879
Santa Maria a Vico	MC5R-M2Q	394	3:1:3QS7-897N-Q93N	Nati, pubblicazioni, matrimoni, morti, cittadinanze 1866-1878 Nati, pubblicazioni, matrimoni 1879
Santa Maria a Vico	MC5R-M2Q	395	3:1:3QSQ-G97N-QYX	Nati, pubblicazioni, matrimoni, morti, cittadinanze 1866-1878 Nati, pubblicazioni, matrimoni 1879
Santa Maria a Vico	MC5R-M2Q	396	3:1:3QS7-997N-Q933	Nati, pubblicazioni, matrimoni, morti, cittadinanze 1866-1878 Nati, pubblicazioni, matrimoni 1879
Santa Maria a Vico	MC5R-M2Q	397	3:1:3QSQ-G97N-QYG	Nati, pubblicazioni, matrimoni, morti, cittadinanze 1866-1878 Nati, pubblicazioni, matrimoni 1879
Santa Maria a Vico	MC5R-M2Q	398	3:1:3QS7-L97N-Q9QT	Nati, pubblicazioni, matrimoni, morti, cittadinanze 1866-1878 Nati, pubblicazioni, matrimoni 1879
Santa Maria a Vico	MC5R-M2Q	399	3:1:3QS7-897N-Q97N	Nati, pubblicazioni, matrimoni, morti, cittadinanze 1866-1878 Nati, pubblicazioni, matrimoni 1879
Santa Maria a Vico	MC5R-M2Q	400	3:1:3QS7-L97N-Q974	Nati, pubblicazioni, matrimoni, morti, cittadinanze 1866-1878 Nati, pubblicazioni, matrimoni 1879
Santa Maria a Vico	MC5R-M2Q	401	3:1:3QS7-997N-Q97N	Nati, pubblicazioni, matrimoni, morti, cittadinanze 1866-1878 Nati, pubblicazioni, matrimoni 1879
Santa Maria a Vico	MC5R-M2Q	402	3:1:3QS7-997N-Q9QS	Nati, pubblicazioni, matrimoni, morti, cittadinanze 1866-1878 Nati, pubblicazioni, matrimoni 1879
Santa Maria a Vico	MC5R-M2Q	403	3:1:3QSQ-G97N-Q1P	Nati, pubblicazioni, matrimoni, morti, cittadinanze 1866-1878 Nati, pubblicazioni, matrimoni 1879
Santa Maria a Vico	MC5R-M2Q	404	3:1:3QS7-997N-Q94M	Nati, pubblicazioni, matrimoni, morti, cittadinanze 1866-1878 Nati, pubblicazioni, matrimoni 1879
Santa Maria a Vico	MC5R-M2Q	405	3:1:3QS7-997N-Q93Y	Nati, pubblicazioni, matrimoni, morti, cittadinanze 1866-1878 Nati, pubblicazioni, matrimoni 1879
Santa Maria a Vico	MC5R-M2Q	406	3:1:3QS7-897N-Q99G	Nati, pubblicazioni, matrimoni, morti, cittadinanze 1866-1878 Nati, pubblicazioni, matrimoni 1879
Santa Maria a Vico	MC5R-M2Q	407	3:1:3QS7-997N-Q946	Nati, pubblicazioni, matrimoni, morti, cittadinanze 1866-1878 Nati, pubblicazioni, matrimoni 1879
Santa Maria a Vico	MC5R-M2Q	408	3:1:3QSQ-G97N-Q99J	Nati, pubblicazioni, matrimoni, morti, cittadinanze 1866-1878 Nati, pubblicazioni, matrimoni 1879
Santa Maria a Vico	MC5R-M2Q	409	3:1:3QS7-997N-Q9QF	Nati, pubblicazioni, matrimoni, morti, cittadinanze 1866-1878 Nati, pubblicazioni, matrimoni 1879
Santa Maria a Vico	MC5R-M2Q	410	3:1:3QS7-897N-Q9Q5	Nati, pubblicazioni, matrimoni, morti, cittadinanze 1866-1878 Nati, pubblicazioni, matrimoni 1879
Santa Maria a Vico	MC5R-M2Q	411	3:1:3QSQ-G97N-QRK	Nati, pubblicazioni, matrimoni, morti, cittadinanze 1866-1878 Nati, pubblicazioni, matrimoni 1879
Santa Maria a Vico	MC5R-M2Q	412	3:1:3QS7-897N-Q97Q	Nati, pubblicazioni, matrimoni, morti, cittadinanze 1866-1878 Nati, pubblicazioni, matrimoni 1879
Santa Maria a Vico	MC5R-M2Q	413	3:1:3QS7-897N-Q93V	Nati, pubblicazioni, matrimoni, morti, cittadinanze 1866-1878 Nati, pubblicazioni, matrimoni 1879
Santa Maria a Vico	MC5R-M2Q	414	3:1:3QSQ-G97N-QBH	Nati, pubblicazioni, matrimoni, morti, cittadinanze 1866-1878 Nati, pubblicazioni, matrimoni 1879
Santa Maria a Vico	MC5R-M2Q	415	3:1:3QS7-L97N-Q93N	Nati, pubblicazioni, matrimoni, morti, cittadinanze 1866-1878 Nati, pubblicazioni, matrimoni 1879
Santa Maria a Vico	MC5R-M2Q	416	3:1:3QS7-997N-Q9SN	Nati, pubblicazioni, matrimoni, morti, cittadinanze 1866-1878 Nati, pubblicazioni, matrimoni 1879
Santa Maria a Vico	MC5R-M2Q	417	3:1:3QSQ-G97N-QRC	Nati, pubblicazioni, matrimoni, morti, cittadinanze 1866-1878 Nati, pubblicazioni, matrimoni 1879
Santa Maria a Vico	MC5R-M2Q	418	3:1:3QS7-897N-Q939	Nati, pubblicazioni, matrimoni, morti, cittadinanze 1866-1878 Nati, pubblicazioni, matrimoni 1879
Santa Maria a Vico	MC5R-M2Q	419	3:1:3QSQ-G97N-Q1H	Nati, pubblicazioni, matrimoni, morti, cittadinanze 1866-1878 Nati, pubblicazioni, matrimoni 1879
Santa Maria a Vico	MC5R-M2Q	420	3:1:3QS7-997N-Q93T	Nati, pubblicazioni, matrimoni, morti, cittadinanze 1866-1878 Nati, pubblicazioni, matrimoni 1879
Santa Maria a Vico	MC5R-M2Q	421	3:1:3QS7-997N-Q9QJ	Nati, pubblicazioni, matrimoni, morti, cittadinanze 1866-1878 Nati, pubblicazioni, matrimoni 1879
Santa Maria a Vico	MC5R-M2Q	422	3:1:3QSQ-G97N-Q55	Nati, pubblicazioni, matrimoni, morti, cittadinanze 1866-1878 Nati, pubblicazioni, matrimoni 1879
Santa Maria a Vico	MC5R-M2Q	423	3:1:3QSQ-G97N-QBC	Nati, pubblicazioni, matrimoni, morti, cittadinanze 1866-1878 Nati, pubblicazioni, matrimoni 1879
Santa Maria a Vico	MC5R-M2Q	424	3:1:3QSQ-G97N-QBM	Nati, pubblicazioni, matrimoni, morti, cittadinanze 1866-1878 Nati, pubblicazioni, matrimoni 1879
Santa Maria a Vico	MC5R-M2Q	425	3:1:3QS7-997N-Q93G	Nati, pubblicazioni, matrimoni, morti, cittadinanze 1866-1878 Nati, pubblicazioni, matrimoni 1879
Santa Maria a Vico	MC5R-M2Q	426	3:1:3QS7-L97N-QBV	Nati, pubblicazioni, matrimoni, morti, cittadinanze 1866-1878 Nati, pubblicazioni, matrimoni 1879
Santa Maria a Vico	MC5R-M2Q	427	3:1:3QS7-997N-Q934	Nati, pubblicazioni, matrimoni, morti, cittadinanze 1866-1878 Nati, pubblicazioni, matrimoni 1879
Santa Maria a Vico	MC5R-M2Q	428	3:1:3QS7-997N-Q935	Nati, pubblicazioni, matrimoni, morti, cittadinanze 1866-1878 Nati, pubblicazioni, matrimoni 1879
Santa Maria a Vico	MC5R-M2Q	429	3:1:3QS7-897N-Q977	Nati, pubblicazioni, matrimoni, morti, cittadinanze 1866-1878 Nati, pubblicazioni, matrimoni 1879
Santa Maria a Vico	MC5R-M2Q	430	3:1:3QSQ-G97N-QTY	Nati, pubblicazioni, matrimoni, morti, cittadinanze 1866-1878 Nati, pubblicazioni, matrimoni 1879
Santa Maria a Vico	MC5R-M2Q	431	3:1:3QSQ-G97N-Q5Z	Nati, pubblicazioni, matrimoni, morti, cittadinanze 1866-1878 Nati, pubblicazioni, matrimoni 1879
Santa Maria a Vico	MC5R-M2Q	432	3:1:3QS7-997N-Q99J	Nati, pubblicazioni, matrimoni, morti, cittadinanze 1866-1878 Nati, pubblicazioni, matrimoni 1879
Santa Maria a Vico	MC5R-M2Q	433	3:1:3QSQ-G97N-Q5Q	Nati, pubblicazioni, matrimoni, morti, cittadinanze 1866-1878 Nati, pubblicazioni, matrimoni 1879
Santa Maria a Vico	MC5R-M2Q	434	3:1:3QS7-997N-Q9SV	Nati, pubblicazioni, matrimoni, morti, cittadinanze 1866-1878 Nati, pubblicazioni, matrimoni 1879
Santa Maria a Vico	MC5R-M2Q	435	3:1:3QS7-997N-Q9QD	Nati, pubblicazioni, matrimoni, morti, cittadinanze 1866-1878 Nati, pubblicazioni, matrimoni 1879
Santa Maria a Vico	MC5R-M2Q	436	3:1:3QS7-997N-Q9SX	Nati, pubblicazioni, matrimoni, morti, cittadinanze 1866-1878 Nati, pubblicazioni, matrimoni 1879
Santa Maria a Vico	MC5R-M2Q	437	3:1:3QSQ-G97N-QT1	Nati, pubblicazioni, matrimoni, morti, cittadinanze 1866-1878 Nati, pubblicazioni, matrimoni 1879
Santa Maria a Vico	MC5R-M2Q	438	3:1:3QS7-L97N-Q9S7	Nati, pubblicazioni, matrimoni, morti, cittadinanze 1866-1878 Nati, pubblicazioni, matrimoni 1879
Santa Maria a Vico	MC5R-M2Q	439	3:1:3QS7-L97N-Q9M9	Nati, pubblicazioni, matrimoni, morti, cittadinanze 1866-1878 Nati, pubblicazioni, matrimoni 1879
Santa Maria a Vico	MC5R-M2Q	440	3:1:3QS7-L97N-QYP	Nati, pubblicazioni, matrimoni, morti, cittadinanze 1866-1878 Nati, pubblicazioni, matrimoni 1879
Santa Maria a Vico	MC5R-M2Q	441	3:1:3QSQ-G97N-QTH	Nati, pubblicazioni, matrimoni, morti, cittadinanze 1866-1878 Nati, pubblicazioni, matrimoni 1879
Santa Maria a Vico	MC5R-M2Q	442	3:1:3QSQ-G97N-QB4	Nati, pubblicazioni, matrimoni, morti, cittadinanze 1866-1878 Nati, pubblicazioni, matrimoni 1879
Santa Maria a Vico	MC5R-M2Q	443	3:1:3QS7-997N-Q9SY	Nati, pubblicazioni, matrimoni, morti, cittadinanze 1866-1878 Nati, pubblicazioni, matrimoni 1879
Santa Maria a Vico	MC5R-M2Q	444	3:1:3QS7-L97N-QBN	Nati, pubblicazioni, matrimoni, morti, cittadinanze 1866-1878 Nati, pubblicazioni, matrimoni 1879
Santa Maria a Vico	MC5R-M2Q	445	3:1:3QS7-L97N-QB4	Nati, pubblicazioni, matrimoni, morti, cittadinanze 1866-1878 Nati, pubblicazioni, matrimoni 1879
Santa Maria a Vico	MC5R-M2Q	446	3:1:3QSQ-G97N-QTB	Nati, pubblicazioni, matrimoni, morti, cittadinanze 1866-1878 Nati, pubblicazioni, matrimoni 1879
Santa Maria a Vico	MC5R-M2Q	447	3:1:3QSQ-G97N-QT9	Nati, pubblicazioni, matrimoni, morti, cittadinanze 1866-1878 Nati, pubblicazioni, matrimoni 1879
Santa Maria a Vico	MC5R-M2Q	448	3:1:3QS7-897N-Q999	Nati, pubblicazioni, matrimoni, morti, cittadinanze 1866-1878 Nati, pubblicazioni, matrimoni 1879
Santa Maria a Vico	MC5R-M2Q	449	3:1:3QS7-997N-Q99Y	Nati, pubblicazioni, matrimoni, morti, cittadinanze 1866-1878 Nati, pubblicazioni, matrimoni 1879
Santa Maria a Vico	MC5R-M2Q	450	3:1:3QSQ-G97N-QRD	Nati, pubblicazioni, matrimoni, morti, cittadinanze 1866-1878 Nati, pubblicazioni, matrimoni 1879
Santa Maria a Vico	MC5R-M2Q	451	3:1:3QSQ-G97N-QY2	Nati, pubblicazioni, matrimoni, morti, cittadinanze 1866-1878 Nati, pubblicazioni, matrimoni 1879
Santa Maria a Vico	MC5R-M2Q	452	3:1:3QS7-897N-Q99Q	Nati, pubblicazioni, matrimoni, morti, cittadinanze 1866-1878 Nati, pubblicazioni, matrimoni 1879
Santa Maria a Vico	MC5R-M2Q	453	3:1:3QS7-897N-Q99X	Nati, pubblicazioni, matrimoni, morti, cittadinanze 1866-1878 Nati, pubblicazioni, matrimoni 1879
Santa Maria a Vico	MC5R-M2Q	454	3:1:3QS7-897N-Q9MF	Nati, pubblicazioni, matrimoni, morti, cittadinanze 1866-1878 Nati, pubblicazioni, matrimoni 1879
Santa Maria a Vico	MC5R-M2Q	455	3:1:3QS7-L97N-QY4	Nati, pubblicazioni, matrimoni, morti, cittadinanze 1866-1878 Nati, pubblicazioni, matrimoni 1879
Santa Maria a Vico	MC5R-M2Q	456	3:1:3QS7-897N-Q936	Nati, pubblicazioni, matrimoni, morti, cittadinanze 1866-1878 Nati, pubblicazioni, matrimoni 1879
Santa Maria a Vico	MC5R-M2Q	457	3:1:3QS7-997N-Q99B	Nati, pubblicazioni, matrimoni, morti, cittadinanze 1866-1878 Nati, pubblicazioni, matrimoni 1879
Santa Maria a Vico	MC5R-M2Q	458	3:1:3QSQ-G97N-QTT	Nati, pubblicazioni, matrimoni, morti, cittadinanze 1866-1878 Nati, pubblicazioni, matrimoni 1879
Santa Maria a Vico	MC5R-M2Q	459	3:1:3QS7-897N-Q19	Nati, pubblicazioni, matrimoni, morti, cittadinanze 1866-1878 Nati, pubblicazioni, matrimoni 1879
Santa Maria a Vico	MC5R-M2Q	460	3:1:3QS7-897N-Q993	Nati, pubblicazioni, matrimoni, morti, cittadinanze 1866-1878 Nati, pubblicazioni, matrimoni 1879
Santa Maria a Vico	MC5R-M2Q	461	3:1:3QSQ-G97N-QRH	Nati, pubblicazioni, matrimoni, morti, cittadinanze 1866-1878 Nati, pubblicazioni, matrimoni 1879
Santa Maria a Vico	MC5R-M2Q	462	3:1:3QS7-897N-Q9MH	Nati, pubblicazioni, matrimoni, morti, cittadinanze 1866-1878 Nati, pubblicazioni, matrimoni 1879
Santa Maria a Vico	MC5R-M2Q	463	3:1:3QS7-L97N-QB2	Nati, pubblicazioni, matrimoni, morti, cittadinanze 1866-1878 Nati, pubblicazioni, matrimoni 1879
Santa Maria a Vico	MC5R-M2Q	464	3:1:3QSQ-G97N-Q54	Nati, pubblicazioni, matrimoni, morti, cittadinanze 1866-1878 Nati, pubblicazioni, matrimoni 1879
Santa Maria a Vico	MC5R-M2Q	465	3:1:3QSQ-G97N-QGX	Nati, pubblicazioni, matrimoni, morti, cittadinanze 1866-1878 Nati, pubblicazioni, matrimoni 1879
Santa Maria a Vico	MC5R-M2Q	466	3:1:3QSQ-G97N-QPF	Nati, pubblicazioni, matrimoni, morti, cittadinanze 1866-1878 Nati, pubblicazioni, matrimoni 1879
Santa Maria a Vico	MC5R-M2Q	467	3:1:3QS7-997N-Q9M3	Nati, pubblicazioni, matrimoni, morti, cittadinanze 1866-1878 Nati, pubblicazioni, matrimoni 1879
Santa Maria a Vico	MC5R-M2Q	468	3:1:3QSQ-G97N-QYB	Nati, pubblicazioni, matrimoni, morti, cittadinanze 1866-1878 Nati, pubblicazioni, matrimoni 1879
Santa Maria a Vico	MC5R-M2Q	469	3:1:3QS7-997N-Q9MT	Nati, pubblicazioni, matrimoni, morti, cittadinanze 1866-1878 Nati, pubblicazioni, matrimoni 1879
Santa Maria a Vico	MC5R-M2Q	470	3:1:3QS7-L97N-Q5F	Nati, pubblicazioni, matrimoni, morti, cittadinanze 1866-1878 Nati, pubblicazioni, matrimoni 1879
Santa Maria a Vico	MC5R-M2Q	471	3:1:3QSQ-G97N-QR5	Nati, pubblicazioni, matrimoni, morti, cittadinanze 1866-1878 Nati, pubblicazioni, matrimoni 1879
Santa Maria a Vico	MC5R-M2Q	472	3:1:3QS7-897N-QTN	Nati, pubblicazioni, matrimoni, morti, cittadinanze 1866-1878 Nati, pubblicazioni, matrimoni 1879
Santa Maria a Vico	MC5R-M2Q	473	3:1:3QSQ-G97N-QL7	Nati, pubblicazioni, matrimoni, morti, cittadinanze 1866-1878 Nati, pubblicazioni, matrimoni 1879
Santa Maria a Vico	MC5R-M2Q	474	3:1:3QS7-L97N-QR2	Nati, pubblicazioni, matrimoni, morti, cittadinanze 1866-1878 Nati, pubblicazioni, matrimoni 1879
Santa Maria a Vico	MC5R-M2Q	475	3:1:3QS7-897N-Q12	Nati, pubblicazioni, matrimoni, morti, cittadinanze 1866-1878 Nati, pubblicazioni, matrimoni 1879
Santa Maria a Vico	MC5R-M2Q	476	3:1:3QS7-897N-QYM	Nati, pubblicazioni, matrimoni, morti, cittadinanze 1866-1878 Nati, pubblicazioni, matrimoni 1879
Santa Maria a Vico	MC5R-M2Q	477	3:1:3QS7-997N-Q9MM	Nati, pubblicazioni, matrimoni, morti, cittadinanze 1866-1878 Nati, pubblicazioni, matrimoni 1879
Santa Maria a Vico	MC5R-M2Q	478	3:1:3QS7-897N-QYL	Nati, pubblicazioni, matrimoni, morti, cittadinanze 1866-1878 Nati, pubblicazioni, matrimoni 1879
Santa Maria a Vico	MC5R-M2Q	479	3:1:3QS7-997N-Q1X	Nati, pubblicazioni, matrimoni, morti, cittadinanze 1866-1878 Nati, pubblicazioni, matrimoni 1879
Santa Maria a Vico	MC5R-M2Q	480	3:1:3QSQ-G97N-QP7	Nati, pubblicazioni, matrimoni, morti, cittadinanze 1866-1878 Nati, pubblicazioni, matrimoni 1879
Santa Maria a Vico	MC5R-M2Q	481	3:1:3QSQ-G97N-QTL	Nati, pubblicazioni, matrimoni, morti, cittadinanze 1866-1878 Nati, pubblicazioni, matrimoni 1879
Santa Maria a Vico	MC5R-M2Q	482	3:1:3QSQ-G97N-QGD	Nati, pubblicazioni, matrimoni, morti, cittadinanze 1866-1878 Nati, pubblicazioni, matrimoni 1879
Santa Maria a Vico	MC5R-M2Q	483	3:1:3QSQ-G97N-QLH	Nati, pubblicazioni, matrimoni, morti, cittadinanze 1866-1878 Nati, pubblicazioni, matrimoni 1879
Santa Maria a Vico	MC5R-M2Q	484	3:1:3QS7-897N-Q1K	Nati, pubblicazioni, matrimoni, morti, cittadinanze 1866-1878 Nati, pubblicazioni, matrimoni 1879
Santa Maria a Vico	MC5R-M2Q	485	3:1:3QS7-897N-QYQ	Nati, pubblicazioni, matrimoni, morti, cittadinanze 1866-1878 Nati, pubblicazioni, matrimoni 1879
Santa Maria a Vico	MC5R-M2Q	486	3:1:3QS7-997N-QY7	Nati, pubblicazioni, matrimoni, morti, cittadinanze 1866-1878 Nati, pubblicazioni, matrimoni 1879
Santa Maria a Vico	MC5R-M2Q	487	3:1:3QS7-L97N-Q52	Nati, pubblicazioni, matrimoni, morti, cittadinanze 1866-1878 Nati, pubblicazioni, matrimoni 1879
Santa Maria a Vico	MC5R-M2Q	488	3:1:3QS7-997N-QTL	Nati, pubblicazioni, matrimoni, morti, cittadinanze 1866-1878 Nati, pubblicazioni, matrimoni 1879
Santa Maria a Vico	MC5R-M2Q	489	3:1:3QS7-897N-QYX	Nati, pubblicazioni, matrimoni, morti, cittadinanze 1866-1878 Nati, pubblicazioni, matrimoni 1879
Santa Maria a Vico	MC5R-M2Q	490	3:1:3QS7-L97N-QRQ	Nati, pubblicazioni, matrimoni, morti, cittadinanze 1866-1878 Nati, pubblicazioni, matrimoni 1879
Santa Maria a Vico	MC5R-M2Q	491	3:1:3QS7-897N-QYC	Nati, pubblicazioni, matrimoni, morti, cittadinanze 1866-1878 Nati, pubblicazioni, matrimoni 1879
Santa Maria a Vico	MC5R-M2Q	492	3:1:3QS7-897N-QTD	Nati, pubblicazioni, matrimoni, morti, cittadinanze 1866-1878 Nati, pubblicazioni, matrimoni 1879
Santa Maria a Vico	MC5R-M2Q	493	3:1:3QS7-897N-QT6	Nati, pubblicazioni, matrimoni, morti, cittadinanze 1866-1878 Nati, pubblicazioni, matrimoni 1879
Santa Maria a Vico	MC5R-M2Q	494	3:1:3QS7-897N-QBG	Nati, pubblicazioni, matrimoni, morti, cittadinanze 1866-1878 Nati, pubblicazioni, matrimoni 1879
Santa Maria a Vico	MC5R-M2Q	495	3:1:3QS7-997N-Q9S3	Nati, pubblicazioni, matrimoni, morti, cittadinanze 1866-1878 Nati, pubblicazioni, matrimoni 1879
Santa Maria a Vico	MC5R-M2Q	496	3:1:3QS7-L97N-QPB	Nati, pubblicazioni, matrimoni, morti, cittadinanze 1866-1878 Nati, pubblicazioni, matrimoni 1879
Santa Maria a Vico	MC5R-M2Q	497	3:1:3QS7-L97N-QT2	Nati, pubblicazioni, matrimoni, morti, cittadinanze 1866-1878 Nati, pubblicazioni, matrimoni 1879
Santa Maria a Vico	MC5R-M2Q	498	3:1:3QS7-997N-QRH	Nati, pubblicazioni, matrimoni, morti, cittadinanze 1866-1878 Nati, pubblicazioni, matrimoni 1879
Santa Maria a Vico	MC5R-M2Q	499	3:1:3QSQ-G97N-QT6	Nati, pubblicazioni, matrimoni, morti, cittadinanze 1866-1878 Nati, pubblicazioni, matrimoni 1879
Santa Maria a Vico	MC5R-M2Q	500	3:1:3QS7-997N-Q9MS	Nati, pubblicazioni, matrimoni, morti, cittadinanze 1866-1878 Nati, pubblicazioni, matrimoni 1879
Santa Maria a Vico	MC5R-M2Q	501	3:1:3QSQ-G97N-QPJ	Nati, pubblicazioni, matrimoni, morti, cittadinanze 1866-1878 Nati, pubblicazioni, matrimoni 1879
Santa Maria a Vico	MC5R-M2Q	502	3:1:3QS7-L97N-QPM	Nati, pubblicazioni, matrimoni, morti, cittadinanze 1866-1878 Nati, pubblicazioni, matrimoni 1879
Santa Maria a Vico	MC5R-M2Q	503	3:1:3QS7-L97N-QLQ	Nati, pubblicazioni, matrimoni, morti, cittadinanze 1866-1878 Nati, pubblicazioni, matrimoni 1879
Santa Maria a Vico	MC5R-M2Q	504	3:1:3QS7-997N-QYH	Nati, pubblicazioni, matrimoni, morti, cittadinanze 1866-1878 Nati, pubblicazioni, matrimoni 1879
Santa Maria a Vico	MC5R-M2Q	505	3:1:3QSQ-G97N-Q5X	Nati, pubblicazioni, matrimoni, morti, cittadinanze 1866-1878 Nati, pubblicazioni, matrimoni 1879
Santa Maria a Vico	MC5R-M2Q	506	3:1:3QS7-897N-QTG	Nati, pubblicazioni, matrimoni, morti, cittadinanze 1866-1878 Nati, pubblicazioni, matrimoni 1879
Santa Maria a Vico	MC5R-M2Q	507	3:1:3QS7-997N-QB9	Nati, pubblicazioni, matrimoni, morti, cittadinanze 1866-1878 Nati, pubblicazioni, matrimoni 1879
Santa Maria a Vico	MC5R-M2Q	508	3:1:3QS7-997N-QR4	Nati, pubblicazioni, matrimoni, morti, cittadinanze 1866-1878 Nati, pubblicazioni, matrimoni 1879
Santa Maria a Vico	MC5R-M2Q	509	3:1:3QSQ-G97N-QG4	Nati, pubblicazioni, matrimoni, morti, cittadinanze 1866-1878 Nati, pubblicazioni, matrimoni 1879
Santa Maria a Vico	MC5R-M2Q	510	3:1:3QS7-997N-QT3	Nati, pubblicazioni, matrimoni, morti, cittadinanze 1866-1878 Nati, pubblicazioni, matrimoni 1879
Santa Maria a Vico	MC5R-M2Q	511	3:1:3QS7-L97N-QG8	Nati, pubblicazioni, matrimoni, morti, cittadinanze 1866-1878 Nati, pubblicazioni, matrimoni 1879
Santa Maria a Vico	MC5R-M2Q	512	3:1:3QS7-L97N-QLT	Nati, pubblicazioni, matrimoni, morti, cittadinanze 1866-1878 Nati, pubblicazioni, matrimoni 1879
Santa Maria a Vico	MC5R-M2Q	513	3:1:3QS7-897N-Q5F	Nati, pubblicazioni, matrimoni, morti, cittadinanze 1866-1878 Nati, pubblicazioni, matrimoni 1879
Santa Maria a Vico	MC5R-M2Q	514	3:1:3QS7-997N-QT9	Nati, pubblicazioni, matrimoni, morti, cittadinanze 1866-1878 Nati, pubblicazioni, matrimoni 1879
Santa Maria a Vico	MC5R-M2Q	515	3:1:3QS7-897N-QGM	Nati, pubblicazioni, matrimoni, morti, cittadinanze 1866-1878 Nati, pubblicazioni, matrimoni 1879
Santa Maria a Vico	MC5R-M2Q	516	3:1:3QS7-L97N-QY6	Nati, pubblicazioni, matrimoni, morti, cittadinanze 1866-1878 Nati, pubblicazioni, matrimoni 1879
Santa Maria a Vico	MC5R-M2Q	517	3:1:3QS7-997N-Q15	Nati, pubblicazioni, matrimoni, morti, cittadinanze 1866-1878 Nati, pubblicazioni, matrimoni 1879
Santa Maria a Vico	MC5R-M2Q	518	3:1:3QS7-997N-Q5C	Nati, pubblicazioni, matrimoni, morti, cittadinanze 1866-1878 Nati, pubblicazioni, matrimoni 1879
Santa Maria a Vico	MC5R-M2Q	519	3:1:3QS7-997N-Q5X	Nati, pubblicazioni, matrimoni, morti, cittadinanze 1866-1878 Nati, pubblicazioni, matrimoni 1879
Santa Maria a Vico	MC5R-M2Q	520	3:1:3QS7-997N-QYZ	Nati, pubblicazioni, matrimoni, morti, cittadinanze 1866-1878 Nati, pubblicazioni, matrimoni 1879
Santa Maria a Vico	MC5R-M2Q	521	3:1:3QSQ-G97N-QGM	Nati, pubblicazioni, matrimoni, morti, cittadinanze 1866-1878 Nati, pubblicazioni, matrimoni 1879
Santa Maria a Vico	MC5R-M2Q	522	3:1:3QS7-897N-QPV	Nati, pubblicazioni, matrimoni, morti, cittadinanze 1866-1878 Nati, pubblicazioni, matrimoni 1879
Santa Maria a Vico	MC5R-M2Q	523	3:1:3QSQ-G97N-QJ1	Nati, pubblicazioni, matrimoni, morti, cittadinanze 1866-1878 Nati, pubblicazioni, matrimoni 1879
Santa Maria a Vico	MC5R-M2Q	524	3:1:3QSQ-G97N-Q2G	Nati, pubblicazioni, matrimoni, morti, cittadinanze 1866-1878 Nati, pubblicazioni, matrimoni 1879
Santa Maria a Vico	MC5R-M2Q	525	3:1:3QSQ-G97N-Q5T	Nati, pubblicazioni, matrimoni, morti, cittadinanze 1866-1878 Nati, pubblicazioni, matrimoni 1879
Santa Maria a Vico	MC5R-M2Q	526	3:1:3QS7-997N-QT2	Nati, pubblicazioni, matrimoni, morti, cittadinanze 1866-1878 Nati, pubblicazioni, matrimoni 1879
Santa Maria a Vico	MC5R-M2Q	527	3:1:3QSQ-G97N-QPC	Nati, pubblicazioni, matrimoni, morti, cittadinanze 1866-1878 Nati, pubblicazioni, matrimoni 1879
Santa Maria a Vico	MC5R-M2Q	528	3:1:3QS7-897N-QG8	Nati, pubblicazioni, matrimoni, morti, cittadinanze 1866-1878 Nati, pubblicazioni, matrimoni 1879
Santa Maria a Vico	MC5R-M2Q	529	3:1:3QSQ-G97N-QVD	Nati, pubblicazioni, matrimoni, morti, cittadinanze 1866-1878 Nati, pubblicazioni, matrimoni 1879
Santa Maria a Vico	MC5R-M2Q	530	3:1:3QS7-L97N-QT5	Nati, pubblicazioni, matrimoni, morti, cittadinanze 1866-1878 Nati, pubblicazioni, matrimoni 1879
Santa Maria a Vico	MC5R-M2Q	531	3:1:3QS7-997N-QGS	Nati, pubblicazioni, matrimoni, morti, cittadinanze 1866-1878 Nati, pubblicazioni, matrimoni 1879
Santa Maria a Vico	MC5R-M2Q	532	3:1:3QS7-897N-Q5Z	Nati, pubblicazioni, matrimoni, morti, cittadinanze 1866-1878 Nati, pubblicazioni, matrimoni 1879
Santa Maria a Vico	MC5R-M2Q	533	3:1:3QS7-997N-Q5S	Nati, pubblicazioni, matrimoni, morti, cittadinanze 1866-1878 Nati, pubblicazioni, matrimoni 1879
Santa Maria a Vico	MC5R-M2Q	534	3:1:3QSQ-G97N-QV4	Nati, pubblicazioni, matrimoni, morti, cittadinanze 1866-1878 Nati, pubblicazioni, matrimoni 1879
Santa Maria a Vico	MC5R-M2Q	535	3:1:3QSQ-G97N-QV8	Nati, pubblicazioni, matrimoni, morti, cittadinanze 1866-1878 Nati, pubblicazioni, matrimoni 1879
Santa Maria a Vico	MC5R-M2Q	536	3:1:3QS7-997N-QLZ	Nati, pubblicazioni, matrimoni, morti, cittadinanze 1866-1878 Nati, pubblicazioni, matrimoni 1879
Santa Maria a Vico	MC5R-M2Q	537	3:1:3QSQ-G97N-QLG	Nati, pubblicazioni, matrimoni, morti, cittadinanze 1866-1878 Nati, pubblicazioni, matrimoni 1879
Santa Maria a Vico	MC5R-M2Q	538	3:1:3QS7-897N-Q2T	Nati, pubblicazioni, matrimoni, morti, cittadinanze 1866-1878 Nati, pubblicazioni, matrimoni 1879
Santa Maria a Vico	MC5R-M2Q	539	3:1:3QS7-997N-QL4	Nati, pubblicazioni, matrimoni, morti, cittadinanze 1866-1878 Nati, pubblicazioni, matrimoni 1879
Santa Maria a Vico	MC5R-M2Q	540	3:1:3QS7-997N-Q2W	Nati, pubblicazioni, matrimoni, morti, cittadinanze 1866-1878 Nati, pubblicazioni, matrimoni 1879
Santa Maria a Vico	MC5R-M2Q	541	3:1:3QS7-L97N-QPP	Nati, pubblicazioni, matrimoni, morti, cittadinanze 1866-1878 Nati, pubblicazioni, matrimoni 1879
Santa Maria a Vico	MC5R-M2Q	542	3:1:3QS7-997N-QL1	Nati, pubblicazioni, matrimoni, morti, cittadinanze 1866-1878 Nati, pubblicazioni, matrimoni 1879
Santa Maria a Vico	MC5R-M2Q	543	3:1:3QSQ-G97N-QJ8	Nati, pubblicazioni, matrimoni, morti, cittadinanze 1866-1878 Nati, pubblicazioni, matrimoni 1879
Santa Maria a Vico	MC5R-M2Q	544	3:1:3QSQ-G97N-QK9	Nati, pubblicazioni, matrimoni, morti, cittadinanze 1866-1878 Nati, pubblicazioni, matrimoni 1879
Santa Maria a Vico	MC5R-M2Q	545	3:1:3QS7-897N-QT5	Nati, pubblicazioni, matrimoni, morti, cittadinanze 1866-1878 Nati, pubblicazioni, matrimoni 1879
Santa Maria a Vico	MC5R-M2Q	546	3:1:3QS7-997N-QYM	Nati, pubblicazioni, matrimoni, morti, cittadinanze 1866-1878 Nati, pubblicazioni, matrimoni 1879
Santa Maria a Vico	MC5R-M2Q	547	3:1:3QS7-997N-Q2L	Nati, pubblicazioni, matrimoni, morti, cittadinanze 1866-1878 Nati, pubblicazioni, matrimoni 1879
Santa Maria a Vico	MC5R-M2Q	548	3:1:3QS7-997N-QP6	Nati, pubblicazioni, matrimoni, morti, cittadinanze 1866-1878 Nati, pubblicazioni, matrimoni 1879
Santa Maria a Vico	MC5R-M2Q	549	3:1:3QSQ-G97N-Q2D	Nati, pubblicazioni, matrimoni, morti, cittadinanze 1866-1878 Nati, pubblicazioni, matrimoni 1879
Santa Maria a Vico	MC5R-M2Q	550	3:1:3QSQ-G97N-QLP	Nati, pubblicazioni, matrimoni, morti, cittadinanze 1866-1878 Nati, pubblicazioni, matrimoni 1879
Santa Maria a Vico	MC5R-M2Q	551	3:1:3QS7-897N-QVJ	Nati, pubblicazioni, matrimoni, morti, cittadinanze 1866-1878 Nati, pubblicazioni, matrimoni 1879
Santa Maria a Vico	MC5R-M2Q	552	3:1:3QS7-997N-QT7	Nati, pubblicazioni, matrimoni, morti, cittadinanze 1866-1878 Nati, pubblicazioni, matrimoni 1879
Santa Maria a Vico	MC5R-M2Q	553	3:1:3QS7-997N-QP8	Nati, pubblicazioni, matrimoni, morti, cittadinanze 1866-1878 Nati, pubblicazioni, matrimoni 1879
Santa Maria a Vico	MC5R-M2Q	554	3:1:3QS7-897N-Q5P	Nati, pubblicazioni, matrimoni, morti, cittadinanze 1866-1878 Nati, pubblicazioni, matrimoni 1879
Santa Maria a Vico	MC5R-M2Q	555	3:1:3QS7-L97N-QKH	Nati, pubblicazioni, matrimoni, morti, cittadinanze 1866-1878 Nati, pubblicazioni, matrimoni 1879
Santa Maria a Vico	MC5R-M2Q	556	3:1:3QSQ-G97N-QLQ	Nati, pubblicazioni, matrimoni, morti, cittadinanze 1866-1878 Nati, pubblicazioni, matrimoni 1879
Santa Maria a Vico	MC5R-M2Q	557	3:1:3QS7-897N-Q2W	Nati, pubblicazioni, matrimoni, morti, cittadinanze 1866-1878 Nati, pubblicazioni, matrimoni 1879
Santa Maria a Vico	MC5R-M2Q	558	3:1:3QS7-L97N-QJN	Nati, pubblicazioni, matrimoni, morti, cittadinanze 1866-1878 Nati, pubblicazioni, matrimoni 1879
Santa Maria a Vico	MC5R-M2Q	559	3:1:3QSQ-G97N-QLD	Nati, pubblicazioni, matrimoni, morti, cittadinanze 1866-1878 Nati, pubblicazioni, matrimoni 1879
Santa Maria a Vico	MC5R-M2Q	560	3:1:3QS7-L97N-QFY	Nati, pubblicazioni, matrimoni, morti, cittadinanze 1866-1878 Nati, pubblicazioni, matrimoni 1879
Santa Maria a Vico	MC5R-M2Q	561	3:1:3QS7-L97N-QT7	Nati, pubblicazioni, matrimoni, morti, cittadinanze 1866-1878 Nati, pubblicazioni, matrimoni 1879
Santa Maria a Vico	MC5R-M2Q	562	3:1:3QS7-L97N-Q24	Nati, pubblicazioni, matrimoni, morti, cittadinanze 1866-1878 Nati, pubblicazioni, matrimoni 1879
Santa Maria a Vico	MC5R-M2Q	563	3:1:3QS7-L97N-Q5B	Nati, pubblicazioni, matrimoni, morti, cittadinanze 1866-1878 Nati, pubblicazioni, matrimoni 1879
Santa Maria a Vico	MC5R-M2Q	564	3:1:3QS7-897N-QV4	Nati, pubblicazioni, matrimoni, morti, cittadinanze 1866-1878 Nati, pubblicazioni, matrimoni 1879
Santa Maria a Vico	MC5R-M2Q	565	3:1:3QS7-L97N-QLN	Nati, pubblicazioni, matrimoni, morti, cittadinanze 1866-1878 Nati, pubblicazioni, matrimoni 1879
Santa Maria a Vico	MC5R-M2Q	566	3:1:3QS7-897N-QP6	Nati, pubblicazioni, matrimoni, morti, cittadinanze 1866-1878 Nati, pubblicazioni, matrimoni 1879
Santa Maria a Vico	MC5R-M2Q	567	3:1:3QS7-997N-QL3	Nati, pubblicazioni, matrimoni, morti, cittadinanze 1866-1878 Nati, pubblicazioni, matrimoni 1879
Santa Maria a Vico	MC5R-M2Q	568	3:1:3QS7-997N-QTV	Nati, pubblicazioni, matrimoni, morti, cittadinanze 1866-1878 Nati, pubblicazioni, matrimoni 1879
Santa Maria a Vico	MC5R-M2Q	569	3:1:3QS7-897N-QG6	Nati, pubblicazioni, matrimoni, morti, cittadinanze 1866-1878 Nati, pubblicazioni, matrimoni 1879
Santa Maria a Vico	MC5R-M2Q	570	3:1:3QS7-897N-QGY	Nati, pubblicazioni, matrimoni, morti, cittadinanze 1866-1878 Nati, pubblicazioni, matrimoni 1879
Santa Maria a Vico	MC5R-M2Q	571	3:1:3QSQ-G97N-QKJ	Nati, pubblicazioni, matrimoni, morti, cittadinanze 1866-1878 Nati, pubblicazioni, matrimoni 1879
Santa Maria a Vico	MC5R-M2Q	572	3:1:3QS7-997N-QNV	Nati, pubblicazioni, matrimoni, morti, cittadinanze 1866-1878 Nati, pubblicazioni, matrimoni 1879
Santa Maria a Vico	MC5R-M2Q	573	3:1:3QS7-897N-QJK	Nati, pubblicazioni, matrimoni, morti, cittadinanze 1866-1878 Nati, pubblicazioni, matrimoni 1879
Santa Maria a Vico	MC5R-M2Q	574	3:1:3QS7-997N-QXR	Nati, pubblicazioni, matrimoni, morti, cittadinanze 1866-1878 Nati, pubblicazioni, matrimoni 1879
Santa Maria a Vico	MC5R-M2Q	575	3:1:3QSQ-G97N-QDB	Nati, pubblicazioni, matrimoni, morti, cittadinanze 1866-1878 Nati, pubblicazioni, matrimoni 1879
Santa Maria a Vico	MC5R-M2Q	576	3:1:3QS7-997N-QR3	Nati, pubblicazioni, matrimoni, morti, cittadinanze 1866-1878 Nati, pubblicazioni, matrimoni 1879
Santa Maria a Vico	MC5R-M2Q	577	3:1:3QS7-897N-QNJ	Nati, pubblicazioni, matrimoni, morti, cittadinanze 1866-1878 Nati, pubblicazioni, matrimoni 1879
Santa Maria a Vico	MC5R-M2Q	578	3:1:3QSQ-G97N-QVV	Nati, pubblicazioni, matrimoni, morti, cittadinanze 1866-1878 Nati, pubblicazioni, matrimoni 1879
Santa Maria a Vico	MC5R-M2Q	579	3:1:3QSQ-G97N-QN6	Nati, pubblicazioni, matrimoni, morti, cittadinanze 1866-1878 Nati, pubblicazioni, matrimoni 1879
Santa Maria a Vico	MC5R-M2Q	580	3:1:3QS7-997N-Q2P	Nati, pubblicazioni, matrimoni, morti, cittadinanze 1866-1878 Nati, pubblicazioni, matrimoni 1879
Santa Maria a Vico	MC5R-M2Q	581	3:1:3QS7-897N-QPJ	Nati, pubblicazioni, matrimoni, morti, cittadinanze 1866-1878 Nati, pubblicazioni, matrimoni 1879
Santa Maria a Vico	MC5R-M2Q	582	3:1:3QSQ-G97N-Q6W	Nati, pubblicazioni, matrimoni, morti, cittadinanze 1866-1878 Nati, pubblicazioni, matrimoni 1879
Santa Maria a Vico	MC5R-M2Q	583	3:1:3QS7-L97N-QVB	Nati, pubblicazioni, matrimoni, morti, cittadinanze 1866-1878 Nati, pubblicazioni, matrimoni 1879
Santa Maria a Vico	MC5R-M2Q	584	3:1:3QS7-997N-QN5	Nati, pubblicazioni, matrimoni, morti, cittadinanze 1866-1878 Nati, pubblicazioni, matrimoni 1879
Santa Maria a Vico	MC5R-M2Q	585	3:1:3QS7-997N-QG4	Nati, pubblicazioni, matrimoni, morti, cittadinanze 1866-1878 Nati, pubblicazioni, matrimoni 1879
Santa Maria a Vico	MC5R-M2Q	586	3:1:3QS7-897N-QL1	Nati, pubblicazioni, matrimoni, morti, cittadinanze 1866-1878 Nati, pubblicazioni, matrimoni 1879
Santa Maria a Vico	MC5R-M2Q	587	3:1:3QS7-897N-QN5	Nati, pubblicazioni, matrimoni, morti, cittadinanze 1866-1878 Nati, pubblicazioni, matrimoni 1879
Santa Maria a Vico	MC5R-M2Q	588	3:1:3QSQ-G97N-QXT	Nati, pubblicazioni, matrimoni, morti, cittadinanze 1866-1878 Nati, pubblicazioni, matrimoni 1879
Santa Maria a Vico	MC5R-M2Q	589	3:1:3QSQ-G97N-QXX	Nati, pubblicazioni, matrimoni, morti, cittadinanze 1866-1878 Nati, pubblicazioni, matrimoni 1879
Santa Maria a Vico	MC5R-M2Q	590	3:1:3QS7-L97N-QJQ	Nati, pubblicazioni, matrimoni, morti, cittadinanze 1866-1878 Nati, pubblicazioni, matrimoni 1879
Santa Maria a Vico	MC5R-M2Q	591	3:1:3QS7-997N-QK8	Nati, pubblicazioni, matrimoni, morti, cittadinanze 1866-1878 Nati, pubblicazioni, matrimoni 1879
Santa Maria a Vico	MC5R-M2Q	592	3:1:3QS7-L97N-QFD	Nati, pubblicazioni, matrimoni, morti, cittadinanze 1866-1878 Nati, pubblicazioni, matrimoni 1879
Santa Maria a Vico	MC5R-M2Q	593	3:1:3QS7-897N-QGF	Nati, pubblicazioni, matrimoni, morti, cittadinanze 1866-1878 Nati, pubblicazioni, matrimoni 1879
Santa Maria a Vico	MC5R-M2Q	594	3:1:3QS7-L97N-QFB	Nati, pubblicazioni, matrimoni, morti, cittadinanze 1866-1878 Nati, pubblicazioni, matrimoni 1879
Santa Maria a Vico	MC5R-M2Q	595	3:1:3QS7-897N-QLF	Nati, pubblicazioni, matrimoni, morti, cittadinanze 1866-1878 Nati, pubblicazioni, matrimoni 1879
Santa Maria a Vico	MC5R-M2Q	596	3:1:3QSQ-G97N-QNS	Nati, pubblicazioni, matrimoni, morti, cittadinanze 1866-1878 Nati, pubblicazioni, matrimoni 1879
Santa Maria a Vico	MC5R-M2Q	597	3:1:3QSQ-G97N-QVX	Nati, pubblicazioni, matrimoni, morti, cittadinanze 1866-1878 Nati, pubblicazioni, matrimoni 1879
Santa Maria a Vico	MC5R-M2Q	598	3:1:3QS7-897N-QFD	Nati, pubblicazioni, matrimoni, morti, cittadinanze 1866-1878 Nati, pubblicazioni, matrimoni 1879
Santa Maria a Vico	MC5R-M2Q	599	3:1:3QS7-897N-QL7	Nati, pubblicazioni, matrimoni, morti, cittadinanze 1866-1878 Nati, pubblicazioni, matrimoni 1879
Santa Maria a Vico	MC5R-M2Q	600	3:1:3QS7-997N-QXF	Nati, pubblicazioni, matrimoni, morti, cittadinanze 1866-1878 Nati, pubblicazioni, matrimoni 1879
Santa Maria a Vico	MC5R-M2Q	601	3:1:3QS7-997N-Q2C	Nati, pubblicazioni, matrimoni, morti, cittadinanze 1866-1878 Nati, pubblicazioni, matrimoni 1879
Santa Maria a Vico	MC5R-M2Q	602	3:1:3QS7-L97N-QVR	Nati, pubblicazioni, matrimoni, morti, cittadinanze 1866-1878 Nati, pubblicazioni, matrimoni 1879
Santa Maria a Vico	MC5R-M2Q	603	3:1:3QS7-L97N-Q2M	Nati, pubblicazioni, matrimoni, morti, cittadinanze 1866-1878 Nati, pubblicazioni, matrimoni 1879
Santa Maria a Vico	MC5R-M2Q	604	3:1:3QS7-997N-QJ5	Nati, pubblicazioni, matrimoni, morti, cittadinanze 1866-1878 Nati, pubblicazioni, matrimoni 1879
Santa Maria a Vico	MC5R-M2Q	605	3:1:3QSQ-G97N-QZ5	Nati, pubblicazioni, matrimoni, morti, cittadinanze 1866-1878 Nati, pubblicazioni, matrimoni 1879
Santa Maria a Vico	MC5R-M2Q	606	3:1:3QS7-997N-QJ3	Nati, pubblicazioni, matrimoni, morti, cittadinanze 1866-1878 Nati, pubblicazioni, matrimoni 1879
Santa Maria a Vico	MC5R-M2Q	607	3:1:3QS7-L97N-QDJ	Nati, pubblicazioni, matrimoni, morti, cittadinanze 1866-1878 Nati, pubblicazioni, matrimoni 1879
Santa Maria a Vico	MC5R-M2Q	608	3:1:3QS7-997N-QRM	Nati, pubblicazioni, matrimoni, morti, cittadinanze 1866-1878 Nati, pubblicazioni, matrimoni 1879
Santa Maria a Vico	MC5R-M2Q	609	3:1:3QSQ-G97N-QNK	Nati, pubblicazioni, matrimoni, morti, cittadinanze 1866-1878 Nati, pubblicazioni, matrimoni 1879
Santa Maria a Vico	MC5R-M2Q	610	3:1:3QS7-L97N-QDT	Nati, pubblicazioni, matrimoni, morti, cittadinanze 1866-1878 Nati, pubblicazioni, matrimoni 1879
Santa Maria a Vico	MC5R-M2Q	611	3:1:3QS7-L97N-QXY	Nati, pubblicazioni, matrimoni, morti, cittadinanze 1866-1878 Nati, pubblicazioni, matrimoni 1879
Santa Maria a Vico	MC5R-M2Q	612	3:1:3QS7-L97N-QJV	Nati, pubblicazioni, matrimoni, morti, cittadinanze 1866-1878 Nati, pubblicazioni, matrimoni 1879
Santa Maria a Vico	MC5R-M2Q	613	3:1:3QS7-997N-QJH	Nati, pubblicazioni, matrimoni, morti, cittadinanze 1866-1878 Nati, pubblicazioni, matrimoni 1879
Santa Maria a Vico	MC5R-M2Q	614	3:1:3QSQ-G97N-QNL	Nati, pubblicazioni, matrimoni, morti, cittadinanze 1866-1878 Nati, pubblicazioni, matrimoni 1879
Santa Maria a Vico	MC5R-M2Q	615	3:1:3QS7-997N-QGQ	Nati, pubblicazioni, matrimoni, morti, cittadinanze 1866-1878 Nati, pubblicazioni, matrimoni 1879
Santa Maria a Vico	MC5R-M2Q	616	3:1:3QS7-997N-QJ7	Nati, pubblicazioni, matrimoni, morti, cittadinanze 1866-1878 Nati, pubblicazioni, matrimoni 1879
Santa Maria a Vico	MC5R-M2Q	617	3:1:3QS7-L97N-QFK	Nati, pubblicazioni, matrimoni, morti, cittadinanze 1866-1878 Nati, pubblicazioni, matrimoni 1879
Santa Maria a Vico	MC5R-M2Q	618	3:1:3QS7-997N-QPS	Nati, pubblicazioni, matrimoni, morti, cittadinanze 1866-1878 Nati, pubblicazioni, matrimoni 1879
Santa Maria a Vico	MC5R-M2Q	619	3:1:3QS7-L97N-QXV	Nati, pubblicazioni, matrimoni, morti, cittadinanze 1866-1878 Nati, pubblicazioni, matrimoni 1879
Santa Maria a Vico	MC5R-M2Q	620	3:1:3QS7-L97N-Q6K	Nati, pubblicazioni, matrimoni, morti, cittadinanze 1866-1878 Nati, pubblicazioni, matrimoni 1879
Santa Maria a Vico	MC5R-M2Q	621	3:1:3QS7-897N-QVS	Nati, pubblicazioni, matrimoni, morti, cittadinanze 1866-1878 Nati, pubblicazioni, matrimoni 1879
Santa Maria a Vico	MC5R-M2Q	622	3:1:3QS7-L97N-Q6C	Nati, pubblicazioni, matrimoni, morti, cittadinanze 1866-1878 Nati, pubblicazioni, matrimoni 1879
Santa Maria a Vico	MC5R-M2Q	623	3:1:3QS7-L97N-QXM	Nati, pubblicazioni, matrimoni, morti, cittadinanze 1866-1878 Nati, pubblicazioni, matrimoni 1879
Santa Maria a Vico	MC5R-M2Q	624	3:1:3QSQ-G97N-QD5	Nati, pubblicazioni, matrimoni, morti, cittadinanze 1866-1878 Nati, pubblicazioni, matrimoni 1879
Santa Maria a Vico	MC5R-M2Q	625	3:1:3QS7-L97N-QC8	Nati, pubblicazioni, matrimoni, morti, cittadinanze 1866-1878 Nati, pubblicazioni, matrimoni 1879
Santa Maria a Vico	MC5R-M2Q	626	3:1:3QSQ-G97N-Q86	Nati, pubblicazioni, matrimoni, morti, cittadinanze 1866-1878 Nati, pubblicazioni, matrimoni 1879
Santa Maria a Vico	MC5R-M2Q	627	3:1:3QSQ-G97N-QFS	Nati, pubblicazioni, matrimoni, morti, cittadinanze 1866-1878 Nati, pubblicazioni, matrimoni 1879
Santa Maria a Vico	MC5R-M2Q	628	3:1:3QS7-897N-Q64	Nati, pubblicazioni, matrimoni, morti, cittadinanze 1866-1878 Nati, pubblicazioni, matrimoni 1879
Santa Maria a Vico	MC5R-M2Q	629	3:1:3QS7-997N-Q67	Nati, pubblicazioni, matrimoni, morti, cittadinanze 1866-1878 Nati, pubblicazioni, matrimoni 1879
Santa Maria a Vico	MC5R-M2Q	630	3:1:3QSQ-G97N-QDC	Nati, pubblicazioni, matrimoni, morti, cittadinanze 1866-1878 Nati, pubblicazioni, matrimoni 1879
Santa Maria a Vico	MC5R-M2Q	631	3:1:3QS7-L97N-Q62	Nati, pubblicazioni, matrimoni, morti, cittadinanze 1866-1878 Nati, pubblicazioni, matrimoni 1879
Santa Maria a Vico	MC5R-M2Q	632	3:1:3QS7-L97N-Q89	Nati, pubblicazioni, matrimoni, morti, cittadinanze 1866-1878 Nati, pubblicazioni, matrimoni 1879
Santa Maria a Vico	MC5R-M2Q	633	3:1:3QS7-L97N-QKF	Nati, pubblicazioni, matrimoni, morti, cittadinanze 1866-1878 Nati, pubblicazioni, matrimoni 1879
Santa Maria a Vico	MC5R-M2Q	634	3:1:3QS7-897N-QND	Nati, pubblicazioni, matrimoni, morti, cittadinanze 1866-1878 Nati, pubblicazioni, matrimoni 1879
Santa Maria a Vico	MC5R-M2Q	635	3:1:3QSQ-G97N-QCG	Nati, pubblicazioni, matrimoni, morti, cittadinanze 1866-1878 Nati, pubblicazioni, matrimoni 1879
Santa Maria a Vico	MC5R-M2Q	636	3:1:3QS7-997N-Q29	Nati, pubblicazioni, matrimoni, morti, cittadinanze 1866-1878 Nati, pubblicazioni, matrimoni 1879
Santa Maria a Vico	MC5R-M2Q	637	3:1:3QS7-897N-QNK	Nati, pubblicazioni, matrimoni, morti, cittadinanze 1866-1878 Nati, pubblicazioni, matrimoni 1879
Santa Maria a Vico	MC5R-M2Q	638	3:1:3QS7-997N-QNB	Nati, pubblicazioni, matrimoni, morti, cittadinanze 1866-1878 Nati, pubblicazioni, matrimoni 1879
Santa Maria a Vico	MC5R-M2Q	639	3:1:3QS7-L97N-Q66	Nati, pubblicazioni, matrimoni, morti, cittadinanze 1866-1878 Nati, pubblicazioni, matrimoni 1879
Santa Maria a Vico	MC5R-M2Q	640	3:1:3QSQ-G97N-QCD	Nati, pubblicazioni, matrimoni, morti, cittadinanze 1866-1878 Nati, pubblicazioni, matrimoni 1879
Santa Maria a Vico	MC5R-M2Q	641	3:1:3QS7-L97N-QCW	Nati, pubblicazioni, matrimoni, morti, cittadinanze 1866-1878 Nati, pubblicazioni, matrimoni 1879
Santa Maria a Vico	MC5R-M2Q	642	3:1:3QSQ-G97N-QCJ	Nati, pubblicazioni, matrimoni, morti, cittadinanze 1866-1878 Nati, pubblicazioni, matrimoni 1879
Santa Maria a Vico	MC5R-M2Q	643	3:1:3QS7-897N-Q8C	Nati, pubblicazioni, matrimoni, morti, cittadinanze 1866-1878 Nati, pubblicazioni, matrimoni 1879
Santa Maria a Vico	MC5R-M2Q	644	3:1:3QS7-L97N-QX2	Nati, pubblicazioni, matrimoni, morti, cittadinanze 1866-1878 Nati, pubblicazioni, matrimoni 1879
Santa Maria a Vico	MC5R-M2Q	645	3:1:3QS7-897N-QDC	Nati, pubblicazioni, matrimoni, morti, cittadinanze 1866-1878 Nati, pubblicazioni, matrimoni 1879
Santa Maria a Vico	MC5R-M2Q	646	3:1:3QS7-997N-QZH	Nati, pubblicazioni, matrimoni, morti, cittadinanze 1866-1878 Nati, pubblicazioni, matrimoni 1879
Santa Maria a Vico	MC5R-M2Q	647	3:1:3QS7-L97N-QNB	Nati, pubblicazioni, matrimoni, morti, cittadinanze 1866-1878 Nati, pubblicazioni, matrimoni 1879
Santa Maria a Vico	MC5R-M2Q	648	3:1:3QS7-997N-QFS	Nati, pubblicazioni, matrimoni, morti, cittadinanze 1866-1878 Nati, pubblicazioni, matrimoni 1879
Santa Maria a Vico	MC5R-M2Q	649	3:1:3QS7-L97N-QNQ	Nati, pubblicazioni, matrimoni, morti, cittadinanze 1866-1878 Nati, pubblicazioni, matrimoni 1879
Santa Maria a Vico	MC5R-M2Q	650	3:1:3QS7-997N-QXQ	Nati, pubblicazioni, matrimoni, morti, cittadinanze 1866-1878 Nati, pubblicazioni, matrimoni 1879
Santa Maria a Vico	MC5R-M2Q	651	3:1:3QS7-L97N-Q42	Nati, pubblicazioni, matrimoni, morti, cittadinanze 1866-1878 Nati, pubblicazioni, matrimoni 1879
Santa Maria a Vico	MC5R-M2Q	652	3:1:3QS7-897N-QF6	Nati, pubblicazioni, matrimoni, morti, cittadinanze 1866-1878 Nati, pubblicazioni, matrimoni 1879
Santa Maria a Vico	MC5R-M2Q	653	3:1:3QS7-897N-QNH	Nati, pubblicazioni, matrimoni, morti, cittadinanze 1866-1878 Nati, pubblicazioni, matrimoni 1879
Santa Maria a Vico	MC5R-M2Q	654	3:1:3QS7-L97N-QFQ	Nati, pubblicazioni, matrimoni, morti, cittadinanze 1866-1878 Nati, pubblicazioni, matrimoni 1879
Santa Maria a Vico	MC5R-M2Q	655	3:1:3QS7-L97N-QD1	Nati, pubblicazioni, matrimoni, morti, cittadinanze 1866-1878 Nati, pubblicazioni, matrimoni 1879
Santa Maria a Vico	MC5R-M2Q	656	3:1:3QSQ-G97N-Q44	Nati, pubblicazioni, matrimoni, morti, cittadinanze 1866-1878 Nati, pubblicazioni, matrimoni 1879
Santa Maria a Vico	MC5R-M2Q	657	3:1:3QS7-997N-QJG	Nati, pubblicazioni, matrimoni, morti, cittadinanze 1866-1878 Nati, pubblicazioni, matrimoni 1879
Santa Maria a Vico	MC5R-M2Q	658	3:1:3QS7-997N-Q65	Nati, pubblicazioni, matrimoni, morti, cittadinanze 1866-1878 Nati, pubblicazioni, matrimoni 1879
Santa Maria a Vico	MC5R-M2Q	659	3:1:3QS7-L97N-QCN	Nati, pubblicazioni, matrimoni, morti, cittadinanze 1866-1878 Nati, pubblicazioni, matrimoni 1879
Santa Maria a Vico	MC5R-M2Q	660	3:1:3QSQ-G97N-QF4	Nati, pubblicazioni, matrimoni, morti, cittadinanze 1866-1878 Nati, pubblicazioni, matrimoni 1879
Santa Maria a Vico	MC5R-M2Q	661	3:1:3QS7-997N-QV8	Nati, pubblicazioni, matrimoni, morti, cittadinanze 1866-1878 Nati, pubblicazioni, matrimoni 1879
Santa Maria a Vico	MC5R-M2Q	662	3:1:3QS7-897N-QVX	Nati, pubblicazioni, matrimoni, morti, cittadinanze 1866-1878 Nati, pubblicazioni, matrimoni 1879
Santa Maria a Vico	MC5R-M2Q	663	3:1:3QS7-997N-QVQ	Nati, pubblicazioni, matrimoni, morti, cittadinanze 1866-1878 Nati, pubblicazioni, matrimoni 1879
Santa Maria a Vico	MC5R-M2Q	664	3:1:3QS7-L97N-QCS	Nati, pubblicazioni, matrimoni, morti, cittadinanze 1866-1878 Nati, pubblicazioni, matrimoni 1879
Santa Maria a Vico	MC5R-M2Q	665	3:1:3QS7-997N-QC7	Nati, pubblicazioni, matrimoni, morti, cittadinanze 1866-1878 Nati, pubblicazioni, matrimoni 1879
Santa Maria a Vico	MC5R-M2Q	666	3:1:3QS7-997N-Q6X	Nati, pubblicazioni, matrimoni, morti, cittadinanze 1866-1878 Nati, pubblicazioni, matrimoni 1879
Santa Maria a Vico	MC5R-M2Q	667	3:1:3QS7-897N-Q6G	Nati, pubblicazioni, matrimoni, morti, cittadinanze 1866-1878 Nati, pubblicazioni, matrimoni 1879
Santa Maria a Vico	MC5R-M2Q	668	3:1:3QS7-897N-Q6D	Nati, pubblicazioni, matrimoni, morti, cittadinanze 1866-1878 Nati, pubblicazioni, matrimoni 1879
Santa Maria a Vico	MC5R-M2Q	669	3:1:3QS7-997N-QDZ	Nati, pubblicazioni, matrimoni, morti, cittadinanze 1866-1878 Nati, pubblicazioni, matrimoni 1879
Santa Maria a Vico	MC5R-M2Q	670	3:1:3QS7-897N-QZT	Nati, pubblicazioni, matrimoni, morti, cittadinanze 1866-1878 Nati, pubblicazioni, matrimoni 1879
Santa Maria a Vico	MC5R-M2Q	671	3:1:3QSQ-G97N-QDZ	Nati, pubblicazioni, matrimoni, morti, cittadinanze 1866-1878 Nati, pubblicazioni, matrimoni 1879
Santa Maria a Vico	MC5R-M2Q	672	3:1:3QS7-997N-Q84	Nati, pubblicazioni, matrimoni, morti, cittadinanze 1866-1878 Nati, pubblicazioni, matrimoni 1879
Santa Maria a Vico	MC5R-M2Q	673	3:1:3QS7-997N-Q7D	Nati, pubblicazioni, matrimoni, morti, cittadinanze 1866-1878 Nati, pubblicazioni, matrimoni 1879
Santa Maria a Vico	MC5R-M2Q	674	3:1:3QSQ-G97N-Q88	Nati, pubblicazioni, matrimoni, morti, cittadinanze 1866-1878 Nati, pubblicazioni, matrimoni 1879
Santa Maria a Vico	MC5R-M2Q	675	3:1:3QS7-897N-Q67	Nati, pubblicazioni, matrimoni, morti, cittadinanze 1866-1878 Nati, pubblicazioni, matrimoni 1879
Santa Maria a Vico	MC5R-M2Q	676	3:1:3QSQ-G97N-Q4F	Nati, pubblicazioni, matrimoni, morti, cittadinanze 1866-1878 Nati, pubblicazioni, matrimoni 1879
Santa Maria a Vico	MC5R-M2Q	677	3:1:3QS7-897N-QFK	Nati, pubblicazioni, matrimoni, morti, cittadinanze 1866-1878 Nati, pubblicazioni, matrimoni 1879
Santa Maria a Vico	MC5R-M2Q	678	3:1:3QSQ-G97N-Q8H	Nati, pubblicazioni, matrimoni, morti, cittadinanze 1866-1878 Nati, pubblicazioni, matrimoni 1879
Santa Maria a Vico	MC5R-M2Q	679	3:1:3QSQ-G97N-QCF	Nati, pubblicazioni, matrimoni, morti, cittadinanze 1866-1878 Nati, pubblicazioni, matrimoni 1879
Santa Maria a Vico	MC5R-M2Q	680	3:1:3QS7-L97N-QH1	Nati, pubblicazioni, matrimoni, morti, cittadinanze 1866-1878 Nati, pubblicazioni, matrimoni 1879
Santa Maria a Vico	MC5R-M2Q	681	3:1:3QS7-L97N-Q43	Nati, pubblicazioni, matrimoni, morti, cittadinanze 1866-1878 Nati, pubblicazioni, matrimoni 1879
Santa Maria a Vico	MC5R-M2Q	682	3:1:3QSQ-G97N-QH8	Nati, pubblicazioni, matrimoni, morti, cittadinanze 1866-1878 Nati, pubblicazioni, matrimoni 1879
Santa Maria a Vico	MC5R-M2Q	683	3:1:3QS7-L97N-Q8C	Nati, pubblicazioni, matrimoni, morti, cittadinanze 1866-1878 Nati, pubblicazioni, matrimoni 1879
Santa Maria a Vico	MC5R-M2Q	684	3:1:3QSQ-G97N-QCL	Nati, pubblicazioni, matrimoni, morti, cittadinanze 1866-1878 Nati, pubblicazioni, matrimoni 1879
Santa Maria a Vico	MC5R-M2Q	685	3:1:3QS7-L97N-Q7N	Nati, pubblicazioni, matrimoni, morti, cittadinanze 1866-1878 Nati, pubblicazioni, matrimoni 1879
Santa Maria a Vico	MC5R-M2Q	686	3:1:3QSQ-G97N-QC6	Nati, pubblicazioni, matrimoni, morti, cittadinanze 1866-1878 Nati, pubblicazioni, matrimoni 1879
Santa Maria a Vico	MC5R-M2Q	687	3:1:3QS7-L97N-Q6X	Nati, pubblicazioni, matrimoni, morti, cittadinanze 1866-1878 Nati, pubblicazioni, matrimoni 1879
Santa Maria a Vico	MC5R-M2Q	688	3:1:3QSQ-G97N-Q42	Nati, pubblicazioni, matrimoni, morti, cittadinanze 1866-1878 Nati, pubblicazioni, matrimoni 1879
Santa Maria a Vico	MC5R-M2Q	689	3:1:3QS7-997N-Q86	Nati, pubblicazioni, matrimoni, morti, cittadinanze 1866-1878 Nati, pubblicazioni, matrimoni 1879
Santa Maria a Vico	MC5R-M2Q	690	3:1:3QSQ-G97N-Q8C	Nati, pubblicazioni, matrimoni, morti, cittadinanze 1866-1878 Nati, pubblicazioni, matrimoni 1879
Santa Maria a Vico	MC5R-M2Q	691	3:1:3QSQ-G97N-QXC	Nati, pubblicazioni, matrimoni, morti, cittadinanze 1866-1878 Nati, pubblicazioni, matrimoni 1879
Santa Maria a Vico	MC5R-M2Q	692	3:1:3QS7-L97N-QNL	Nati, pubblicazioni, matrimoni, morti, cittadinanze 1866-1878 Nati, pubblicazioni, matrimoni 1879
Santa Maria a Vico	MC5R-M2Q	693	3:1:3QS7-997N-QC1	Nati, pubblicazioni, matrimoni, morti, cittadinanze 1866-1878 Nati, pubblicazioni, matrimoni 1879
Santa Maria a Vico	MC5R-M2Q	694	3:1:3QS7-997N-Q66	Nati, pubblicazioni, matrimoni, morti, cittadinanze 1866-1878 Nati, pubblicazioni, matrimoni 1879
Santa Maria a Vico	MC5R-M2Q	695	3:1:3QS7-L97N-QFF	Nati, pubblicazioni, matrimoni, morti, cittadinanze 1866-1878 Nati, pubblicazioni, matrimoni 1879
Santa Maria a Vico	MC5R-M2Q	696	3:1:3QS7-997N-Q4F	Nati, pubblicazioni, matrimoni, morti, cittadinanze 1866-1878 Nati, pubblicazioni, matrimoni 1879
Santa Maria a Vico	MC5R-M2Q	697	3:1:3QS7-L97N-Q8F	Nati, pubblicazioni, matrimoni, morti, cittadinanze 1866-1878 Nati, pubblicazioni, matrimoni 1879
Santa Maria a Vico	MC5R-M2Q	698	3:1:3QS7-897N-QCS	Nati, pubblicazioni, matrimoni, morti, cittadinanze 1866-1878 Nati, pubblicazioni, matrimoni 1879
Santa Maria a Vico	MC5R-M2Q	699	3:1:3QS7-L97N-QZK	Nati, pubblicazioni, matrimoni, morti, cittadinanze 1866-1878 Nati, pubblicazioni, matrimoni 1879
Santa Maria a Vico	MC5R-M2Q	700	3:1:3QS7-997N-Q43	Nati, pubblicazioni, matrimoni, morti, cittadinanze 1866-1878 Nati, pubblicazioni, matrimoni 1879
Santa Maria a Vico	MC5R-M2Q	701	3:1:3QS7-L97N-QQD	Nati, pubblicazioni, matrimoni, morti, cittadinanze 1866-1878 Nati, pubblicazioni, matrimoni 1879
Santa Maria a Vico	MC5R-M2Q	702	3:1:3QS7-997N-QXS	Nati, pubblicazioni, matrimoni, morti, cittadinanze 1866-1878 Nati, pubblicazioni, matrimoni 1879
Santa Maria a Vico	MC5R-M2Q	703	3:1:3QS7-L97N-Q3S	Nati, pubblicazioni, matrimoni, morti, cittadinanze 1866-1878 Nati, pubblicazioni, matrimoni 1879
Santa Maria a Vico	MC5R-M2Q	704	3:1:3QS7-897N-QSP	Nati, pubblicazioni, matrimoni, morti, cittadinanze 1866-1878 Nati, pubblicazioni, matrimoni 1879
Santa Maria a Vico	MC5R-M2Q	705	3:1:3QSQ-G97N-QCY	Nati, pubblicazioni, matrimoni, morti, cittadinanze 1866-1878 Nati, pubblicazioni, matrimoni 1879
Santa Maria a Vico	MC5R-M2Q	706	3:1:3QS7-897N-Q84	Nati, pubblicazioni, matrimoni, morti, cittadinanze 1866-1878 Nati, pubblicazioni, matrimoni 1879
Santa Maria a Vico	MC5R-M2Q	707	3:1:3QS7-L97N-QWB	Nati, pubblicazioni, matrimoni, morti, cittadinanze 1866-1878 Nati, pubblicazioni, matrimoni 1879
Santa Maria a Vico	MC5R-M2Q	708	3:1:3QS7-L97N-Q4N	Nati, pubblicazioni, matrimoni, morti, cittadinanze 1866-1878 Nati, pubblicazioni, matrimoni 1879
Santa Maria a Vico	MC5R-M2Q	709	3:1:3QS7-L97N-QZ2	Nati, pubblicazioni, matrimoni, morti, cittadinanze 1866-1878 Nati, pubblicazioni, matrimoni 1879
Santa Maria a Vico	MC5R-M2Q	710	3:1:3QS7-897N-QD7	Nati, pubblicazioni, matrimoni, morti, cittadinanze 1866-1878 Nati, pubblicazioni, matrimoni 1879
Santa Maria a Vico	MC5R-M2Q	711	3:1:3QS7-997N-QHN	Nati, pubblicazioni, matrimoni, morti, cittadinanze 1866-1878 Nati, pubblicazioni, matrimoni 1879
Santa Maria a Vico	MC5R-M2Q	712	3:1:3QSQ-G97N-QWW	Nati, pubblicazioni, matrimoni, morti, cittadinanze 1866-1878 Nati, pubblicazioni, matrimoni 1879
Santa Maria a Vico	MC5R-M2Q	713	3:1:3QS7-897N-QHP	Nati, pubblicazioni, matrimoni, morti, cittadinanze 1866-1878 Nati, pubblicazioni, matrimoni 1879
Santa Maria a Vico	MC5R-M2Q	714	3:1:3QS7-997N-Q3F	Nati, pubblicazioni, matrimoni, morti, cittadinanze 1866-1878 Nati, pubblicazioni, matrimoni 1879
Santa Maria a Vico	MC5R-M2Q	715	3:1:3QS7-997N-Q8S	Nati, pubblicazioni, matrimoni, morti, cittadinanze 1866-1878 Nati, pubblicazioni, matrimoni 1879
Santa Maria a Vico	MC5R-M2Q	716	3:1:3QS7-897N-QDL	Nati, pubblicazioni, matrimoni, morti, cittadinanze 1866-1878 Nati, pubblicazioni, matrimoni 1879
Santa Maria a Vico	MC5R-M2Q	717	3:1:3QS7-L97N-QDW	Nati, pubblicazioni, matrimoni, morti, cittadinanze 1866-1878 Nati, pubblicazioni, matrimoni 1879
Santa Maria a Vico	MC5R-M2Q	718	3:1:3QS7-897N-QCH	Nati, pubblicazioni, matrimoni, morti, cittadinanze 1866-1878 Nati, pubblicazioni, matrimoni 1879
Santa Maria a Vico	MC5R-M2Q	719	3:1:3QS7-897N-QH5	Nati, pubblicazioni, matrimoni, morti, cittadinanze 1866-1878 Nati, pubblicazioni, matrimoni 1879
Santa Maria a Vico	MC5R-M2Q	720	3:1:3QS7-897N-Q7J	Nati, pubblicazioni, matrimoni, morti, cittadinanze 1866-1878 Nati, pubblicazioni, matrimoni 1879
Santa Maria a Vico	MC5R-M2Q	721	3:1:3QS7-L97N-QC3	Nati, pubblicazioni, matrimoni, morti, cittadinanze 1866-1878 Nati, pubblicazioni, matrimoni 1879
Santa Maria a Vico	MC5R-M2Q	722	3:1:3QS7-L97N-QCP	Nati, pubblicazioni, matrimoni, morti, cittadinanze 1866-1878 Nati, pubblicazioni, matrimoni 1879
Santa Maria a Vico	MC5R-M2Q	723	3:1:3QSQ-G97N-Q3Y	Nati, pubblicazioni, matrimoni, morti, cittadinanze 1866-1878 Nati, pubblicazioni, matrimoni 1879
Santa Maria a Vico	MC5R-M2Q	724	3:1:3QS7-997N-Q4X	Nati, pubblicazioni, matrimoni, morti, cittadinanze 1866-1878 Nati, pubblicazioni, matrimoni 1879
Santa Maria a Vico	MC5R-M2Q	725	3:1:3QS7-997N-QWZ	Nati, pubblicazioni, matrimoni, morti, cittadinanze 1866-1878 Nati, pubblicazioni, matrimoni 1879
Santa Maria a Vico	MC5R-M2Q	726	3:1:3QS7-897N-QZS	Nati, pubblicazioni, matrimoni, morti, cittadinanze 1866-1878 Nati, pubblicazioni, matrimoni 1879
Santa Maria a Vico	MC5R-M2Q	727	3:1:3QS7-L97N-QCJ	Nati, pubblicazioni, matrimoni, morti, cittadinanze 1866-1878 Nati, pubblicazioni, matrimoni 1879
Santa Maria a Vico	MC5R-M2Q	728	3:1:3QS7-L97N-Q38	Nati, pubblicazioni, matrimoni, morti, cittadinanze 1866-1878 Nati, pubblicazioni, matrimoni 1879
Santa Maria a Vico	MC5R-M2Q	729	3:1:3QS7-997N-Q9P	Nati, pubblicazioni, matrimoni, morti, cittadinanze 1866-1878 Nati, pubblicazioni, matrimoni 1879
Santa Maria a Vico	MC5R-M2Q	730	3:1:3QSQ-G97N-Q7P	Nati, pubblicazioni, matrimoni, morti, cittadinanze 1866-1878 Nati, pubblicazioni, matrimoni 1879
Santa Maria a Vico	MC5R-M2Q	731	3:1:3QS7-L97N-QQG	Nati, pubblicazioni, matrimoni, morti, cittadinanze 1866-1878 Nati, pubblicazioni, matrimoni 1879
Santa Maria a Vico	MC5R-M2Q	732	3:1:3QSQ-G97N-Q3R	Nati, pubblicazioni, matrimoni, morti, cittadinanze 1866-1878 Nati, pubblicazioni, matrimoni 1879
Santa Maria a Vico	MC5R-M2Q	733	3:1:3QSQ-G97N-QQ8	Nati, pubblicazioni, matrimoni, morti, cittadinanze 1866-1878 Nati, pubblicazioni, matrimoni 1879
Santa Maria a Vico	MC5R-M2Q	734	3:1:3QSQ-G97N-Q3X	Nati, pubblicazioni, matrimoni, morti, cittadinanze 1866-1878 Nati, pubblicazioni, matrimoni 1879
Santa Maria a Vico	MC5R-M2Q	735	3:1:3QS7-997N-Q9V	Nati, pubblicazioni, matrimoni, morti, cittadinanze 1866-1878 Nati, pubblicazioni, matrimoni 1879
Santa Maria a Vico	MC5R-M2Q	736	3:1:3QS7-997N-QWS	Nati, pubblicazioni, matrimoni, morti, cittadinanze 1866-1878 Nati, pubblicazioni, matrimoni 1879
Santa Maria a Vico	MC5R-M2Q	737	3:1:3QSQ-G97N-QWD	Nati, pubblicazioni, matrimoni, morti, cittadinanze 1866-1878 Nati, pubblicazioni, matrimoni 1879
Santa Maria a Vico	MC5R-M2Q	738	3:1:3QS7-897N-QQL	Nati, pubblicazioni, matrimoni, morti, cittadinanze 1866-1878 Nati, pubblicazioni, matrimoni 1879
Santa Maria a Vico	MC5R-M2Q	739	3:1:3QS7-L97N-QSF	Nati, pubblicazioni, matrimoni, morti, cittadinanze 1866-1878 Nati, pubblicazioni, matrimoni 1879
Santa Maria a Vico	MC5R-M2Q	740	3:1:3QS7-897N-QC9	Nati, pubblicazioni, matrimoni, morti, cittadinanze 1866-1878 Nati, pubblicazioni, matrimoni 1879
Santa Maria a Vico	MC5R-M2Q	741	3:1:3QS7-997N-Q45	Nati, pubblicazioni, matrimoni, morti, cittadinanze 1866-1878 Nati, pubblicazioni, matrimoni 1879
Santa Maria a Vico	MC5R-M2Q	742	3:1:3QS7-997N-QHK	Nati, pubblicazioni, matrimoni, morti, cittadinanze 1866-1878 Nati, pubblicazioni, matrimoni 1879
Santa Maria a Vico	MC5R-M2Q	743	3:1:3QSQ-G97N-Q3J	Nati, pubblicazioni, matrimoni, morti, cittadinanze 1866-1878 Nati, pubblicazioni, matrimoni 1879
Santa Maria a Vico	MC5R-M2Q	744	3:1:3QS7-L97N-QQY	Nati, pubblicazioni, matrimoni, morti, cittadinanze 1866-1878 Nati, pubblicazioni, matrimoni 1879
Santa Maria a Vico	MC5R-M2Q	745	3:1:3QSQ-G97N-QS1	Nati, pubblicazioni, matrimoni, morti, cittadinanze 1866-1878 Nati, pubblicazioni, matrimoni 1879
Santa Maria a Vico	MC5R-M2Q	746	3:1:3QS7-L97N-Q74	Nati, pubblicazioni, matrimoni, morti, cittadinanze 1866-1878 Nati, pubblicazioni, matrimoni 1879
Santa Maria a Vico	MC5R-M2Q	747	3:1:3QS7-897N-QH3	Nati, pubblicazioni, matrimoni, morti, cittadinanze 1866-1878 Nati, pubblicazioni, matrimoni 1879
Santa Maria a Vico	MC5R-M2Q	748	3:1:3QS7-997N-Q7L	Nati, pubblicazioni, matrimoni, morti, cittadinanze 1866-1878 Nati, pubblicazioni, matrimoni 1879
Santa Maria a Vico	MC5R-M2Q	749	3:1:3QS7-897N-Q4B	Nati, pubblicazioni, matrimoni, morti, cittadinanze 1866-1878 Nati, pubblicazioni, matrimoni 1879
Santa Maria a Vico	MC5R-M2Q	750	3:1:3QS7-997N-QHZ	Nati, pubblicazioni, matrimoni, morti, cittadinanze 1866-1878 Nati, pubblicazioni, matrimoni 1879
Santa Maria a Vico	MC5R-M2Q	751	3:1:3QS7-L97N-Q76	Nati, pubblicazioni, matrimoni, morti, cittadinanze 1866-1878 Nati, pubblicazioni, matrimoni 1879
Santa Maria a Vico	MC5R-M2Q	752	3:1:3QS7-997N-QS	Nati, pubblicazioni, matrimoni, morti, cittadinanze 1866-1878 Nati, pubblicazioni, matrimoni 1879
Santa Maria a Vico	MC5R-M2Q	753	3:1:3QS7-L97N-Q9B	Nati, pubblicazioni, matrimoni, morti, cittadinanze 1866-1878 Nati, pubblicazioni, matrimoni 1879
Santa Maria a Vico	MC5R-M2Q	754	3:1:3QSQ-G97N-QH	Nati, pubblicazioni, matrimoni, morti, cittadinanze 1866-1878 Nati, pubblicazioni, matrimoni 1879
Santa Maria a Vico	MC5R-M2Q	755	3:1:3QS7-997N-QW6	Nati, pubblicazioni, matrimoni, morti, cittadinanze 1866-1878 Nati, pubblicazioni, matrimoni 1879
Santa Maria a Vico	MC5R-M2Q	756	3:1:3QSQ-G97N-QL	Nati, pubblicazioni, matrimoni, morti, cittadinanze 1866-1878 Nati, pubblicazioni, matrimoni 1879
Santa Maria a Vico	MC5R-M2Q	757	3:1:3QS7-997N-Q74	Nati, pubblicazioni, matrimoni, morti, cittadinanze 1866-1878 Nati, pubblicazioni, matrimoni 1879
Santa Maria a Vico	MC5R-M2Q	758	3:1:3QS7-997N-Q35	Nati, pubblicazioni, matrimoni, morti, cittadinanze 1866-1878 Nati, pubblicazioni, matrimoni 1879
Santa Maria a Vico	MC5R-M2Q	759	3:1:3QSQ-G97N-3KJV	Nati, pubblicazioni, matrimoni, morti, cittadinanze 1866-1878 Nati, pubblicazioni, matrimoni 1879
Santa Maria a Vico	MC5R-M2Q	760	3:1:3QS7-897N-Q73	Nati, pubblicazioni, matrimoni, morti, cittadinanze 1866-1878 Nati, pubblicazioni, matrimoni 1879
Santa Maria a Vico	MC5R-M2Q	761	3:1:3QS7-L97N-Q9Q	Nati, pubblicazioni, matrimoni, morti, cittadinanze 1866-1878 Nati, pubblicazioni, matrimoni 1879
Santa Maria a Vico	MC5R-M2Q	762	3:1:3QS7-897N-Q7B	Nati, pubblicazioni, matrimoni, morti, cittadinanze 1866-1878 Nati, pubblicazioni, matrimoni 1879
Santa Maria a Vico	MC5R-M2Q	763	3:1:3QS7-897N-QQ9	Nati, pubblicazioni, matrimoni, morti, cittadinanze 1866-1878 Nati, pubblicazioni, matrimoni 1879
Santa Maria a Vico	MC5R-M2Q	764	3:1:3QS7-897N-Q7N	Nati, pubblicazioni, matrimoni, morti, cittadinanze 1866-1878 Nati, pubblicazioni, matrimoni 1879
Santa Maria a Vico	MC5R-M2Q	765	3:1:3QS7-897N-QWM	Nati, pubblicazioni, matrimoni, morti, cittadinanze 1866-1878 Nati, pubblicazioni, matrimoni 1879
Santa Maria a Vico	MC5R-M2Q	766	3:1:3QS7-897N-QY	Nati, pubblicazioni, matrimoni, morti, cittadinanze 1866-1878 Nati, pubblicazioni, matrimoni 1879
Santa Maria a Vico	MC5R-M2Q	767	3:1:3QSQ-G97N-QQQ	Nati, pubblicazioni, matrimoni, morti, cittadinanze 1866-1878 Nati, pubblicazioni, matrimoni 1879
Santa Maria a Vico	MC5R-M2Q	768	3:1:3QS7-897N-Q7M	Nati, pubblicazioni, matrimoni, morti, cittadinanze 1866-1878 Nati, pubblicazioni, matrimoni 1879
Santa Maria a Vico	MC5R-M2Q	769	3:1:3QS7-997N-QW2	Nati, pubblicazioni, matrimoni, morti, cittadinanze 1866-1878 Nati, pubblicazioni, matrimoni 1879
Santa Maria a Vico	MC5R-M2Q	770	3:1:3QS7-897N-Q43	Nati, pubblicazioni, matrimoni, morti, cittadinanze 1866-1878 Nati, pubblicazioni, matrimoni 1879
Santa Maria a Vico	MC5R-M2Q	771	3:1:3QSQ-G97N-QSN	Nati, pubblicazioni, matrimoni, morti, cittadinanze 1866-1878 Nati, pubblicazioni, matrimoni 1879
Santa Maria a Vico	MC5R-M2Q	772	3:1:3QSQ-G97N-Q33	Nati, pubblicazioni, matrimoni, morti, cittadinanze 1866-1878 Nati, pubblicazioni, matrimoni 1879
Santa Maria a Vico	MC5R-M2Q	773	3:1:3QSQ-G97N-Q3G	Nati, pubblicazioni, matrimoni, morti, cittadinanze 1866-1878 Nati, pubblicazioni, matrimoni 1879
Santa Maria a Vico	MC5R-M2Q	774	3:1:3QS7-897N-QB	Nati, pubblicazioni, matrimoni, morti, cittadinanze 1866-1878 Nati, pubblicazioni, matrimoni 1879
Santa Maria a Vico	MC5R-M2Q	775	3:1:3QSQ-G97N-QS8	Nati, pubblicazioni, matrimoni, morti, cittadinanze 1866-1878 Nati, pubblicazioni, matrimoni 1879
Santa Maria a Vico	MC5R-M2Q	776	3:1:3QS7-897N-QSC	Nati, pubblicazioni, matrimoni, morti, cittadinanze 1866-1878 Nati, pubblicazioni, matrimoni 1879
Santa Maria a Vico	MC5R-M2Q	777	3:1:3QS7-897N-Q7	Nati, pubblicazioni, matrimoni, morti, cittadinanze 1866-1878 Nati, pubblicazioni, matrimoni 1879
Santa Maria a Vico	MC5R-M2Q	778	3:1:3QS7-L97N-Q7D	Nati, pubblicazioni, matrimoni, morti, cittadinanze 1866-1878 Nati, pubblicazioni, matrimoni 1879
Santa Maria a Vico	MC5R-M2Q	779	3:1:3QS7-L97N-QS7	Nati, pubblicazioni, matrimoni, morti, cittadinanze 1866-1878 Nati, pubblicazioni, matrimoni 1879
Santa Maria a Vico	MC5R-M2Q	780	3:1:3QSQ-G97N-QZ	Nati, pubblicazioni, matrimoni, morti, cittadinanze 1866-1878 Nati, pubblicazioni, matrimoni 1879
Santa Maria a Vico	MC5R-M2Q	781	3:1:3QS7-L97N-Q3P	Nati, pubblicazioni, matrimoni, morti, cittadinanze 1866-1878 Nati, pubblicazioni, matrimoni 1879
Santa Maria a Vico	MC5R-M2Q	782	3:1:3QS7-L97N-Q33	Nati, pubblicazioni, matrimoni, morti, cittadinanze 1866-1878 Nati, pubblicazioni, matrimoni 1879
Santa Maria a Vico	MC5R-M2Q	783	3:1:3QS7-L97N-Q3V	Nati, pubblicazioni, matrimoni, morti, cittadinanze 1866-1878 Nati, pubblicazioni, matrimoni 1879
Santa Maria a Vico	MC5R-M2Q	784	3:1:3QS7-L97N-QQ2	Nati, pubblicazioni, matrimoni, morti, cittadinanze 1866-1878 Nati, pubblicazioni, matrimoni 1879
Santa Maria a Vico	MC5R-M2Q	785	3:1:3QS7-997N-QQC	Nati, pubblicazioni, matrimoni, morti, cittadinanze 1866-1878 Nati, pubblicazioni, matrimoni 1879
Santa Maria a Vico	MC5R-M2Q	786	3:1:3QS7-897N-Q9F	Nati, pubblicazioni, matrimoni, morti, cittadinanze 1866-1878 Nati, pubblicazioni, matrimoni 1879
Santa Maria a Vico	MC5R-M2Q	787	3:1:3QSQ-G97N-3KVT	Nati, pubblicazioni, matrimoni, morti, cittadinanze 1866-1878 Nati, pubblicazioni, matrimoni 1879
Santa Maria a Vico	MC5R-M2Q	788	3:1:3QS7-L97N-QK	Nati, pubblicazioni, matrimoni, morti, cittadinanze 1866-1878 Nati, pubblicazioni, matrimoni 1879
Santa Maria a Vico	MC5R-M2Q	789	3:1:3QSQ-G97N-QST	Nati, pubblicazioni, matrimoni, morti, cittadinanze 1866-1878 Nati, pubblicazioni, matrimoni 1879
Santa Maria a Vico	MC5R-M2Q	790	3:1:3QSQ-G97N-Q9C	Nati, pubblicazioni, matrimoni, morti, cittadinanze 1866-1878 Nati, pubblicazioni, matrimoni 1879
Santa Maria a Vico	MC5R-M2Q	791	3:1:3QS7-997N-QB	Nati, pubblicazioni, matrimoni, morti, cittadinanze 1866-1878 Nati, pubblicazioni, matrimoni 1879
Santa Maria a Vico	MC5R-M2Q	792	3:1:3QSQ-G97N-QSX	Nati, pubblicazioni, matrimoni, morti, cittadinanze 1866-1878 Nati, pubblicazioni, matrimoni 1879
Santa Maria a Vico	MC5R-M2Q	793	3:1:3QS7-897N-QS2	Nati, pubblicazioni, matrimoni, morti, cittadinanze 1866-1878 Nati, pubblicazioni, matrimoni 1879
Santa Maria a Vico	MC5R-M2Q	794	3:1:3QS7-997N-3KJZ	Nati, pubblicazioni, matrimoni, morti, cittadinanze 1866-1878 Nati, pubblicazioni, matrimoni 1879
Santa Maria a Vico	MC5R-M2Q	795	3:1:3QS7-897N-3KRK	Nati, pubblicazioni, matrimoni, morti, cittadinanze 1866-1878 Nati, pubblicazioni, matrimoni 1879
Santa Maria a Vico	MC5R-M2Q	796	3:1:3QS7-897N-Q9V	Nati, pubblicazioni, matrimoni, morti, cittadinanze 1866-1878 Nati, pubblicazioni, matrimoni 1879
Santa Maria a Vico	MC5R-M2Q	797	3:1:3QS7-897N-Q7W	Nati, pubblicazioni, matrimoni, morti, cittadinanze 1866-1878 Nati, pubblicazioni, matrimoni 1879
Santa Maria a Vico	MC5R-M2Q	798	3:1:3QSQ-G97N-3KVZ	Nati, pubblicazioni, matrimoni, morti, cittadinanze 1866-1878 Nati, pubblicazioni, matrimoni 1879
Santa Maria a Vico	MC5R-M2Q	799	3:1:3QS7-L97N-3KKQ	Nati, pubblicazioni, matrimoni, morti, cittadinanze 1866-1878 Nati, pubblicazioni, matrimoni 1879
Santa Maria a Vico	MC5R-M2Q	800	3:1:3QS7-L97N-3KFC	Nati, pubblicazioni, matrimoni, morti, cittadinanze 1866-1878 Nati, pubblicazioni, matrimoni 1879
Santa Maria a Vico	MC5R-M2Q	801	3:1:3QS7-L97N-3KJ8	Nati, pubblicazioni, matrimoni, morti, cittadinanze 1866-1878 Nati, pubblicazioni, matrimoni 1879
Santa Maria a Vico	MC5R-M2Q	802	3:1:3QS7-L97N-QL	Nati, pubblicazioni, matrimoni, morti, cittadinanze 1866-1878 Nati, pubblicazioni, matrimoni 1879
Santa Maria a Vico	MC5R-M2Q	803	3:1:3QS7-997N-QN	Nati, pubblicazioni, matrimoni, morti, cittadinanze 1866-1878 Nati, pubblicazioni, matrimoni 1879
Santa Maria a Vico	MC5R-M2Q	804	3:1:3QS7-997N-3KVQ	Nati, pubblicazioni, matrimoni, morti, cittadinanze 1866-1878 Nati, pubblicazioni, matrimoni 1879
Santa Maria a Vico	MC5R-M2Q	805	3:1:3QS7-L97N-3KKD	Nati, pubblicazioni, matrimoni, morti, cittadinanze 1866-1878 Nati, pubblicazioni, matrimoni 1879
Santa Maria a Vico	MC5R-M2Q	806	3:1:3QS7-L97N-Q5	Nati, pubblicazioni, matrimoni, morti, cittadinanze 1866-1878 Nati, pubblicazioni, matrimoni 1879
Santa Maria a Vico	MC5R-M2Q	807	3:1:3QS7-997N-3KN2	Nati, pubblicazioni, matrimoni, morti, cittadinanze 1866-1878 Nati, pubblicazioni, matrimoni 1879
Santa Maria a Vico	MC5R-M2Q	808	3:1:3QSQ-G97N-QT	Nati, pubblicazioni, matrimoni, morti, cittadinanze 1866-1878 Nati, pubblicazioni, matrimoni 1879
Santa Maria a Vico	MC5R-M2Q	809	3:1:3QS7-897N-3KP9	Nati, pubblicazioni, matrimoni, morti, cittadinanze 1866-1878 Nati, pubblicazioni, matrimoni 1879
Santa Maria a Vico	MC5R-M2Q	810	3:1:3QSQ-G97N-Q97	Nati, pubblicazioni, matrimoni, morti, cittadinanze 1866-1878 Nati, pubblicazioni, matrimoni 1879
Santa Maria a Vico	MC5R-M2Q	811	3:1:3QS7-897N-3KG1	Nati, pubblicazioni, matrimoni, morti, cittadinanze 1866-1878 Nati, pubblicazioni, matrimoni 1879
Santa Maria a Vico	MC5R-M2Q	812	3:1:3QS7-L97N-Q99	Nati, pubblicazioni, matrimoni, morti, cittadinanze 1866-1878 Nati, pubblicazioni, matrimoni 1879
Santa Maria a Vico	MC5R-M2Q	813	3:1:3QS7-997N-3KFW	Nati, pubblicazioni, matrimoni, morti, cittadinanze 1866-1878 Nati, pubblicazioni, matrimoni 1879
Santa Maria a Vico	MC5R-M2Q	814	3:1:3QSQ-G97N-3KVC	Nati, pubblicazioni, matrimoni, morti, cittadinanze 1866-1878 Nati, pubblicazioni, matrimoni 1879
Santa Maria a Vico	MC5R-M2Q	815	3:1:3QSQ-G97N-Q9	Nati, pubblicazioni, matrimoni, morti, cittadinanze 1866-1878 Nati, pubblicazioni, matrimoni 1879
Santa Maria a Vico	MC5R-M2Q	816	3:1:3QS7-997N-QSL	Nati, pubblicazioni, matrimoni, morti, cittadinanze 1866-1878 Nati, pubblicazioni, matrimoni 1879
Santa Maria a Vico	MC5R-M2Q	817	3:1:3QS7-L97N-3KK2	Nati, pubblicazioni, matrimoni, morti, cittadinanze 1866-1878 Nati, pubblicazioni, matrimoni 1879
Santa Maria a Vico	MC5R-M2Q	818	3:1:3QS7-897N-3KPX	Nati, pubblicazioni, matrimoni, morti, cittadinanze 1866-1878 Nati, pubblicazioni, matrimoni 1879
Santa Maria a Vico	MC5R-M2Q	819	3:1:3QSQ-G97N-3KXT	Nati, pubblicazioni, matrimoni, morti, cittadinanze 1866-1878 Nati, pubblicazioni, matrimoni 1879
Santa Maria a Vico	MC5R-M2Q	820	3:1:3QS7-997N-QD	Nati, pubblicazioni, matrimoni, morti, cittadinanze 1866-1878 Nati, pubblicazioni, matrimoni 1879
Santa Maria a Vico	MC5R-M2Q	821	3:1:3QSQ-G97N-3KJD	Nati, pubblicazioni, matrimoni, morti, cittadinanze 1866-1878 Nati, pubblicazioni, matrimoni 1879
Santa Maria a Vico	MC5R-M2Q	822	3:1:3QS7-897N-3KG4	Nati, pubblicazioni, matrimoni, morti, cittadinanze 1866-1878 Nati, pubblicazioni, matrimoni 1879
Santa Maria a Vico	MC5R-M2Q	823	3:1:3QS7-897N-3KLS	Nati, pubblicazioni, matrimoni, morti, cittadinanze 1866-1878 Nati, pubblicazioni, matrimoni 1879
Santa Maria a Vico	MC5R-M2Q	824	3:1:3QS7-997N-3KKN	Nati, pubblicazioni, matrimoni, morti, cittadinanze 1866-1878 Nati, pubblicazioni, matrimoni 1879
Santa Maria a Vico	MC5R-M2Q	825	3:1:3QSQ-G97N-3KK9	Nati, pubblicazioni, matrimoni, morti, cittadinanze 1866-1878 Nati, pubblicazioni, matrimoni 1879
Santa Maria a Vico	MC5R-M2Q	826	3:1:3QS7-997N-3KJ5	Nati, pubblicazioni, matrimoni, morti, cittadinanze 1866-1878 Nati, pubblicazioni, matrimoni 1879
Santa Maria a Vico	MC5R-M2Q	827	3:1:3QSQ-G97N-3KJ4	Nati, pubblicazioni, matrimoni, morti, cittadinanze 1866-1878 Nati, pubblicazioni, matrimoni 1879
Santa Maria a Vico	MC5R-M2Q	828	3:1:3QS7-897N-3KGZ	Nati, pubblicazioni, matrimoni, morti, cittadinanze 1866-1878 Nati, pubblicazioni, matrimoni 1879
Santa Maria a Vico	MC5R-M2Q	829	3:1:3QS7-897N-3K59	Nati, pubblicazioni, matrimoni, morti, cittadinanze 1866-1878 Nati, pubblicazioni, matrimoni 1879
Santa Maria a Vico	MC5R-M2Q	830	3:1:3QSQ-G97N-3KN2	Nati, pubblicazioni, matrimoni, morti, cittadinanze 1866-1878 Nati, pubblicazioni, matrimoni 1879
Santa Maria a Vico	MC5R-M2Q	831	3:1:3QSQ-G97N-3KXM	Nati, pubblicazioni, matrimoni, morti, cittadinanze 1866-1878 Nati, pubblicazioni, matrimoni 1879
Santa Maria a Vico	MC5R-M2Q	832	3:1:3QSQ-G97N-3K6S	Nati, pubblicazioni, matrimoni, morti, cittadinanze 1866-1878 Nati, pubblicazioni, matrimoni 1879
Santa Maria a Vico	MC5R-M2Q	833	3:1:3QS7-897N-3KKV	Nati, pubblicazioni, matrimoni, morti, cittadinanze 1866-1878 Nati, pubblicazioni, matrimoni 1879
Santa Maria a Vico	MC5R-M2Q	834	3:1:3QS7-L97N-3KJH	Nati, pubblicazioni, matrimoni, morti, cittadinanze 1866-1878 Nati, pubblicazioni, matrimoni 1879
Santa Maria a Vico	MC5R-M2Q	835	3:1:3QS7-897N-3K54	Nati, pubblicazioni, matrimoni, morti, cittadinanze 1866-1878 Nati, pubblicazioni, matrimoni 1879
Santa Maria a Vico	MC5R-M2Q	836	3:1:3QS7-897N-3K5M	Nati, pubblicazioni, matrimoni, morti, cittadinanze 1866-1878 Nati, pubblicazioni, matrimoni 1879
Santa Maria a Vico	MC5R-M2Q	837	3:1:3QS7-L97N-3KJ7	Nati, pubblicazioni, matrimoni, morti, cittadinanze 1866-1878 Nati, pubblicazioni, matrimoni 1879
Santa Maria a Vico	MC5R-M2Q	838	3:1:3QSQ-G97N-3K6C	Nati, pubblicazioni, matrimoni, morti, cittadinanze 1866-1878 Nati, pubblicazioni, matrimoni 1879
Santa Maria a Vico	MC5R-M2Q	839	3:1:3QSQ-G97N-Q9W	Nati, pubblicazioni, matrimoni, morti, cittadinanze 1866-1878 Nati, pubblicazioni, matrimoni 1879
Santa Maria a Vico	MC5R-M2Q	840	3:1:3QS7-L97N-QB	Nati, pubblicazioni, matrimoni, morti, cittadinanze 1866-1878 Nati, pubblicazioni, matrimoni 1879
Santa Maria a Vico	MC5R-M2Q	841	3:1:3QS7-897N-3KPH	Nati, pubblicazioni, matrimoni, morti, cittadinanze 1866-1878 Nati, pubblicazioni, matrimoni 1879
Santa Maria a Vico	MC5R-M2Q	842	3:1:3QS7-997N-QS3	Nati, pubblicazioni, matrimoni, morti, cittadinanze 1866-1878 Nati, pubblicazioni, matrimoni 1879
Santa Maria a Vico	MC5R-M2Q	843	3:1:3QSQ-G97N-3KN4	Nati, pubblicazioni, matrimoni, morti, cittadinanze 1866-1878 Nati, pubblicazioni, matrimoni 1879
Santa Maria a Vico	MC5R-M2Q	844	3:1:3QS7-L97N-3KFF	Nati, pubblicazioni, matrimoni, morti, cittadinanze 1866-1878 Nati, pubblicazioni, matrimoni 1879
Santa Maria a Vico	MC5R-M2Q	845	3:1:3QS7-897N-3KRG	Nati, pubblicazioni, matrimoni, morti, cittadinanze 1866-1878 Nati, pubblicazioni, matrimoni 1879
Santa Maria a Vico	MC5R-M2Q	846	3:1:3QS7-L97N-3KXB	Nati, pubblicazioni, matrimoni, morti, cittadinanze 1866-1878 Nati, pubblicazioni, matrimoni 1879
Santa Maria a Vico	MC5R-M2Q	847	3:1:3QS7-L97N-3KKM	Nati, pubblicazioni, matrimoni, morti, cittadinanze 1866-1878 Nati, pubblicazioni, matrimoni 1879
Santa Maria a Vico	MC5R-M2Q	848	3:1:3QS7-897N-3KL3	Nati, pubblicazioni, matrimoni, morti, cittadinanze 1866-1878 Nati, pubblicazioni, matrimoni 1879
Santa Maria a Vico	MC5R-M2Q	849	3:1:3QSQ-G97N-3K6D	Nati, pubblicazioni, matrimoni, morti, cittadinanze 1866-1878 Nati, pubblicazioni, matrimoni 1879
Santa Maria a Vico	MC5R-M2Q	850	3:1:3QS7-897N-3KPG	Nati, pubblicazioni, matrimoni, morti, cittadinanze 1866-1878 Nati, pubblicazioni, matrimoni 1879
Santa Maria a Vico	MC5R-M2Q	851	3:1:3QS7-L97N-3KJ4	Nati, pubblicazioni, matrimoni, morti, cittadinanze 1866-1878 Nati, pubblicazioni, matrimoni 1879
Santa Maria a Vico	MC5R-M2Q	852	3:1:3QS7-L97N-3KX8	Nati, pubblicazioni, matrimoni, morti, cittadinanze 1866-1878 Nati, pubblicazioni, matrimoni 1879
Santa Maria a Vico	MC5R-M2Q	853	3:1:3QS7-897N-3K5N	Nati, pubblicazioni, matrimoni, morti, cittadinanze 1866-1878 Nati, pubblicazioni, matrimoni 1879
Santa Maria a Vico	MC5R-M2Q	854	3:1:3QS7-897N-3KGQ	Nati, pubblicazioni, matrimoni, morti, cittadinanze 1866-1878 Nati, pubblicazioni, matrimoni 1879
Santa Maria a Vico	MC5R-M2Q	855	3:1:3QS7-897N-3KLP	Nati, pubblicazioni, matrimoni, morti, cittadinanze 1866-1878 Nati, pubblicazioni, matrimoni 1879
Santa Maria a Vico	MC5R-M2Q	856	3:1:3QS7-997N-3KJP	Nati, pubblicazioni, matrimoni, morti, cittadinanze 1866-1878 Nati, pubblicazioni, matrimoni 1879
Santa Maria a Vico	MC5R-M2Q	857	3:1:3QS7-897N-3KP3	Nati, pubblicazioni, matrimoni, morti, cittadinanze 1866-1878 Nati, pubblicazioni, matrimoni 1879
Santa Maria a Vico	MC5R-M2Q	858	3:1:3QS7-L97N-3KJX	Nati, pubblicazioni, matrimoni, morti, cittadinanze 1866-1878 Nati, pubblicazioni, matrimoni 1879
Santa Maria a Vico	MC5R-M2Q	859	3:1:3QS7-897N-3KGH	Nati, pubblicazioni, matrimoni, morti, cittadinanze 1866-1878 Nati, pubblicazioni, matrimoni 1879
Santa Maria a Vico	MC5R-M2Q	860	3:1:3QSQ-G97N-3KNP	Nati, pubblicazioni, matrimoni, morti, cittadinanze 1866-1878 Nati, pubblicazioni, matrimoni 1879
Santa Maria a Vico	MC5R-M2Q	861	3:1:3QS7-897N-3K2K	Nati, pubblicazioni, matrimoni, morti, cittadinanze 1866-1878 Nati, pubblicazioni, matrimoni 1879
Santa Maria a Vico	MC5R-M2Q	862	3:1:3QS7-897N-3KG5	Nati, pubblicazioni, matrimoni, morti, cittadinanze 1866-1878 Nati, pubblicazioni, matrimoni 1879
Santa Maria a Vico	MC5R-M2Q	863	3:1:3QSQ-G97N-3KJ7	Nati, pubblicazioni, matrimoni, morti, cittadinanze 1866-1878 Nati, pubblicazioni, matrimoni 1879
Santa Maria a Vico	MC5R-M2Q	864	3:1:3QSQ-G97N-3K6Z	Nati, pubblicazioni, matrimoni, morti, cittadinanze 1866-1878 Nati, pubblicazioni, matrimoni 1879
Santa Maria a Vico	MC5R-M2Q	865	3:1:3QSQ-G97N-3KFZ	Nati, pubblicazioni, matrimoni, morti, cittadinanze 1866-1878 Nati, pubblicazioni, matrimoni 1879
Santa Maria a Vico	MC5R-M2Q	866	3:1:3QS7-L97N-3K8C	Nati, pubblicazioni, matrimoni, morti, cittadinanze 1866-1878 Nati, pubblicazioni, matrimoni 1879
Santa Maria a Vico	MC5R-M2Q	867	3:1:3QS7-L97N-3KJN	Nati, pubblicazioni, matrimoni, morti, cittadinanze 1866-1878 Nati, pubblicazioni, matrimoni 1879
Santa Maria a Vico	MC5R-M2Q	868	3:1:3QSQ-G97N-3K6M	Nati, pubblicazioni, matrimoni, morti, cittadinanze 1866-1878 Nati, pubblicazioni, matrimoni 1879
Santa Maria a Vico	MC5R-M2Q	869	3:1:3QS7-L97N-3KKB	Nati, pubblicazioni, matrimoni, morti, cittadinanze 1866-1878 Nati, pubblicazioni, matrimoni 1879
Santa Maria a Vico	MC5R-M2Q	870	3:1:3QS7-L97N-3KKC	Nati, pubblicazioni, matrimoni, morti, cittadinanze 1866-1878 Nati, pubblicazioni, matrimoni 1879
Santa Maria a Vico	MC5R-M2Q	871	3:1:3QS7-897N-3KFT	Nati, pubblicazioni, matrimoni, morti, cittadinanze 1866-1878 Nati, pubblicazioni, matrimoni 1879
Santa Maria a Vico	MC5R-M2Q	872	3:1:3QS7-897N-3KJG	Nati, pubblicazioni, matrimoni, morti, cittadinanze 1866-1878 Nati, pubblicazioni, matrimoni 1879
Santa Maria a Vico	MC5R-M2Q	873	3:1:3QS7-L97N-3KZ4	Nati, pubblicazioni, matrimoni, morti, cittadinanze 1866-1878 Nati, pubblicazioni, matrimoni 1879
Santa Maria a Vico	MC5R-M2Q	874	3:1:3QS7-L97N-3K63	Nati, pubblicazioni, matrimoni, morti, cittadinanze 1866-1878 Nati, pubblicazioni, matrimoni 1879
Santa Maria a Vico	MC5R-M2Q	875	3:1:3QS7-L97N-3K8R	Nati, pubblicazioni, matrimoni, morti, cittadinanze 1866-1878 Nati, pubblicazioni, matrimoni 1879
Santa Maria a Vico	MC5R-M2Q	876	3:1:3QS7-897N-3KGF	Nati, pubblicazioni, matrimoni, morti, cittadinanze 1866-1878 Nati, pubblicazioni, matrimoni 1879
Santa Maria a Vico	MC5R-M2Q	877	3:1:3QS7-897N-3K6V	Nati, pubblicazioni, matrimoni, morti, cittadinanze 1866-1878 Nati, pubblicazioni, matrimoni 1879
Santa Maria a Vico	MC5R-M2Q	878	3:1:3QS7-897N-3KFB	Nati, pubblicazioni, matrimoni, morti, cittadinanze 1866-1878 Nati, pubblicazioni, matrimoni 1879
Santa Maria a Vico	MC5R-M2Q	879	3:1:3QS7-L97N-3KXN	Nati, pubblicazioni, matrimoni, morti, cittadinanze 1866-1878 Nati, pubblicazioni, matrimoni 1879
Santa Maria a Vico	MC5R-M2Q	880	3:1:3QS7-897N-3KJW	Nati, pubblicazioni, matrimoni, morti, cittadinanze 1866-1878 Nati, pubblicazioni, matrimoni 1879
Santa Maria a Vico	MC5R-M2Q	881	3:1:3QSQ-G97N-3KF3	Nati, pubblicazioni, matrimoni, morti, cittadinanze 1866-1878 Nati, pubblicazioni, matrimoni 1879
Santa Maria a Vico	MC5R-M2Q	882	3:1:3QS7-L97N-3K89	Nati, pubblicazioni, matrimoni, morti, cittadinanze 1866-1878 Nati, pubblicazioni, matrimoni 1879
Santa Maria a Vico	MC5R-M2Q	883	3:1:3QS7-897N-3KXQ	Nati, pubblicazioni, matrimoni, morti, cittadinanze 1866-1878 Nati, pubblicazioni, matrimoni 1879
Santa Maria a Vico	MC5R-M2Q	884	3:1:3QSQ-G97N-3KZ7	Nati, pubblicazioni, matrimoni, morti, cittadinanze 1866-1878 Nati, pubblicazioni, matrimoni 1879
Santa Maria a Vico	MC5R-M2Q	885	3:1:3QS7-L97N-3K6L	Nati, pubblicazioni, matrimoni, morti, cittadinanze 1866-1878 Nati, pubblicazioni, matrimoni 1879
Santa Maria a Vico	MC5R-M2Q	886	3:1:3QSQ-G97N-3K8P	Nati, pubblicazioni, matrimoni, morti, cittadinanze 1866-1878 Nati, pubblicazioni, matrimoni 1879
Santa Maria a Vico	MC5R-M2Q	887	3:1:3QS7-897N-3KKX	Nati, pubblicazioni, matrimoni, morti, cittadinanze 1866-1878 Nati, pubblicazioni, matrimoni 1879
Santa Maria a Vico	MC5R-M2Q	888	3:1:3QS7-L97N-3K64	Nati, pubblicazioni, matrimoni, morti, cittadinanze 1866-1878 Nati, pubblicazioni, matrimoni 1879
Santa Maria a Vico	MC5R-M2Q	889	3:1:3QSQ-G97N-3KNJ	Nati, pubblicazioni, matrimoni, morti, cittadinanze 1866-1878 Nati, pubblicazioni, matrimoni 1879
Santa Maria a Vico	MC5R-M2Q	890	3:1:3QS7-L97N-3KZD	Nati, pubblicazioni, matrimoni, morti, cittadinanze 1866-1878 Nati, pubblicazioni, matrimoni 1879
Santa Maria a Vico	MC5R-M2Q	891	3:1:3QS7-897N-3KJ4	Nati, pubblicazioni, matrimoni, morti, cittadinanze 1866-1878 Nati, pubblicazioni, matrimoni 1879
Santa Maria a Vico	MC5R-M2Q	892	3:1:3QS7-L97N-3KDZ	Nati, pubblicazioni, matrimoni, morti, cittadinanze 1866-1878 Nati, pubblicazioni, matrimoni 1879
Santa Maria a Vico	MC5R-M2Q	893	3:1:3QS7-997N-3KX8	Nati, pubblicazioni, matrimoni, morti, cittadinanze 1866-1878 Nati, pubblicazioni, matrimoni 1879
Santa Maria a Vico	MC5R-M2Q	894	3:1:3QS7-997N-3KXX	Nati, pubblicazioni, matrimoni, morti, cittadinanze 1866-1878 Nati, pubblicazioni, matrimoni 1879
Santa Maria a Vico	MC5R-M2Q	895	3:1:3QS7-897N-3KKM	Nati, pubblicazioni, matrimoni, morti, cittadinanze 1866-1878 Nati, pubblicazioni, matrimoni 1879
Santa Maria a Vico	MC5R-M2Q	896	3:1:3QSQ-G97N-3K84	Nati, pubblicazioni, matrimoni, morti, cittadinanze 1866-1878 Nati, pubblicazioni, matrimoni 1879
Santa Maria a Vico	MC5R-M2Q	897	3:1:3QS7-L97N-3K6N	Nati, pubblicazioni, matrimoni, morti, cittadinanze 1866-1878 Nati, pubblicazioni, matrimoni 1879
Santa Maria a Vico	MC5R-M2Q	898	3:1:3QS7-L97N-3KDD	Nati, pubblicazioni, matrimoni, morti, cittadinanze 1866-1878 Nati, pubblicazioni, matrimoni 1879
Santa Maria a Vico	MC5R-M2Q	899	3:1:3QS7-997N-3K6N	Nati, pubblicazioni, matrimoni, morti, cittadinanze 1866-1878 Nati, pubblicazioni, matrimoni 1879
Santa Maria a Vico	MC5R-M2Q	900	3:1:3QS7-897N-3KJN	Nati, pubblicazioni, matrimoni, morti, cittadinanze 1866-1878 Nati, pubblicazioni, matrimoni 1879
Santa Maria a Vico	MC5R-M2Q	901	3:1:3QSQ-G97N-3KDW	Nati, pubblicazioni, matrimoni, morti, cittadinanze 1866-1878 Nati, pubblicazioni, matrimoni 1879
Santa Maria a Vico	MC5R-M2Q	902	3:1:3QS7-997N-3KXZ	Nati, pubblicazioni, matrimoni, morti, cittadinanze 1866-1878 Nati, pubblicazioni, matrimoni 1879
Santa Maria a Vico	MC5R-M2Q	903	3:1:3QS7-997N-3K6G	Nati, pubblicazioni, matrimoni, morti, cittadinanze 1866-1878 Nati, pubblicazioni, matrimoni 1879
Santa Maria a Vico	MC5R-M2Q	904	3:1:3QS7-997N-3K6K	Nati, pubblicazioni, matrimoni, morti, cittadinanze 1866-1878 Nati, pubblicazioni, matrimoni 1879
Santa Maria a Vico	MC5R-M2Q	905	3:1:3QSQ-G97N-3KWF	Nati, pubblicazioni, matrimoni, morti, cittadinanze 1866-1878 Nati, pubblicazioni, matrimoni 1879
Santa Maria a Vico	MC5R-M2Q	906	3:1:3QS7-897N-3KXN	Nati, pubblicazioni, matrimoni, morti, cittadinanze 1866-1878 Nati, pubblicazioni, matrimoni 1879
Santa Maria a Vico	MC5R-M2Q	907	3:1:3QS7-997N-3KCG	Nati, pubblicazioni, matrimoni, morti, cittadinanze 1866-1878 Nati, pubblicazioni, matrimoni 1879
Santa Maria a Vico	MC5R-M2Q	908	3:1:3QSQ-G97N-3K89	Nati, pubblicazioni, matrimoni, morti, cittadinanze 1866-1878 Nati, pubblicazioni, matrimoni 1879
Santa Maria a Vico	MC5R-M2Q	909	3:1:3QS7-897N-3KFD	Nati, pubblicazioni, matrimoni, morti, cittadinanze 1866-1878 Nati, pubblicazioni, matrimoni 1879
Santa Maria a Vico	MC5R-M2Q	910	3:1:3QS7-997N-3KDP	Nati, pubblicazioni, matrimoni, morti, cittadinanze 1866-1878 Nati, pubblicazioni, matrimoni 1879
Santa Maria a Vico	MC5R-M2Q	911	3:1:3QS7-L97N-3KNH	Nati, pubblicazioni, matrimoni, morti, cittadinanze 1866-1878 Nati, pubblicazioni, matrimoni 1879
Santa Maria a Vico	MC5R-M2Q	912	3:1:3QSQ-G97N-3K8L	Nati, pubblicazioni, matrimoni, morti, cittadinanze 1866-1878 Nati, pubblicazioni, matrimoni 1879
Santa Maria a Vico	MC5R-M2Q	913	3:1:3QS7-L97N-3KD3	Nati, pubblicazioni, matrimoni, morti, cittadinanze 1866-1878 Nati, pubblicazioni, matrimoni 1879
Santa Maria a Vico	MC5R-M2Q	914	3:1:3QS7-997N-3K8R	Nati, pubblicazioni, matrimoni, morti, cittadinanze 1866-1878 Nati, pubblicazioni, matrimoni 1879
Santa Maria a Vico	MC5R-M2Q	915	3:1:3QS7-897N-3KV2	Nati, pubblicazioni, matrimoni, morti, cittadinanze 1866-1878 Nati, pubblicazioni, matrimoni 1879
Santa Maria a Vico	MC5R-M2Q	916	3:1:3QS7-897N-3KFL	Nati, pubblicazioni, matrimoni, morti, cittadinanze 1866-1878 Nati, pubblicazioni, matrimoni 1879
Santa Maria a Vico	MC5R-M2Q	917	3:1:3QS7-897N-3KNM	Nati, pubblicazioni, matrimoni, morti, cittadinanze 1866-1878 Nati, pubblicazioni, matrimoni 1879
Santa Maria a Vico	MC5R-M2Q	918	3:1:3QS7-997N-3KCD	Nati, pubblicazioni, matrimoni, morti, cittadinanze 1866-1878 Nati, pubblicazioni, matrimoni 1879
Santa Maria a Vico	MC5R-M2Q	919	3:1:3QSQ-G97N-3K3T	Nati, pubblicazioni, matrimoni, morti, cittadinanze 1866-1878 Nati, pubblicazioni, matrimoni 1879
Santa Maria a Vico	MC5R-M2Q	920	3:1:3QS7-997N-3K8Y	Nati, pubblicazioni, matrimoni, morti, cittadinanze 1866-1878 Nati, pubblicazioni, matrimoni 1879
Santa Maria a Vico	MC5R-M2Q	921	3:1:3QS7-L97N-3KWL	Nati, pubblicazioni, matrimoni, morti, cittadinanze 1866-1878 Nati, pubblicazioni, matrimoni 1879
Santa Maria a Vico	MC5R-M2Q	922	3:1:3QS7-L97N-3KC4	Nati, pubblicazioni, matrimoni, morti, cittadinanze 1866-1878 Nati, pubblicazioni, matrimoni 1879
Santa Maria a Vico	MC5R-M2Q	923	3:1:3QS7-L97N-3K8Q	Nati, pubblicazioni, matrimoni, morti, cittadinanze 1866-1878 Nati, pubblicazioni, matrimoni 1879
Santa Maria a Vico	MC5R-M2Q	924	3:1:3QS7-997N-3KZX	Nati, pubblicazioni, matrimoni, morti, cittadinanze 1866-1878 Nati, pubblicazioni, matrimoni 1879
Santa Maria a Vico	MC5R-M2Q	925	3:1:3QSQ-G97N-3KHR	Nati, pubblicazioni, matrimoni, morti, cittadinanze 1866-1878 Nati, pubblicazioni, matrimoni 1879
Santa Maria a Vico	MC5R-M2Q	926	3:1:3QS7-L97N-3KHN	Nati, pubblicazioni, matrimoni, morti, cittadinanze 1866-1878 Nati, pubblicazioni, matrimoni 1879
Santa Maria a Vico	MC5R-M2Q	927	3:1:3QS7-L97N-3KZ5	Nati, pubblicazioni, matrimoni, morti, cittadinanze 1866-1878 Nati, pubblicazioni, matrimoni 1879
Santa Maria a Vico	MC5R-M2Q	928	3:1:3QS7-897N-3KJK	Nati, pubblicazioni, matrimoni, morti, cittadinanze 1866-1878 Nati, pubblicazioni, matrimoni 1879
Santa Maria a Vico	MC5R-M2Q	929	3:1:3QSQ-G97N-3KHJ	Nati, pubblicazioni, matrimoni, morti, cittadinanze 1866-1878 Nati, pubblicazioni, matrimoni 1879
Santa Maria a Vico	MC5R-M2Q	930	3:1:3QS7-897N-3KZF	Nati, pubblicazioni, matrimoni, morti, cittadinanze 1866-1878 Nati, pubblicazioni, matrimoni 1879
Santa Maria a Vico	MC5R-M2Q	931	3:1:3QSQ-G97N-3K6T	Nati, pubblicazioni, matrimoni, morti, cittadinanze 1866-1878 Nati, pubblicazioni, matrimoni 1879
Santa Maria a Vico	MC5R-M2Q	932	3:1:3QS7-997N-3KZL	Nati, pubblicazioni, matrimoni, morti, cittadinanze 1866-1878 Nati, pubblicazioni, matrimoni 1879
Santa Maria a Vico	MC5R-M2Q	933	3:1:3QS7-L97N-3KWG	Nati, pubblicazioni, matrimoni, morti, cittadinanze 1866-1878 Nati, pubblicazioni, matrimoni 1879
Santa Maria a Vico	MC5R-M2Q	934	3:1:3QS7-L97N-3KCG	Nati, pubblicazioni, matrimoni, morti, cittadinanze 1866-1878 Nati, pubblicazioni, matrimoni 1879
Santa Maria a Vico	MC5R-M2Q	935	3:1:3QS7-897N-3K83	Nati, pubblicazioni, matrimoni, morti, cittadinanze 1866-1878 Nati, pubblicazioni, matrimoni 1879
Santa Maria a Vico	MC5R-M2Q	936	3:1:3QSQ-G97N-3KWJ	Nati, pubblicazioni, matrimoni, morti, cittadinanze 1866-1878 Nati, pubblicazioni, matrimoni 1879
Santa Maria a Vico	MC5R-M2Q	937	3:1:3QS7-897N-3KDB	Nati, pubblicazioni, matrimoni, morti, cittadinanze 1866-1878 Nati, pubblicazioni, matrimoni 1879
Santa Maria a Vico	MC5R-M2Q	938	3:1:3QS7-897N-3KXY	Nati, pubblicazioni, matrimoni, morti, cittadinanze 1866-1878 Nati, pubblicazioni, matrimoni 1879
Santa Maria a Vico	MC5R-M2Q	939	3:1:3QS7-897N-3KNZ	Nati, pubblicazioni, matrimoni, morti, cittadinanze 1866-1878 Nati, pubblicazioni, matrimoni 1879
Santa Maria a Vico	MC5R-M2Q	940	3:1:3QSQ-G97N-3KWL	Nati, pubblicazioni, matrimoni, morti, cittadinanze 1866-1878 Nati, pubblicazioni, matrimoni 1879
Santa Maria a Vico	MC5R-M2Q	941	3:1:3QSQ-G97N-3KHX	Nati, pubblicazioni, matrimoni, morti, cittadinanze 1866-1878 Nati, pubblicazioni, matrimoni 1879
Santa Maria a Vico	MC5R-M2Q	942	3:1:3QSQ-G97N-3K4G	Nati, pubblicazioni, matrimoni, morti, cittadinanze 1866-1878 Nati, pubblicazioni, matrimoni 1879
Santa Maria a Vico	MC5R-M2Q	943	3:1:3QSQ-G97N-3KHK	Nati, pubblicazioni, matrimoni, morti, cittadinanze 1866-1878 Nati, pubblicazioni, matrimoni 1879
Santa Maria a Vico	MC5R-M2Q	944	3:1:3QS7-997N-3KQY	Nati, pubblicazioni, matrimoni, morti, cittadinanze 1866-1878 Nati, pubblicazioni, matrimoni 1879
Santa Maria a Vico	MC5R-M2Q	945	3:1:3QS7-997N-3KHL	Nati, pubblicazioni, matrimoni, morti, cittadinanze 1866-1878 Nati, pubblicazioni, matrimoni 1879
Santa Maria a Vico	MC5R-M2Q	946	3:1:3QSQ-G97N-3KZR	Nati, pubblicazioni, matrimoni, morti, cittadinanze 1866-1878 Nati, pubblicazioni, matrimoni 1879
Santa Maria a Vico	MC5R-M2Q	947	3:1:3QS7-997N-3KWJ	Nati, pubblicazioni, matrimoni, morti, cittadinanze 1866-1878 Nati, pubblicazioni, matrimoni 1879
Santa Maria a Vico	MC5R-M2Q	948	3:1:3QS7-997N-3KHM	Nati, pubblicazioni, matrimoni, morti, cittadinanze 1866-1878 Nati, pubblicazioni, matrimoni 1879
Santa Maria a Vico	MC5R-M2Q	949	3:1:3QSQ-G97N-3K4K	Nati, pubblicazioni, matrimoni, morti, cittadinanze 1866-1878 Nati, pubblicazioni, matrimoni 1879
Santa Maria a Vico	MC5R-M2Q	950	3:1:3QS7-897N-3KXW	Nati, pubblicazioni, matrimoni, morti, cittadinanze 1866-1878 Nati, pubblicazioni, matrimoni 1879
Santa Maria a Vico	MC5R-M2Q	951	3:1:3QS7-L97N-3K48	Nati, pubblicazioni, matrimoni, morti, cittadinanze 1866-1878 Nati, pubblicazioni, matrimoni 1879
Santa Maria a Vico	MC5R-M2Q	952	3:1:3QS7-997N-3KQ6	Nati, pubblicazioni, matrimoni, morti, cittadinanze 1866-1878 Nati, pubblicazioni, matrimoni 1879
Santa Maria a Vico	MC5R-M2Q	953	3:1:3QS7-997N-3KMN	Nati, pubblicazioni, matrimoni, morti, cittadinanze 1866-1878 Nati, pubblicazioni, matrimoni 1879
Santa Maria a Vico	MC5R-M2Q	954	3:1:3QS7-897N-3K4D	Nati, pubblicazioni, matrimoni, morti, cittadinanze 1866-1878 Nati, pubblicazioni, matrimoni 1879
Santa Maria a Vico	MC5R-M2Q	955	3:1:3QSQ-G97N-3K9R	Nati, pubblicazioni, matrimoni, morti, cittadinanze 1866-1878 Nati, pubblicazioni, matrimoni 1879
Santa Maria a Vico	MC5R-M2Q	956	3:1:3QSQ-G97N-3K93	Nati, pubblicazioni, matrimoni, morti, cittadinanze 1866-1878 Nati, pubblicazioni, matrimoni 1879
Santa Maria a Vico	MC5R-M2Q	957	3:1:3QS7-997N-3K7N	Nati, pubblicazioni, matrimoni, morti, cittadinanze 1866-1878 Nati, pubblicazioni, matrimoni 1879
Santa Maria a Vico	MC5R-M2Q	958	3:1:3QS7-897N-3KZC	Nati, pubblicazioni, matrimoni, morti, cittadinanze 1866-1878 Nati, pubblicazioni, matrimoni 1879
Santa Maria a Vico	MC5R-M2Q	959	3:1:3QSQ-G97N-3V1J	Nati, pubblicazioni, matrimoni, morti, cittadinanze 1866-1878 Nati, pubblicazioni, matrimoni 1879
Santa Maria a Vico	MC5R-M2Q	960	3:1:3QS7-L97N-3KQ9	Nati, pubblicazioni, matrimoni, morti, cittadinanze 1866-1878 Nati, pubblicazioni, matrimoni 1879
Santa Maria a Vico	MC5R-M2Q	961	3:1:3QS7-997N-3K43	Nati, pubblicazioni, matrimoni, morti, cittadinanze 1866-1878 Nati, pubblicazioni, matrimoni 1879
Santa Maria a Vico	MC5R-M2Q	962	3:1:3QS7-997N-3K4T	Nati, pubblicazioni, matrimoni, morti, cittadinanze 1866-1878 Nati, pubblicazioni, matrimoni 1879
Santa Maria a Vico	MC5R-M2Q	963	3:1:3QS7-997N-3K4L	Nati, pubblicazioni, matrimoni, morti, cittadinanze 1866-1878 Nati, pubblicazioni, matrimoni 1879
Santa Maria a Vico	MC5R-M2Q	964	3:1:3QS7-L97N-3KST	Nati, pubblicazioni, matrimoni, morti, cittadinanze 1866-1878 Nati, pubblicazioni, matrimoni 1879
Santa Maria a Vico	MC5R-M2Q	965	3:1:3QSQ-G97N-3KQM	Nati, pubblicazioni, matrimoni, morti, cittadinanze 1866-1878 Nati, pubblicazioni, matrimoni 1879
Santa Maria a Vico	MC5R-M2Q	966	3:1:3QS7-897N-3K49	Nati, pubblicazioni, matrimoni, morti, cittadinanze 1866-1878 Nati, pubblicazioni, matrimoni 1879
Santa Maria a Vico	MC5R-M2Q	967	3:1:3QS7-L97N-3KWX	Nati, pubblicazioni, matrimoni, morti, cittadinanze 1866-1878 Nati, pubblicazioni, matrimoni 1879
Santa Maria a Vico	MC5R-M2Q	968	3:1:3QS7-L97N-3KWC	Nati, pubblicazioni, matrimoni, morti, cittadinanze 1866-1878 Nati, pubblicazioni, matrimoni 1879
Santa Maria a Vico	MC5R-M2Q	969	3:1:3QS7-897N-3KHJ	Nati, pubblicazioni, matrimoni, morti, cittadinanze 1866-1878 Nati, pubblicazioni, matrimoni 1879
Santa Maria a Vico	MC5R-M2Q	970	3:1:3QSQ-G97N-3K7X	Nati, pubblicazioni, matrimoni, morti, cittadinanze 1866-1878 Nati, pubblicazioni, matrimoni 1879
Santa Maria a Vico	MC5R-M2Q	971	3:1:3QS7-897N-3KX9	Nati, pubblicazioni, matrimoni, morti, cittadinanze 1866-1878 Nati, pubblicazioni, matrimoni 1879
Santa Maria a Vico	MC5R-M2Q	972	3:1:3QS7-L97N-3KS3	Nati, pubblicazioni, matrimoni, morti, cittadinanze 1866-1878 Nati, pubblicazioni, matrimoni 1879
Santa Maria a Vico	MC5R-M2Q	973	3:1:3QS7-997N-3KQV	Nati, pubblicazioni, matrimoni, morti, cittadinanze 1866-1878 Nati, pubblicazioni, matrimoni 1879
Santa Maria a Vico	MC5R-M2Q	974	3:1:3QS7-897N-3KCB	Nati, pubblicazioni, matrimoni, morti, cittadinanze 1866-1878 Nati, pubblicazioni, matrimoni 1879
Santa Maria a Vico	MC5R-M2Q	975	3:1:3QS7-897N-3KCS	Nati, pubblicazioni, matrimoni, morti, cittadinanze 1866-1878 Nati, pubblicazioni, matrimoni 1879
Santa Maria a Vico	MC5R-M2Q	976	3:1:3QS7-997N-3K7C	Nati, pubblicazioni, matrimoni, morti, cittadinanze 1866-1878 Nati, pubblicazioni, matrimoni 1879
Santa Maria a Vico	MC5R-M2Q	977	3:1:3QS7-997N-3K3H	Nati, pubblicazioni, matrimoni, morti, cittadinanze 1866-1878 Nati, pubblicazioni, matrimoni 1879
Santa Maria a Vico	MC5R-M2Q	978	3:1:3QS7-897N-3KC9	Nati, pubblicazioni, matrimoni, morti, cittadinanze 1866-1878 Nati, pubblicazioni, matrimoni 1879
Santa Maria a Vico	MC5R-M2Q	979	3:1:3QS7-897N-3KDN	Nati, pubblicazioni, matrimoni, morti, cittadinanze 1866-1878 Nati, pubblicazioni, matrimoni 1879
Santa Maria a Vico	MC5R-M2Q	980	3:1:3QS7-997N-3K4B	Nati, pubblicazioni, matrimoni, morti, cittadinanze 1866-1878 Nati, pubblicazioni, matrimoni 1879
Santa Maria a Vico	MC5R-M2Q	981	3:1:3QS7-997N-3KSP	Nati, pubblicazioni, matrimoni, morti, cittadinanze 1866-1878 Nati, pubblicazioni, matrimoni 1879
Santa Maria a Vico	MC5R-M2Q	982	3:1:3QS7-897N-3K4M	Nati, pubblicazioni, matrimoni, morti, cittadinanze 1866-1878 Nati, pubblicazioni, matrimoni 1879
Santa Maria a Vico	MC5R-M2Q	983	3:1:3QS7-997N-3KQZ	Nati, pubblicazioni, matrimoni, morti, cittadinanze 1866-1878 Nati, pubblicazioni, matrimoni 1879
Santa Maria a Vico	MC5R-M2Q	984	3:1:3QS7-L97N-3K3W	Nati, pubblicazioni, matrimoni, morti, cittadinanze 1866-1878 Nati, pubblicazioni, matrimoni 1879
Santa Maria a Vico	MC5R-M2Q	985	3:1:3QS7-997N-3KW7	Nati, pubblicazioni, matrimoni, morti, cittadinanze 1866-1878 Nati, pubblicazioni, matrimoni 1879
Santa Maria a Vico	MC5R-M2Q	986	3:1:3QS7-997N-3KW6	Nati, pubblicazioni, matrimoni, morti, cittadinanze 1866-1878 Nati, pubblicazioni, matrimoni 1879
Santa Maria a Vico	MC5R-M2Q	987	3:1:3QS7-L97N-3KQ3	Nati, pubblicazioni, matrimoni, morti, cittadinanze 1866-1878 Nati, pubblicazioni, matrimoni 1879
Santa Maria a Vico	MC5R-M2Q	988	3:1:3QS7-L97N-3K3H	Nati, pubblicazioni, matrimoni, morti, cittadinanze 1866-1878 Nati, pubblicazioni, matrimoni 1879
Santa Maria a Vico	MC5R-M2Q	989	3:1:3QS7-997N-3VBH	Nati, pubblicazioni, matrimoni, morti, cittadinanze 1866-1878 Nati, pubblicazioni, matrimoni 1879
Santa Maria a Vico	MC5R-M2Q	990	3:1:3QS7-L97N-3K3P	Nati, pubblicazioni, matrimoni, morti, cittadinanze 1866-1878 Nati, pubblicazioni, matrimoni 1879
Santa Maria a Vico	MC5R-M2Q	991	3:1:3QS7-997N-3KMJ	Nati, pubblicazioni, matrimoni, morti, cittadinanze 1866-1878 Nati, pubblicazioni, matrimoni 1879
Santa Maria a Vico	MC5R-M2Q	992	3:1:3QS7-897N-3KQ9	Nati, pubblicazioni, matrimoni, morti, cittadinanze 1866-1878 Nati, pubblicazioni, matrimoni 1879
Santa Maria a Vico	MC5R-M2Q	993	3:1:3QS7-997N-3K3G	Nati, pubblicazioni, matrimoni, morti, cittadinanze 1866-1878 Nati, pubblicazioni, matrimoni 1879
Santa Maria a Vico	MC5R-M2Q	994	3:1:3QS7-897N-3K4X	Nati, pubblicazioni, matrimoni, morti, cittadinanze 1866-1878 Nati, pubblicazioni, matrimoni 1879
Santa Maria a Vico	MC5R-M2Q	995	3:1:3QSQ-G97N-3K7F	Nati, pubblicazioni, matrimoni, morti, cittadinanze 1866-1878 Nati, pubblicazioni, matrimoni 1879
Santa Maria a Vico	MC5R-M2Q	996	3:1:3QS7-L97N-3KS1	Nati, pubblicazioni, matrimoni, morti, cittadinanze 1866-1878 Nati, pubblicazioni, matrimoni 1879
Santa Maria a Vico	MC5R-M2Q	997	3:1:3QS7-897N-3K8B	Nati, pubblicazioni, matrimoni, morti, cittadinanze 1866-1878 Nati, pubblicazioni, matrimoni 1879
Santa Maria a Vico	MC5R-M2Q	998	3:1:3QSQ-G97N-3KQC	Nati, pubblicazioni, matrimoni, morti, cittadinanze 1866-1878 Nati, pubblicazioni, matrimoni 1879
Santa Maria a Vico	MC5R-M2Q	999	3:1:3QSQ-G97N-3K77	Nati, pubblicazioni, matrimoni, morti, cittadinanze 1866-1878 Nati, pubblicazioni, matrimoni 1879
Santa Maria a Vico	MC5R-M2Q	1000	3:1:3QSQ-G97N-3KSF	Nati, pubblicazioni, matrimoni, morti, cittadinanze 1866-1878 Nati, pubblicazioni, matrimoni 1879
Santa Maria a Vico	MC5R-M2Q	1001	3:1:3QSQ-G97N-3KS8	Nati, pubblicazioni, matrimoni, morti, cittadinanze 1866-1878 Nati, pubblicazioni, matrimoni 1879
Santa Maria a Vico	MC5R-M2Q	1002	3:1:3QS7-997N-3K3C	Nati, pubblicazioni, matrimoni, morti, cittadinanze 1866-1878 Nati, pubblicazioni, matrimoni 1879
Santa Maria a Vico	MC5R-M2Q	1003	3:1:3QSQ-G97N-3KM1	Nati, pubblicazioni, matrimoni, morti, cittadinanze 1866-1878 Nati, pubblicazioni, matrimoni 1879
Santa Maria a Vico	MC5R-M2Q	1004	3:1:3QSQ-G97N-3K97	Nati, pubblicazioni, matrimoni, morti, cittadinanze 1866-1878 Nati, pubblicazioni, matrimoni 1879
Santa Maria a Vico	MC5R-M2Q	1005	3:1:3QS7-L97N-3KML	Nati, pubblicazioni, matrimoni, morti, cittadinanze 1866-1878 Nati, pubblicazioni, matrimoni 1879
Santa Maria a Vico	MC5R-M2Q	1006	3:1:3QS7-L97N-3K7L	Nati, pubblicazioni, matrimoni, morti, cittadinanze 1866-1878 Nati, pubblicazioni, matrimoni 1879
Santa Maria a Vico	MC5R-M2Q	1007	3:1:3QSQ-G97N-3K7V	Nati, pubblicazioni, matrimoni, morti, cittadinanze 1866-1878 Nati, pubblicazioni, matrimoni 1879
Santa Maria a Vico	MC5R-M2Q	1008	3:1:3QS7-L97N-3VYG	Nati, pubblicazioni, matrimoni, morti, cittadinanze 1866-1878 Nati, pubblicazioni, matrimoni 1879
Santa Maria a Vico	MC5R-M2Q	1009	3:1:3QS7-897N-3KSC	Nati, pubblicazioni, matrimoni, morti, cittadinanze 1866-1878 Nati, pubblicazioni, matrimoni 1879
Santa Maria a Vico	MC5R-M2Q	1010	3:1:3QS7-897N-3KQR	Nati, pubblicazioni, matrimoni, morti, cittadinanze 1866-1878 Nati, pubblicazioni, matrimoni 1879
Santa Maria a Vico	MC5R-M2Q	1011	3:1:3QS7-L97N-3V11	Nati, pubblicazioni, matrimoni, morti, cittadinanze 1866-1878 Nati, pubblicazioni, matrimoni 1879
Santa Maria a Vico	MC5R-M2Q	1012	3:1:3QS7-997N-3KQQ	Nati, pubblicazioni, matrimoni, morti, cittadinanze 1866-1878 Nati, pubblicazioni, matrimoni 1879
Santa Maria a Vico	MC5R-M2Q	1013	3:1:3QS7-997N-3K98	Nati, pubblicazioni, matrimoni, morti, cittadinanze 1866-1878 Nati, pubblicazioni, matrimoni 1879
Santa Maria a Vico	MC5R-M2Q	1014	3:1:3QS7-997N-3KMD	Nati, pubblicazioni, matrimoni, morti, cittadinanze 1866-1878 Nati, pubblicazioni, matrimoni 1879
Santa Maria a Vico	MC5R-M2Q	1015	3:1:3QS7-897N-3K7X	Nati, pubblicazioni, matrimoni, morti, cittadinanze 1866-1878 Nati, pubblicazioni, matrimoni 1879
Santa Maria a Vico	MC5R-M2Q	1016	3:1:3QSQ-G97N-3KM9	Nati, pubblicazioni, matrimoni, morti, cittadinanze 1866-1878 Nati, pubblicazioni, matrimoni 1879
Santa Maria a Vico	MC5R-M2Q	1017	3:1:3QS7-L97N-3KMY	Nati, pubblicazioni, matrimoni, morti, cittadinanze 1866-1878 Nati, pubblicazioni, matrimoni 1879
Santa Maria a Vico	MC5R-M2Q	1018	3:1:3QS7-L97N-3K3Q	Nati, pubblicazioni, matrimoni, morti, cittadinanze 1866-1878 Nati, pubblicazioni, matrimoni 1879
Santa Maria a Vico	MC5R-M2Q	1019	3:1:3QSQ-G97N-3V19	Nati, pubblicazioni, matrimoni, morti, cittadinanze 1866-1878 Nati, pubblicazioni, matrimoni 1879
Santa Maria a Vico	MC5R-M2Q	1020	3:1:3QSQ-G97N-3V1S	Nati, pubblicazioni, matrimoni, morti, cittadinanze 1866-1878 Nati, pubblicazioni, matrimoni 1879
Santa Maria a Vico	MC5R-M2Q	1021	3:1:3QS7-897N-3K32	Nati, pubblicazioni, matrimoni, morti, cittadinanze 1866-1878 Nati, pubblicazioni, matrimoni 1879
Santa Maria a Vico	MC5R-M2Q	1022	3:1:3QSQ-G97N-3KSC	Nati, pubblicazioni, matrimoni, morti, cittadinanze 1866-1878 Nati, pubblicazioni, matrimoni 1879
Santa Maria a Vico	MC5R-M2Q	1023	3:1:3QS7-L97N-3K9T	Nati, pubblicazioni, matrimoni, morti, cittadinanze 1866-1878 Nati, pubblicazioni, matrimoni 1879
Santa Maria a Vico	MC5R-M2Q	1024	3:1:3QS7-897N-3K7Z	Nati, pubblicazioni, matrimoni, morti, cittadinanze 1866-1878 Nati, pubblicazioni, matrimoni 1879
Santa Maria a Vico	MC5R-M2Q	1025	3:1:3QS7-897N-3K9W	Nati, pubblicazioni, matrimoni, morti, cittadinanze 1866-1878 Nati, pubblicazioni, matrimoni 1879
Santa Maria a Vico	MC5R-M2Q	1026	3:1:3QS7-L97N-3KSB	Nati, pubblicazioni, matrimoni, morti, cittadinanze 1866-1878 Nati, pubblicazioni, matrimoni 1879
Santa Maria a Vico	MC5R-M2Q	1027	3:1:3QS7-897N-3KS4	Nati, pubblicazioni, matrimoni, morti, cittadinanze 1866-1878 Nati, pubblicazioni, matrimoni 1879
Santa Maria a Vico	MC5R-M2Q	1028	3:1:3QSQ-G97N-3VBX	Nati, pubblicazioni, matrimoni, morti, cittadinanze 1866-1878 Nati, pubblicazioni, matrimoni 1879
Santa Maria a Vico	MC5R-M2Q	1029	3:1:3QS7-L97N-3K39	Nati, pubblicazioni, matrimoni, morti, cittadinanze 1866-1878 Nati, pubblicazioni, matrimoni 1879
Santa Maria a Vico	MC5R-M2Q	1030	3:1:3QS7-997N-3V1K	Nati, pubblicazioni, matrimoni, morti, cittadinanze 1866-1878 Nati, pubblicazioni, matrimoni 1879
Santa Maria a Vico	MC5R-M2Q	1031	3:1:3QS7-897N-3K37	Nati, pubblicazioni, matrimoni, morti, cittadinanze 1866-1878 Nati, pubblicazioni, matrimoni 1879
Santa Maria a Vico	MC5R-M2Q	1032	3:1:3QS7-897N-3VYV	Nati, pubblicazioni, matrimoni, morti, cittadinanze 1866-1878 Nati, pubblicazioni, matrimoni 1879
Santa Maria a Vico	MC5R-M2Q	1033	3:1:3QS7-L97N-3VY1	Nati, pubblicazioni, matrimoni, morti, cittadinanze 1866-1878 Nati, pubblicazioni, matrimoni 1879
Santa Maria a Vico	MC5R-M2Q	1034	3:1:3QSQ-G97N-3VP2	Nati, pubblicazioni, matrimoni, morti, cittadinanze 1866-1878 Nati, pubblicazioni, matrimoni 1879
Santa Maria a Vico	MC5R-M2Q	1035	3:1:3QS7-997N-3VT7	Nati, pubblicazioni, matrimoni, morti, cittadinanze 1866-1878 Nati, pubblicazioni, matrimoni 1879
Santa Maria a Vico	MC5R-M2Q	1036	3:1:3QS7-997N-3VR7	Nati, pubblicazioni, matrimoni, morti, cittadinanze 1866-1878 Nati, pubblicazioni, matrimoni 1879
Santa Maria a Vico	MC5R-M2Q	1037	3:1:3QS7-L97N-3VYK	Nati, pubblicazioni, matrimoni, morti, cittadinanze 1866-1878 Nati, pubblicazioni, matrimoni 1879
Santa Maria a Vico	MC5R-M2Q	1038	3:1:3QS7-897N-3V1D	Nati, pubblicazioni, matrimoni, morti, cittadinanze 1866-1878 Nati, pubblicazioni, matrimoni 1879
Santa Maria a Vico	MC5R-M2Q	1039	3:1:3QS7-897N-3K93	Nati, pubblicazioni, matrimoni, morti, cittadinanze 1866-1878 Nati, pubblicazioni, matrimoni 1879
Santa Maria a Vico	MC5R-M2Q	1040	3:1:3QS7-897N-3K75	Nati, pubblicazioni, matrimoni, morti, cittadinanze 1866-1878 Nati, pubblicazioni, matrimoni 1879
Santa Maria a Vico	MC5R-M2Q	1041	3:1:3QS7-L97N-3VYL	Nati, pubblicazioni, matrimoni, morti, cittadinanze 1866-1878 Nati, pubblicazioni, matrimoni 1879
Santa Maria a Vico	MC5R-M2Q	1042	3:1:3QS7-897N-3VY1	Nati, pubblicazioni, matrimoni, morti, cittadinanze 1866-1878 Nati, pubblicazioni, matrimoni 1879
Santa Maria a Vico	MC5R-M2Q	1043	3:1:3QS7-897N-3VBG	Nati, pubblicazioni, matrimoni, morti, cittadinanze 1866-1878 Nati, pubblicazioni, matrimoni 1879
Santa Maria a Vico	MC5R-M2Q	1044	3:1:3QS7-897N-3VYG	Nati, pubblicazioni, matrimoni, morti, cittadinanze 1866-1878 Nati, pubblicazioni, matrimoni 1879
Santa Maria a Vico	MC5R-M2Q	1045	3:1:3QSQ-G97N-3KSB	Nati, pubblicazioni, matrimoni, morti, cittadinanze 1866-1878 Nati, pubblicazioni, matrimoni 1879
Santa Maria a Vico	MC5R-M2Q	1046	3:1:3QSQ-G97N-3VTJ	Nati, pubblicazioni, matrimoni, morti, cittadinanze 1866-1878 Nati, pubblicazioni, matrimoni 1879
Santa Maria a Vico	MC5R-M2Q	1047	3:1:3QS7-997N-3V1R	Nati, pubblicazioni, matrimoni, morti, cittadinanze 1866-1878 Nati, pubblicazioni, matrimoni 1879
Santa Maria a Vico	MC5R-M2Q	1048	3:1:3QSQ-G97N-3VYF	Nati, pubblicazioni, matrimoni, morti, cittadinanze 1866-1878 Nati, pubblicazioni, matrimoni 1879
Santa Maria a Vico	MC5R-M2Q	1049	3:1:3QS7-897N-3VBK	Nati, pubblicazioni, matrimoni, morti, cittadinanze 1866-1878 Nati, pubblicazioni, matrimoni 1879
Santa Maria a Vico	MC5R-M2Q	1050	3:1:3QS7-897N-3VBZ	Nati, pubblicazioni, matrimoni, morti, cittadinanze 1866-1878 Nati, pubblicazioni, matrimoni 1879
Santa Maria a Vico	MC5R-M2Q	1051	3:1:3QSQ-G97N-3VYW	Nati, pubblicazioni, matrimoni, morti, cittadinanze 1866-1878 Nati, pubblicazioni, matrimoni 1879
Santa Maria a Vico	MC5R-M2Q	1052	3:1:3QS7-897N-3K92	Nati, pubblicazioni, matrimoni, morti, cittadinanze 1866-1878 Nati, pubblicazioni, matrimoni 1879
Santa Maria a Vico	MC5R-M2Q	1053	3:1:3QS7-997N-3VRM	Nati, pubblicazioni, matrimoni, morti, cittadinanze 1866-1878 Nati, pubblicazioni, matrimoni 1879
Santa Maria a Vico	MC5R-M2Q	1054	3:1:3QS7-L97N-3VP3	Nati, pubblicazioni, matrimoni, morti, cittadinanze 1866-1878 Nati, pubblicazioni, matrimoni 1879
Santa Maria a Vico	MC5R-M2Q	1055	3:1:3QSQ-G97N-3VY5	Nati, pubblicazioni, matrimoni, morti, cittadinanze 1866-1878 Nati, pubblicazioni, matrimoni 1879
Santa Maria a Vico	MC5R-M2Q	1056	3:1:3QS7-997N-3VRB	Nati, pubblicazioni, matrimoni, morti, cittadinanze 1866-1878 Nati, pubblicazioni, matrimoni 1879
Santa Maria a Vico	MC5R-M2Q	1057	3:1:3QS7-L97N-3VYZ	Nati, pubblicazioni, matrimoni, morti, cittadinanze 1866-1878 Nati, pubblicazioni, matrimoni 1879
Santa Maria a Vico	MC5R-M2Q	1058	3:1:3QSQ-G97N-3VRK	Nati, pubblicazioni, matrimoni, morti, cittadinanze 1866-1878 Nati, pubblicazioni, matrimoni 1879
Santa Maria a Vico	MC5R-M2Q	1059	3:1:3QSQ-G97N-3V1G	Nati, pubblicazioni, matrimoni, morti, cittadinanze 1866-1878 Nati, pubblicazioni, matrimoni 1879
Santa Maria a Vico	MC5R-M2Q	1060	3:1:3QS7-997N-3VP6	Nati, pubblicazioni, matrimoni, morti, cittadinanze 1866-1878 Nati, pubblicazioni, matrimoni 1879
Santa Maria a Vico	MC5R-M2Q	1061	3:1:3QS7-897N-3VT6	Nati, pubblicazioni, matrimoni, morti, cittadinanze 1866-1878 Nati, pubblicazioni, matrimoni 1879
Santa Maria a Vico	MC5R-M2Q	1062	3:1:3QS7-897N-3K99	Nati, pubblicazioni, matrimoni, morti, cittadinanze 1866-1878 Nati, pubblicazioni, matrimoni 1879
Santa Maria a Vico	MC5R-M2Q	1063	3:1:3QS7-897N-3V1V	Nati, pubblicazioni, matrimoni, morti, cittadinanze 1866-1878 Nati, pubblicazioni, matrimoni 1879
Santa Maria a Vico	MC5R-M2Q	1064	3:1:3QS7-L97N-3VPG	Nati, pubblicazioni, matrimoni, morti, cittadinanze 1866-1878 Nati, pubblicazioni, matrimoni 1879
Santa Maria a Vico	MC5R-M2Q	1065	3:1:3QS7-997N-3VRS	Nati, pubblicazioni, matrimoni, morti, cittadinanze 1866-1878 Nati, pubblicazioni, matrimoni 1879
Santa Maria a Vico	MC5R-M2Q	1066	3:1:3QS7-997N-3VBD	Nati, pubblicazioni, matrimoni, morti, cittadinanze 1866-1878 Nati, pubblicazioni, matrimoni 1879
Santa Maria a Vico	MC5R-M2Q	1067	3:1:3QS7-897N-3VBB	Nati, pubblicazioni, matrimoni, morti, cittadinanze 1866-1878 Nati, pubblicazioni, matrimoni 1879
Santa Maria a Vico	MC5R-M2Q	1068	3:1:3QSQ-G97N-3V2V	Nati, pubblicazioni, matrimoni, morti, cittadinanze 1866-1878 Nati, pubblicazioni, matrimoni 1879
Santa Maria a Vico	MC5R-M2Q	1069	3:1:3QS7-897N-3K7C	Nati, pubblicazioni, matrimoni, morti, cittadinanze 1866-1878 Nati, pubblicazioni, matrimoni 1879
Santa Maria a Vico	MC5R-M2Q	1070	3:1:3QS7-L97N-3VTF	Nati, pubblicazioni, matrimoni, morti, cittadinanze 1866-1878 Nati, pubblicazioni, matrimoni 1879
Santa Maria a Vico	MC5R-M2Q	1071	3:1:3QS7-997N-3VP1	Nati, pubblicazioni, matrimoni, morti, cittadinanze 1866-1878 Nati, pubblicazioni, matrimoni 1879
Santa Maria a Vico	MC5R-M2Q	1072	3:1:3QS7-997N-3VB7	Nati, pubblicazioni, matrimoni, morti, cittadinanze 1866-1878 Nati, pubblicazioni, matrimoni 1879
Santa Maria a Vico	MC5R-M2Q	1073	3:1:3QS7-L97N-3VGC	Nati, pubblicazioni, matrimoni, morti, cittadinanze 1866-1878 Nati, pubblicazioni, matrimoni 1879
Santa Maria a Vico	MC5R-M2Q	1074	3:1:3QS7-997N-3VGB	Nati, pubblicazioni, matrimoni, morti, cittadinanze 1866-1878 Nati, pubblicazioni, matrimoni 1879
Santa Maria a Vico	MC5R-M2Q	1075	3:1:3QS7-L97N-3V1D	Nati, pubblicazioni, matrimoni, morti, cittadinanze 1866-1878 Nati, pubblicazioni, matrimoni 1879
Santa Maria a Vico	MC5R-M2Q	1076	3:1:3QSQ-G97N-3VT2	Nati, pubblicazioni, matrimoni, morti, cittadinanze 1866-1878 Nati, pubblicazioni, matrimoni 1879
Santa Maria a Vico	MC5R-M2Q	1077	3:1:3QS7-897N-3KQD	Nati, pubblicazioni, matrimoni, morti, cittadinanze 1866-1878 Nati, pubblicazioni, matrimoni 1879
Santa Maria a Vico	MC5R-M2Q	1078	3:1:3QS7-897N-3V5Z	Nati, pubblicazioni, matrimoni, morti, cittadinanze 1866-1878 Nati, pubblicazioni, matrimoni 1879
Santa Maria a Vico	MC5R-M2Q	1079	3:1:3QS7-897N-3V1Y	Nati, pubblicazioni, matrimoni, morti, cittadinanze 1866-1878 Nati, pubblicazioni, matrimoni 1879
Santa Maria a Vico	MC5R-M2Q	1080	3:1:3QS7-L97N-3VT4	Nati, pubblicazioni, matrimoni, morti, cittadinanze 1866-1878 Nati, pubblicazioni, matrimoni 1879
Santa Maria a Vico	MC5R-M2Q	1081	3:1:3QSQ-G97N-3VRG	Nati, pubblicazioni, matrimoni, morti, cittadinanze 1866-1878 Nati, pubblicazioni, matrimoni 1879
Santa Maria a Vico	MC5R-M2Q	1082	3:1:3QS7-L97N-3V2N	Nati, pubblicazioni, matrimoni, morti, cittadinanze 1866-1878 Nati, pubblicazioni, matrimoni 1879
Santa Maria a Vico	MC5R-M2Q	1083	3:1:3QS7-L97N-3VY9	Nati, pubblicazioni, matrimoni, morti, cittadinanze 1866-1878 Nati, pubblicazioni, matrimoni 1879
Santa Maria a Vico	MC5R-M2Q	1084	3:1:3QS7-L97N-3VLZ	Nati, pubblicazioni, matrimoni, morti, cittadinanze 1866-1878 Nati, pubblicazioni, matrimoni 1879
Santa Maria a Vico	MC5R-M2Q	1085	3:1:3QSQ-G97N-3VLS	Nati, pubblicazioni, matrimoni, morti, cittadinanze 1866-1878 Nati, pubblicazioni, matrimoni 1879
Santa Maria a Vico	MC5R-M2Q	1086	3:1:3QS7-L97N-3VRT	Nati, pubblicazioni, matrimoni, morti, cittadinanze 1866-1878 Nati, pubblicazioni, matrimoni 1879
Santa Maria a Vico	MC5R-M2Q	1087	3:1:3QSQ-G97N-3VPH	Nati, pubblicazioni, matrimoni, morti, cittadinanze 1866-1878 Nati, pubblicazioni, matrimoni 1879
Santa Maria a Vico	MC5R-M2Q	1088	3:1:3QS7-L97N-3VKF	Nati, pubblicazioni, matrimoni, morti, cittadinanze 1866-1878 Nati, pubblicazioni, matrimoni 1879
Santa Maria a Vico	MC5R-M2Q	1089	3:1:3QS7-897N-3VBX	Nati, pubblicazioni, matrimoni, morti, cittadinanze 1866-1878 Nati, pubblicazioni, matrimoni 1879
Santa Maria a Vico	MC5R-M2Q	1090	3:1:3QS7-L97N-3VVY	Nati, pubblicazioni, matrimoni, morti, cittadinanze 1866-1878 Nati, pubblicazioni, matrimoni 1879
Santa Maria a Vico	MC5R-M2Q	1091	3:1:3QS7-897N-3VLV	Nati, pubblicazioni, matrimoni, morti, cittadinanze 1866-1878 Nati, pubblicazioni, matrimoni 1879
Santa Maria a Vico	MC5R-M2Q	1092	3:1:3QS7-897N-3V22	Nati, pubblicazioni, matrimoni, morti, cittadinanze 1866-1878 Nati, pubblicazioni, matrimoni 1879
Santa Maria a Vico	MC5R-M2Q	1093	3:1:3QS7-897N-3VYH	Nati, pubblicazioni, matrimoni, morti, cittadinanze 1866-1878 Nati, pubblicazioni, matrimoni 1879
Santa Maria a Vico	MC5R-M2Q	1094	3:1:3QSQ-G97N-3VKX	Nati, pubblicazioni, matrimoni, morti, cittadinanze 1866-1878 Nati, pubblicazioni, matrimoni 1879
Santa Maria a Vico	MC5R-M2Q	1095	3:1:3QS7-L97N-3VGB	Nati, pubblicazioni, matrimoni, morti, cittadinanze 1866-1878 Nati, pubblicazioni, matrimoni 1879
Santa Maria a Vico	MC5R-M2Q	1096	3:1:3QS7-L97N-3VVC	Nati, pubblicazioni, matrimoni, morti, cittadinanze 1866-1878 Nati, pubblicazioni, matrimoni 1879
Santa Maria a Vico	MC5R-M2Q	1097	3:1:3QS7-L97N-3VLJ	Nati, pubblicazioni, matrimoni, morti, cittadinanze 1866-1878 Nati, pubblicazioni, matrimoni 1879
Santa Maria a Vico	MC5R-M2Q	1098	3:1:3QSQ-G97N-3VGN	Nati, pubblicazioni, matrimoni, morti, cittadinanze 1866-1878 Nati, pubblicazioni, matrimoni 1879
Santa Maria a Vico	MC5R-M2Q	1099	3:1:3QS7-997N-3V2G	Nati, pubblicazioni, matrimoni, morti, cittadinanze 1866-1878 Nati, pubblicazioni, matrimoni 1879
Santa Maria a Vico	MC5R-M2Q	1100	3:1:3QS7-897N-3V2Z	Nati, pubblicazioni, matrimoni, morti, cittadinanze 1866-1878 Nati, pubblicazioni, matrimoni 1879
Santa Maria a Vico	MC5R-M2Q	1101	3:1:3QS7-897N-3K91	Nati, pubblicazioni, matrimoni, morti, cittadinanze 1866-1878 Nati, pubblicazioni, matrimoni 1879
Santa Maria a Vico	MC5R-M2Q	1102	3:1:3QS7-L97N-3VPQ	Nati, pubblicazioni, matrimoni, morti, cittadinanze 1866-1878 Nati, pubblicazioni, matrimoni 1879
Santa Maria a Vico	MC5R-M2Q	1103	3:1:3QS7-L97N-3VK5	Nati, pubblicazioni, matrimoni, morti, cittadinanze 1866-1878 Nati, pubblicazioni, matrimoni 1879
Santa Maria a Vico	MC5R-M2Q	1104	3:1:3QS7-897N-3KMD	Nati, pubblicazioni, matrimoni, morti, cittadinanze 1866-1878 Nati, pubblicazioni, matrimoni 1879
Santa Maria a Vico	MC5R-M2Q	1105	3:1:3QSQ-G97N-3VT9	Nati, pubblicazioni, matrimoni, morti, cittadinanze 1866-1878 Nati, pubblicazioni, matrimoni 1879
Santa Maria a Vico	MC5R-M2Q	1106	3:1:3QS7-L97N-3VV6	Nati, pubblicazioni, matrimoni, morti, cittadinanze 1866-1878 Nati, pubblicazioni, matrimoni 1879
Santa Maria a Vico	MC5R-M2Q	1107	3:1:3QSQ-G97N-3V5N	Nati, pubblicazioni, matrimoni, morti, cittadinanze 1866-1878 Nati, pubblicazioni, matrimoni 1879
Santa Maria a Vico	MC5R-M2Q	1108	3:1:3QS7-997N-3V54	Nati, pubblicazioni, matrimoni, morti, cittadinanze 1866-1878 Nati, pubblicazioni, matrimoni 1879
Santa Maria a Vico	MC5R-M2Q	1109	3:1:3QS7-997N-3V5X	Nati, pubblicazioni, matrimoni, morti, cittadinanze 1866-1878 Nati, pubblicazioni, matrimoni 1879
Santa Maria a Vico	MC5R-M2Q	1110	3:1:3QS7-L97N-3VL3	Nati, pubblicazioni, matrimoni, morti, cittadinanze 1866-1878 Nati, pubblicazioni, matrimoni 1879
Santa Maria a Vico	MC5R-M2Q	1111	3:1:3QS7-997N-3VPZ	Nati, pubblicazioni, matrimoni, morti, cittadinanze 1866-1878 Nati, pubblicazioni, matrimoni 1879
Santa Maria a Vico	MC5R-M2Q	1112	3:1:3QSQ-G97N-3VRD	Nati, pubblicazioni, matrimoni, morti, cittadinanze 1866-1878 Nati, pubblicazioni, matrimoni 1879
Santa Maria a Vico	MC5R-M2Q	1113	3:1:3QS7-897N-3VYQ	Nati, pubblicazioni, matrimoni, morti, cittadinanze 1866-1878 Nati, pubblicazioni, matrimoni 1879
Santa Maria a Vico	MC5R-M2Q	1114	3:1:3QS7-897N-3V1M	Nati, pubblicazioni, matrimoni, morti, cittadinanze 1866-1878 Nati, pubblicazioni, matrimoni 1879
Santa Maria a Vico	MC5R-M2Q	1115	3:1:3QS7-997N-3VLT	Nati, pubblicazioni, matrimoni, morti, cittadinanze 1866-1878 Nati, pubblicazioni, matrimoni 1879
Santa Maria a Vico	MC5R-M2Q	1116	3:1:3QSQ-G97N-3VP5	Nati, pubblicazioni, matrimoni, morti, cittadinanze 1866-1878 Nati, pubblicazioni, matrimoni 1879
Santa Maria a Vico	MC5R-M2Q	1117	3:1:3QS7-897N-3V5V	Nati, pubblicazioni, matrimoni, morti, cittadinanze 1866-1878 Nati, pubblicazioni, matrimoni 1879
Santa Maria a Vico	MC5R-M2Q	1118	3:1:3QSQ-G97N-3VVN	Nati, pubblicazioni, matrimoni, morti, cittadinanze 1866-1878 Nati, pubblicazioni, matrimoni 1879
Santa Maria a Vico	MC5R-M2Q	1119	3:1:3QS7-897N-3V51	Nati, pubblicazioni, matrimoni, morti, cittadinanze 1866-1878 Nati, pubblicazioni, matrimoni 1879
Santa Maria a Vico	MC5R-M2Q	1120	3:1:3QS7-L97N-3VJZ	Nati, pubblicazioni, matrimoni, morti, cittadinanze 1866-1878 Nati, pubblicazioni, matrimoni 1879
Santa Maria a Vico	MC5R-M2Q	1121	3:1:3QS7-897N-3VVM	Nati, pubblicazioni, matrimoni, morti, cittadinanze 1866-1878 Nati, pubblicazioni, matrimoni 1879
Santa Maria a Vico	MC5R-M2Q	1122	3:1:3QS7-897N-3V5Q	Nati, pubblicazioni, matrimoni, morti, cittadinanze 1866-1878 Nati, pubblicazioni, matrimoni 1879
Santa Maria a Vico	MC5R-M2Q	1123	3:1:3QSQ-G97N-3V5P	Nati, pubblicazioni, matrimoni, morti, cittadinanze 1866-1878 Nati, pubblicazioni, matrimoni 1879
Santa Maria a Vico	MC5R-M2Q	1124	3:1:3QSQ-G97N-3VG5	Nati, pubblicazioni, matrimoni, morti, cittadinanze 1866-1878 Nati, pubblicazioni, matrimoni 1879
Santa Maria a Vico	MC5R-M2Q	1125	3:1:3QSQ-G97N-3VLC	Nati, pubblicazioni, matrimoni, morti, cittadinanze 1866-1878 Nati, pubblicazioni, matrimoni 1879
Santa Maria a Vico	MC5R-M2Q	1126	3:1:3QS7-997N-3VP4	Nati, pubblicazioni, matrimoni, morti, cittadinanze 1866-1878 Nati, pubblicazioni, matrimoni 1879
Santa Maria a Vico	MC5R-M2Q	1127	3:1:3QSQ-G97N-3VPR	Nati, pubblicazioni, matrimoni, morti, cittadinanze 1866-1878 Nati, pubblicazioni, matrimoni 1879
Santa Maria a Vico	MC5R-M2Q	1128	3:1:3QS7-997N-3VPK	Nati, pubblicazioni, matrimoni, morti, cittadinanze 1866-1878 Nati, pubblicazioni, matrimoni 1879
Santa Maria a Vico	MC5R-M2Q	1129	3:1:3QS7-997N-3VPC	Nati, pubblicazioni, matrimoni, morti, cittadinanze 1866-1878 Nati, pubblicazioni, matrimoni 1879
Santa Maria a Vico	MC5R-M2Q	1130	3:1:3QSQ-G97N-3VKY	Nati, pubblicazioni, matrimoni, morti, cittadinanze 1866-1878 Nati, pubblicazioni, matrimoni 1879
Santa Maria a Vico	MC5R-M2Q	1131	3:1:3QS7-L97N-3V86	Nati, pubblicazioni, matrimoni, morti, cittadinanze 1866-1878 Nati, pubblicazioni, matrimoni 1879
Santa Maria a Vico	MC5R-M2Q	1132	3:1:3QS7-897N-3VRJ	Nati, pubblicazioni, matrimoni, morti, cittadinanze 1866-1878 Nati, pubblicazioni, matrimoni 1879
Santa Maria a Vico	MC5R-M2Q	1133	3:1:3QS7-897N-3V5W	Nati, pubblicazioni, matrimoni, morti, cittadinanze 1866-1878 Nati, pubblicazioni, matrimoni 1879
Santa Maria a Vico	MC5R-M2Q	1134	3:1:3QS7-897N-3V2C	Nati, pubblicazioni, matrimoni, morti, cittadinanze 1866-1878 Nati, pubblicazioni, matrimoni 1879
Santa Maria a Vico	MC5R-M2Q	1135	3:1:3QSQ-G97N-3VN9	Nati, pubblicazioni, matrimoni, morti, cittadinanze 1866-1878 Nati, pubblicazioni, matrimoni 1879
Santa Maria a Vico	MC5R-M2Q	1136	3:1:3QS7-897N-3VYY	Nati, pubblicazioni, matrimoni, morti, cittadinanze 1866-1878 Nati, pubblicazioni, matrimoni 1879
Santa Maria a Vico	MC5R-M2Q	1137	3:1:3QSQ-G97N-3VL6	Nati, pubblicazioni, matrimoni, morti, cittadinanze 1866-1878 Nati, pubblicazioni, matrimoni 1879
Santa Maria a Vico	MC5R-M2Q	1138	3:1:3QS7-897N-3VPS	Nati, pubblicazioni, matrimoni, morti, cittadinanze 1866-1878 Nati, pubblicazioni, matrimoni 1879
Santa Maria a Vico	MC5R-M2Q	1139	3:1:3QS7-897N-3VPT	Nati, pubblicazioni, matrimoni, morti, cittadinanze 1866-1878 Nati, pubblicazioni, matrimoni 1879
Santa Maria a Vico	MC5R-M2Q	1140	3:1:3QS7-897N-3VTS	Nati, pubblicazioni, matrimoni, morti, cittadinanze 1866-1878 Nati, pubblicazioni, matrimoni 1879
Santa Maria a Vico	MC5R-M2Q	1141	3:1:3QSQ-G97N-3VJ6	Nati, pubblicazioni, matrimoni, morti, cittadinanze 1866-1878 Nati, pubblicazioni, matrimoni 1879
Santa Maria a Vico	MC5R-M2Q	1142	3:1:3QS7-997N-3VKQ	Nati, pubblicazioni, matrimoni, morti, cittadinanze 1866-1878 Nati, pubblicazioni, matrimoni 1879
Santa Maria a Vico	MC5R-M2Q	1143	3:1:3QS7-L97N-3VN3	Nati, pubblicazioni, matrimoni, morti, cittadinanze 1866-1878 Nati, pubblicazioni, matrimoni 1879
Santa Maria a Vico	MC5R-M2Q	1144	3:1:3QS7-L97N-3VX8	Nati, pubblicazioni, matrimoni, morti, cittadinanze 1866-1878 Nati, pubblicazioni, matrimoni 1879
Santa Maria a Vico	MC5R-M2Q	1145	3:1:3QS7-897N-3VR1	Nati, pubblicazioni, matrimoni, morti, cittadinanze 1866-1878 Nati, pubblicazioni, matrimoni 1879
Santa Maria a Vico	MC5R-M2Q	1146	3:1:3QS7-997N-3VR9	Nati, pubblicazioni, matrimoni, morti, cittadinanze 1866-1878 Nati, pubblicazioni, matrimoni 1879
Santa Maria a Vico	MC5R-M2Q	1147	3:1:3QS7-897N-3VN4	Nati, pubblicazioni, matrimoni, morti, cittadinanze 1866-1878 Nati, pubblicazioni, matrimoni 1879
Santa Maria a Vico	MC5R-M2Q	1148	3:1:3QS7-897N-3VN5	Nati, pubblicazioni, matrimoni, morti, cittadinanze 1866-1878 Nati, pubblicazioni, matrimoni 1879
Santa Maria a Vico	MC5R-M2Q	1149	3:1:3QS7-897N-3VPW	Nati, pubblicazioni, matrimoni, morti, cittadinanze 1866-1878 Nati, pubblicazioni, matrimoni 1879
Santa Maria a Vico	MC5R-M2Q	1150	3:1:3QSQ-G97N-3VVZ	Nati, pubblicazioni, matrimoni, morti, cittadinanze 1866-1878 Nati, pubblicazioni, matrimoni 1879
Santa Maria a Vico	MC5R-M2Q	1151	3:1:3QS7-897N-3VNR	Nati, pubblicazioni, matrimoni, morti, cittadinanze 1866-1878 Nati, pubblicazioni, matrimoni 1879
Santa Maria a Vico	MC5R-M2Q	1152	3:1:3QS7-897N-3VJP	Nati, pubblicazioni, matrimoni, morti, cittadinanze 1866-1878 Nati, pubblicazioni, matrimoni 1879
Santa Maria a Vico	MC5R-M2Q	1153	3:1:3QS7-897N-3VVC	Nati, pubblicazioni, matrimoni, morti, cittadinanze 1866-1878 Nati, pubblicazioni, matrimoni 1879
Santa Maria a Vico	MC5R-M2Q	1154	3:1:3QS7-997N-3VLD	Nati, pubblicazioni, matrimoni, morti, cittadinanze 1866-1878 Nati, pubblicazioni, matrimoni 1879
Santa Maria a Vico	MC5R-M2Q	1155	3:1:3QS7-997N-3VJ2	Nati, pubblicazioni, matrimoni, morti, cittadinanze 1866-1878 Nati, pubblicazioni, matrimoni 1879
Santa Maria a Vico	MC5R-M2Q	1156	3:1:3QS7-897N-3VRH	Nati, pubblicazioni, matrimoni, morti, cittadinanze 1866-1878 Nati, pubblicazioni, matrimoni 1879
Santa Maria a Vico	MC5R-M2Q	1157	3:1:3QS7-997N-3VJ4	Nati, pubblicazioni, matrimoni, morti, cittadinanze 1866-1878 Nati, pubblicazioni, matrimoni 1879
Santa Maria a Vico	MC5R-M2Q	1158	3:1:3QS7-L97N-3V28	Nati, pubblicazioni, matrimoni, morti, cittadinanze 1866-1878 Nati, pubblicazioni, matrimoni 1879
Santa Maria a Vico	MC5R-M2Q	1159	3:1:3QS7-L97N-3VVR	Nati, pubblicazioni, matrimoni, morti, cittadinanze 1866-1878 Nati, pubblicazioni, matrimoni 1879
Santa Maria a Vico	MC5R-M2Q	1160	3:1:3QS7-897N-3V21	Nati, pubblicazioni, matrimoni, morti, cittadinanze 1866-1878 Nati, pubblicazioni, matrimoni 1879
Santa Maria a Vico	MC5R-M2Q	1161	3:1:3QS7-997N-3VFK	Nati, pubblicazioni, matrimoni, morti, cittadinanze 1866-1878 Nati, pubblicazioni, matrimoni 1879
Santa Maria a Vico	MC5R-M2Q	1162	3:1:3QS7-897N-3VFV	Nati, pubblicazioni, matrimoni, morti, cittadinanze 1866-1878 Nati, pubblicazioni, matrimoni 1879
Santa Maria a Vico	MC5R-M2Q	1163	3:1:3QSQ-G97N-3VJV	Nati, pubblicazioni, matrimoni, morti, cittadinanze 1866-1878 Nati, pubblicazioni, matrimoni 1879
Santa Maria a Vico	MC5R-M2Q	1164	3:1:3QS7-997N-3VVV	Nati, pubblicazioni, matrimoni, morti, cittadinanze 1866-1878 Nati, pubblicazioni, matrimoni 1879
Santa Maria a Vico	MC5R-M2Q	1165	3:1:3QS7-897N-3VKX	Nati, pubblicazioni, matrimoni, morti, cittadinanze 1866-1878 Nati, pubblicazioni, matrimoni 1879
Santa Maria a Vico	MC5R-M2Q	1166	3:1:3QS7-997N-3VJN	Nati, pubblicazioni, matrimoni, morti, cittadinanze 1866-1878 Nati, pubblicazioni, matrimoni 1879
Santa Maria a Vico	MC5R-M2Q	1167	3:1:3QS7-997N-3VLH	Nati, pubblicazioni, matrimoni, morti, cittadinanze 1866-1878 Nati, pubblicazioni, matrimoni 1879
Santa Maria a Vico	MC5R-M2Q	1168	3:1:3QS7-L97N-3VVX	Nati, pubblicazioni, matrimoni, morti, cittadinanze 1866-1878 Nati, pubblicazioni, matrimoni 1879
Santa Maria a Vico	MC5R-M2Q	1169	3:1:3QS7-897N-3VL4	Nati, pubblicazioni, matrimoni, morti, cittadinanze 1866-1878 Nati, pubblicazioni, matrimoni 1879
Santa Maria a Vico	MC5R-M2Q	1170	3:1:3QS7-897N-3VXX	Nati, pubblicazioni, matrimoni, morti, cittadinanze 1866-1878 Nati, pubblicazioni, matrimoni 1879
Santa Maria a Vico	MC5R-M2Q	1171	3:1:3QS7-L97N-3VD4	Nati, pubblicazioni, matrimoni, morti, cittadinanze 1866-1878 Nati, pubblicazioni, matrimoni 1879
Santa Maria a Vico	MC5R-M2Q	1172	3:1:3QS7-997N-3VJB	Nati, pubblicazioni, matrimoni, morti, cittadinanze 1866-1878 Nati, pubblicazioni, matrimoni 1879
Santa Maria a Vico	MC5R-M2Q	1173	3:1:3QSQ-G97N-3VNF	Nati, pubblicazioni, matrimoni, morti, cittadinanze 1866-1878 Nati, pubblicazioni, matrimoni 1879
Santa Maria a Vico	MC5R-M2Q	1174	3:1:3QS7-997N-3VN4	Nati, pubblicazioni, matrimoni, morti, cittadinanze 1866-1878 Nati, pubblicazioni, matrimoni 1879
Santa Maria a Vico	MC5R-M2Q	1175	3:1:3QS7-897N-3VJF	Nati, pubblicazioni, matrimoni, morti, cittadinanze 1866-1878 Nati, pubblicazioni, matrimoni 1879
Santa Maria a Vico	MC5R-M2Q	1176	3:1:3QSQ-G97N-3VF8	Nati, pubblicazioni, matrimoni, morti, cittadinanze 1866-1878 Nati, pubblicazioni, matrimoni 1879
Santa Maria a Vico	MC5R-M2Q	1177	3:1:3QS7-997N-3VN1	Nati, pubblicazioni, matrimoni, morti, cittadinanze 1866-1878 Nati, pubblicazioni, matrimoni 1879
Santa Maria a Vico	MC5R-M2Q	1178	3:1:3QS7-997N-3VFD	Nati, pubblicazioni, matrimoni, morti, cittadinanze 1866-1878 Nati, pubblicazioni, matrimoni 1879
Santa Maria a Vico	MC5R-M2Q	1179	3:1:3QS7-997N-3V6M	Nati, pubblicazioni, matrimoni, morti, cittadinanze 1866-1878 Nati, pubblicazioni, matrimoni 1879
Santa Maria a Vico	MC5R-M2Q	1180	3:1:3QSQ-G97N-3V6K	Nati, pubblicazioni, matrimoni, morti, cittadinanze 1866-1878 Nati, pubblicazioni, matrimoni 1879
Santa Maria a Vico	MC5R-M2Q	1181	3:1:3QSQ-G97N-3V6R	Nati, pubblicazioni, matrimoni, morti, cittadinanze 1866-1878 Nati, pubblicazioni, matrimoni 1879
Santa Maria a Vico	MC5R-M2Q	1182	3:1:3QSQ-G97N-3V6T	Nati, pubblicazioni, matrimoni, morti, cittadinanze 1866-1878 Nati, pubblicazioni, matrimoni 1879
Santa Maria a Vico	MC5R-M2Q	1183	3:1:3QSQ-G97N-3V6S	Nati, pubblicazioni, matrimoni, morti, cittadinanze 1866-1878 Nati, pubblicazioni, matrimoni 1879
Santa Maria a Vico	MC5R-M2Q	1184	3:1:3QSQ-G97N-3V6H	Nati, pubblicazioni, matrimoni, morti, cittadinanze 1866-1878 Nati, pubblicazioni, matrimoni 1879
Santa Maria a Vico	MC5R-M2Q	1185	3:1:3QS7-897N-3VKB	Nati, pubblicazioni, matrimoni, morti, cittadinanze 1866-1878 Nati, pubblicazioni, matrimoni 1879
Santa Maria a Vico	MC5R-M2Q	1186	3:1:3QS7-L97N-3VH4	Nati, pubblicazioni, matrimoni, morti, cittadinanze 1866-1878 Nati, pubblicazioni, matrimoni 1879
Santa Maria a Vico	MC5R-M2Q	1187	3:1:3QSQ-G97N-3VNJ	Nati, pubblicazioni, matrimoni, morti, cittadinanze 1866-1878 Nati, pubblicazioni, matrimoni 1879
Santa Maria a Vico	MC5R-M2Q	1188	3:1:3QS7-997N-3VX7	Nati, pubblicazioni, matrimoni, morti, cittadinanze 1866-1878 Nati, pubblicazioni, matrimoni 1879
Santa Maria a Vico	MC5R-M2Q	1189	3:1:3QS7-897N-3VXY	Nati, pubblicazioni, matrimoni, morti, cittadinanze 1866-1878 Nati, pubblicazioni, matrimoni 1879
Santa Maria a Vico	MC5R-M2Q	1190	3:1:3QSQ-G97N-3VXC	Nati, pubblicazioni, matrimoni, morti, cittadinanze 1866-1878 Nati, pubblicazioni, matrimoni 1879
Santa Maria a Vico	MC5R-M2Q	1191	3:1:3QS7-997N-3VND	Nati, pubblicazioni, matrimoni, morti, cittadinanze 1866-1878 Nati, pubblicazioni, matrimoni 1879
Santa Maria a Vico	MC5R-M2Q	1192	3:1:3QS7-997N-3VXN	Nati, pubblicazioni, matrimoni, morti, cittadinanze 1866-1878 Nati, pubblicazioni, matrimoni 1879
Santa Maria a Vico	MC5R-M2Q	1193	3:1:3QS7-L97N-3VZ1	Nati, pubblicazioni, matrimoni, morti, cittadinanze 1866-1878 Nati, pubblicazioni, matrimoni 1879
Santa Maria a Vico	MC5R-M2Q	1194	3:1:3QS7-L97N-3VXZ	Nati, pubblicazioni, matrimoni, morti, cittadinanze 1866-1878 Nati, pubblicazioni, matrimoni 1879
Santa Maria a Vico	MC5R-M2Q	1195	3:1:3QS7-997N-3VJ9	Nati, pubblicazioni, matrimoni, morti, cittadinanze 1866-1878 Nati, pubblicazioni, matrimoni 1879
Santa Maria a Vico	MC5R-M2Q	1196	3:1:3QSQ-G97N-3VN5	Nati, pubblicazioni, matrimoni, morti, cittadinanze 1866-1878 Nati, pubblicazioni, matrimoni 1879
Santa Maria a Vico	MC5R-M2Q	1197	3:1:3QS7-997N-3VNN	Nati, pubblicazioni, matrimoni, morti, cittadinanze 1866-1878 Nati, pubblicazioni, matrimoni 1879
Santa Maria a Vico	MC5R-M2Q	1198	3:1:3QS7-997N-3VNR	Nati, pubblicazioni, matrimoni, morti, cittadinanze 1866-1878 Nati, pubblicazioni, matrimoni 1879
Santa Maria a Vico	MC5R-M2Q	1199	3:1:3QSQ-G97N-3VDQ	Nati, pubblicazioni, matrimoni, morti, cittadinanze 1866-1878 Nati, pubblicazioni, matrimoni 1879
Santa Maria a Vico	MC5R-M2Q	1200	3:1:3QS7-897N-3VLM	Nati, pubblicazioni, matrimoni, morti, cittadinanze 1866-1878 Nati, pubblicazioni, matrimoni 1879
Santa Maria a Vico	MC5R-M2Q	1201	3:1:3QS7-997N-3VNM	Nati, pubblicazioni, matrimoni, morti, cittadinanze 1866-1878 Nati, pubblicazioni, matrimoni 1879
Santa Maria a Vico	MC5R-M2Q	1202	3:1:3QS7-997N-3VFR	Nati, pubblicazioni, matrimoni, morti, cittadinanze 1866-1878 Nati, pubblicazioni, matrimoni 1879
Santa Maria a Vico	MC5R-M2Q	1203	3:1:3QS7-L97N-3VCS	Nati, pubblicazioni, matrimoni, morti, cittadinanze 1866-1878 Nati, pubblicazioni, matrimoni 1879
Santa Maria a Vico	MC5R-M2Q	1204	3:1:3QS7-L97N-3VD5	Nati, pubblicazioni, matrimoni, morti, cittadinanze 1866-1878 Nati, pubblicazioni, matrimoni 1879
Santa Maria a Vico	MC5R-M2Q	1205	3:1:3QSQ-G97N-3V6J	Nati, pubblicazioni, matrimoni, morti, cittadinanze 1866-1878 Nati, pubblicazioni, matrimoni 1879
Santa Maria a Vico	MC5R-M2Q	1206	3:1:3QS7-997N-3V64	Nati, pubblicazioni, matrimoni, morti, cittadinanze 1866-1878 Nati, pubblicazioni, matrimoni 1879
Santa Maria a Vico	MC5R-M2Q	1207	3:1:3QSQ-G97N-3V6N	Nati, pubblicazioni, matrimoni, morti, cittadinanze 1866-1878 Nati, pubblicazioni, matrimoni 1879
Santa Maria a Vico	MC5R-M2Q	1208	3:1:3QSQ-G97N-3VZ8	Nati, pubblicazioni, matrimoni, morti, cittadinanze 1866-1878 Nati, pubblicazioni, matrimoni 1879
Santa Maria a Vico	MC5R-M2Q	1209	3:1:3QS7-997N-3VZH	Nati, pubblicazioni, matrimoni, morti, cittadinanze 1866-1878 Nati, pubblicazioni, matrimoni 1879
Santa Maria a Vico	MC5R-M2Q	1210	3:1:3QS7-L97N-3V6P	Nati, pubblicazioni, matrimoni, morti, cittadinanze 1866-1878 Nati, pubblicazioni, matrimoni 1879
Santa Maria a Vico	MC5R-M2Q	1211	3:1:3QS7-997N-3V68	Nati, pubblicazioni, matrimoni, morti, cittadinanze 1866-1878 Nati, pubblicazioni, matrimoni 1879
Santa Maria a Vico	MC5R-M2Q	1212	3:1:3QS7-L97N-3V87	Nati, pubblicazioni, matrimoni, morti, cittadinanze 1866-1878 Nati, pubblicazioni, matrimoni 1879
Santa Maria a Vico	MC5R-M2Q	1213	3:1:3QSQ-G97N-3VFY	Nati, pubblicazioni, matrimoni, morti, cittadinanze 1866-1878 Nati, pubblicazioni, matrimoni 1879
Santa Maria a Vico	MC5R-M2Q	1214	3:1:3QS7-897N-3VNN	Nati, pubblicazioni, matrimoni, morti, cittadinanze 1866-1878 Nati, pubblicazioni, matrimoni 1879
Santa Maria a Vico	MC5R-M2Q	1215	3:1:3QS7-997N-3V66	Nati, pubblicazioni, matrimoni, morti, cittadinanze 1866-1878 Nati, pubblicazioni, matrimoni 1879
Santa Maria a Vico	MC5R-M2Q	1216	3:1:3QSQ-G97N-3VHG	Nati, pubblicazioni, matrimoni, morti, cittadinanze 1866-1878 Nati, pubblicazioni, matrimoni 1879
Santa Maria a Vico	MC5R-M2Q	1217	3:1:3QSQ-G97N-3VCV	Nati, pubblicazioni, matrimoni, morti, cittadinanze 1866-1878 Nati, pubblicazioni, matrimoni 1879
Santa Maria a Vico	MC5R-M2Q	1218	3:1:3QS7-897N-3VD5	Nati, pubblicazioni, matrimoni, morti, cittadinanze 1866-1878 Nati, pubblicazioni, matrimoni 1879
Santa Maria a Vico	MC5R-M2Q	1219	3:1:3QS7-997N-3VDX	Nati, pubblicazioni, matrimoni, morti, cittadinanze 1866-1878 Nati, pubblicazioni, matrimoni 1879
Santa Maria a Vico	MC5R-M2Q	1220	3:1:3QS7-897N-3VJL	Nati, pubblicazioni, matrimoni, morti, cittadinanze 1866-1878 Nati, pubblicazioni, matrimoni 1879
Santa Maria a Vico	MC5R-M2Q	1221	3:1:3QS7-997N-3V82	Nati, pubblicazioni, matrimoni, morti, cittadinanze 1866-1878 Nati, pubblicazioni, matrimoni 1879
Santa Maria a Vico	MC5R-M2Q	1222	3:1:3QS7-997N-3VD7	Nati, pubblicazioni, matrimoni, morti, cittadinanze 1866-1878 Nati, pubblicazioni, matrimoni 1879
Santa Maria a Vico	MC5R-M2Q	1223	3:1:3QSQ-G97N-3VZR	Nati, pubblicazioni, matrimoni, morti, cittadinanze 1866-1878 Nati, pubblicazioni, matrimoni 1879
Santa Maria a Vico	MC5R-M2Q	1224	3:1:3QS7-L97N-3V7V	Nati, pubblicazioni, matrimoni, morti, cittadinanze 1866-1878 Nati, pubblicazioni, matrimoni 1879
Santa Maria a Vico	MC5R-M2Q	1225	3:1:3QSQ-G97N-3V85	Nati, pubblicazioni, matrimoni, morti, cittadinanze 1866-1878 Nati, pubblicazioni, matrimoni 1879
Santa Maria a Vico	MC5R-M2Q	1226	3:1:3QS7-897N-3VCP	Nati, pubblicazioni, matrimoni, morti, cittadinanze 1866-1878 Nati, pubblicazioni, matrimoni 1879
Santa Maria a Vico	MC5R-M2Q	1227	3:1:3QSQ-G97N-3VD7	Nati, pubblicazioni, matrimoni, morti, cittadinanze 1866-1878 Nati, pubblicazioni, matrimoni 1879
Santa Maria a Vico	MC5R-M2Q	1228	3:1:3QS7-897N-3VD1	Nati, pubblicazioni, matrimoni, morti, cittadinanze 1866-1878 Nati, pubblicazioni, matrimoni 1879
Santa Maria a Vico	MC5R-M2Q	1229	3:1:3QS7-L97N-3V4F	Nati, pubblicazioni, matrimoni, morti, cittadinanze 1866-1878 Nati, pubblicazioni, matrimoni 1879
Santa Maria a Vico	MC5R-M2Q	1230	3:1:3QS7-997N-3VCT	Nati, pubblicazioni, matrimoni, morti, cittadinanze 1866-1878 Nati, pubblicazioni, matrimoni 1879
Santa Maria a Vico	MC5R-M2Q	1231	3:1:3QS7-L97N-3VW2	Nati, pubblicazioni, matrimoni, morti, cittadinanze 1866-1878 Nati, pubblicazioni, matrimoni 1879
Santa Maria a Vico	MC5R-M2Q	1232	3:1:3QS7-897N-3V8V	Nati, pubblicazioni, matrimoni, morti, cittadinanze 1866-1878 Nati, pubblicazioni, matrimoni 1879
Santa Maria a Vico	MC5R-M2Q	1233	3:1:3QSQ-G97N-3VZ9	Nati, pubblicazioni, matrimoni, morti, cittadinanze 1866-1878 Nati, pubblicazioni, matrimoni 1879
Santa Maria a Vico	MC5R-M2Q	1234	3:1:3QS7-897N-3V84	Nati, pubblicazioni, matrimoni, morti, cittadinanze 1866-1878 Nati, pubblicazioni, matrimoni 1879
Santa Maria a Vico	MC5R-M2Q	1235	3:1:3QS7-L97N-3VWK	Nati, pubblicazioni, matrimoni, morti, cittadinanze 1866-1878 Nati, pubblicazioni, matrimoni 1879
Santa Maria a Vico	MC5R-M2Q	1236	3:1:3QS7-997N-3VZP	Nati, pubblicazioni, matrimoni, morti, cittadinanze 1866-1878 Nati, pubblicazioni, matrimoni 1879
Santa Maria a Vico	MC5R-M2Q	1237	3:1:3QSQ-G97N-3V6B	Nati, pubblicazioni, matrimoni, morti, cittadinanze 1866-1878 Nati, pubblicazioni, matrimoni 1879
Santa Maria a Vico	MC5R-M2Q	1238	3:1:3QS7-997N-3V6P	Nati, pubblicazioni, matrimoni, morti, cittadinanze 1866-1878 Nati, pubblicazioni, matrimoni 1879
Santa Maria a Vico	MC5R-M2Q	1239	3:1:3QS7-L97N-3VZQ	Nati, pubblicazioni, matrimoni, morti, cittadinanze 1866-1878 Nati, pubblicazioni, matrimoni 1879
Santa Maria a Vico	MC5R-M2Q	1240	3:1:3QSQ-G97N-3VDC	Nati, pubblicazioni, matrimoni, morti, cittadinanze 1866-1878 Nati, pubblicazioni, matrimoni 1879
Santa Maria a Vico	MC5R-M2Q	1241	3:1:3QS7-997N-3VXP	Nati, pubblicazioni, matrimoni, morti, cittadinanze 1866-1878 Nati, pubblicazioni, matrimoni 1879
Santa Maria a Vico	MC5R-M2Q	1242	3:1:3QSQ-G97N-3VZZ	Nati, pubblicazioni, matrimoni, morti, cittadinanze 1866-1878 Nati, pubblicazioni, matrimoni 1879
Santa Maria a Vico	MC5R-M2Q	1243	3:1:3QS7-997N-3VZV	Nati, pubblicazioni, matrimoni, morti, cittadinanze 1866-1878 Nati, pubblicazioni, matrimoni 1879
Santa Maria a Vico	MC5R-M2Q	1244	3:1:3QS7-997N-3VCX	Nati, pubblicazioni, matrimoni, morti, cittadinanze 1866-1878 Nati, pubblicazioni, matrimoni 1879
Santa Maria a Vico	MC5R-M2Q	1245	3:1:3QS7-L97N-3V4C	Nati, pubblicazioni, matrimoni, morti, cittadinanze 1866-1878 Nati, pubblicazioni, matrimoni 1879
Santa Maria a Vico	MC5R-M2Q	1246	3:1:3QS7-897N-3VHL	Nati, pubblicazioni, matrimoni, morti, cittadinanze 1866-1878 Nati, pubblicazioni, matrimoni 1879
Santa Maria a Vico	MC5R-M2Q	1247	3:1:3QS7-897N-3VDC	Nati, pubblicazioni, matrimoni, morti, cittadinanze 1866-1878 Nati, pubblicazioni, matrimoni 1879
Santa Maria a Vico	MC5R-M2Q	1248	3:1:3QS7-897N-3VHR	Nati, pubblicazioni, matrimoni, morti, cittadinanze 1866-1878 Nati, pubblicazioni, matrimoni 1879
Santa Maria a Vico	MC5R-M2Q	1249	3:1:3QS7-997N-3VDB	Nati, pubblicazioni, matrimoni, morti, cittadinanze 1866-1878 Nati, pubblicazioni, matrimoni 1879
Santa Maria a Vico	MC5R-M2Q	1250	3:1:3QS7-897N-3V41	Nati, pubblicazioni, matrimoni, morti, cittadinanze 1866-1878 Nati, pubblicazioni, matrimoni 1879
Santa Maria a Vico	MC5R-M2Q	1251	3:1:3QS7-L97N-3V78	Nati, pubblicazioni, matrimoni, morti, cittadinanze 1866-1878 Nati, pubblicazioni, matrimoni 1879
Santa Maria a Vico	MC5R-M2Q	1252	3:1:3QS7-897N-3VCB	Nati, pubblicazioni, matrimoni, morti, cittadinanze 1866-1878 Nati, pubblicazioni, matrimoni 1879
Santa Maria a Vico	MC5R-M2Q	1253	3:1:3QS7-997N-3VD3	Nati, pubblicazioni, matrimoni, morti, cittadinanze 1866-1878 Nati, pubblicazioni, matrimoni 1879
Santa Maria a Vico	MC5R-M2Q	1254	3:1:3QS7-997N-3VZW	Nati, pubblicazioni, matrimoni, morti, cittadinanze 1866-1878 Nati, pubblicazioni, matrimoni 1879
Santa Maria a Vico	MC5R-M2Q	1255	3:1:3QSQ-G97N-3V8X	Nati, pubblicazioni, matrimoni, morti, cittadinanze 1866-1878 Nati, pubblicazioni, matrimoni 1879
Santa Maria a Vico	MC5R-M2Q	1256	3:1:3QS7-L97N-3VQC	Nati, pubblicazioni, matrimoni, morti, cittadinanze 1866-1878 Nati, pubblicazioni, matrimoni 1879
Santa Maria a Vico	MC5R-M2Q	1257	3:1:3QSQ-G97N-3VZY	Nati, pubblicazioni, matrimoni, morti, cittadinanze 1866-1878 Nati, pubblicazioni, matrimoni 1879
Santa Maria a Vico	MC5R-M2Q	1258	3:1:3QS7-897N-3VZW	Nati, pubblicazioni, matrimoni, morti, cittadinanze 1866-1878 Nati, pubblicazioni, matrimoni 1879
Santa Maria a Vico	MC5R-M2Q	1259	3:1:3QS7-L97N-3VHN	Nati, pubblicazioni, matrimoni, morti, cittadinanze 1866-1878 Nati, pubblicazioni, matrimoni 1879
Santa Maria a Vico	MC5R-M2Q	1260	3:1:3QSQ-G97N-3V8F	Nati, pubblicazioni, matrimoni, morti, cittadinanze 1866-1878 Nati, pubblicazioni, matrimoni 1879
Santa Maria a Vico	MC5R-M2Q	1261	3:1:3QSQ-G97N-3V47	Nati, pubblicazioni, matrimoni, morti, cittadinanze 1866-1878 Nati, pubblicazioni, matrimoni 1879
Santa Maria a Vico	MC5R-M2Q	1262	3:1:3QS7-897N-3VZF	Nati, pubblicazioni, matrimoni, morti, cittadinanze 1866-1878 Nati, pubblicazioni, matrimoni 1879
Santa Maria a Vico	MC5R-M2Q	1263	3:1:3QS7-997N-3VZZ	Nati, pubblicazioni, matrimoni, morti, cittadinanze 1866-1878 Nati, pubblicazioni, matrimoni 1879
Santa Maria a Vico	MC5R-M2Q	1264	3:1:3QS7-L97N-3V4W	Nati, pubblicazioni, matrimoni, morti, cittadinanze 1866-1878 Nati, pubblicazioni, matrimoni 1879
Santa Maria a Vico	MC5R-M2Q	1265	3:1:3QS7-997N-3VCY	Nati, pubblicazioni, matrimoni, morti, cittadinanze 1866-1878 Nati, pubblicazioni, matrimoni 1879
Santa Maria a Vico	MC5R-M2Q	1266	3:1:3QS7-997N-3V4R	Nati, pubblicazioni, matrimoni, morti, cittadinanze 1866-1878 Nati, pubblicazioni, matrimoni 1879
Santa Maria a Vico	MC5R-M2Q	1267	3:1:3QS7-897N-3VC2	Nati, pubblicazioni, matrimoni, morti, cittadinanze 1866-1878 Nati, pubblicazioni, matrimoni 1879
Santa Maria a Vico	MC5R-M2Q	1268	3:1:3QS7-897N-3V4X	Nati, pubblicazioni, matrimoni, morti, cittadinanze 1866-1878 Nati, pubblicazioni, matrimoni 1879
Santa Maria a Vico	MC5R-M2Q	1269	3:1:3QSQ-G97N-3VQL	Nati, pubblicazioni, matrimoni, morti, cittadinanze 1866-1878 Nati, pubblicazioni, matrimoni 1879
Santa Maria a Vico	MC5R-M2Q	1270	3:1:3QS7-L97N-3VQ9	Nati, pubblicazioni, matrimoni, morti, cittadinanze 1866-1878 Nati, pubblicazioni, matrimoni 1879
Santa Maria a Vico	MC5R-M2Q	1271	3:1:3QS7-897N-3V4Z	Nati, pubblicazioni, matrimoni, morti, cittadinanze 1866-1878 Nati, pubblicazioni, matrimoni 1879
Santa Maria a Vico	MC5R-M2Q	1272	3:1:3QS7-897N-3VWC	Nati, pubblicazioni, matrimoni, morti, cittadinanze 1866-1878 Nati, pubblicazioni, matrimoni 1879
Santa Maria a Vico	MC5R-M2Q	1273	3:1:3QSQ-G97N-3VQ4	Nati, pubblicazioni, matrimoni, morti, cittadinanze 1866-1878 Nati, pubblicazioni, matrimoni 1879
Santa Maria a Vico	MC5R-M2Q	1274	3:1:3QSQ-G97N-3VQB	Nati, pubblicazioni, matrimoni, morti, cittadinanze 1866-1878 Nati, pubblicazioni, matrimoni 1879
Santa Maria a Vico	MC5R-M2Q	1275	3:1:3QS7-897N-3VZ3	Nati, pubblicazioni, matrimoni, morti, cittadinanze 1866-1878 Nati, pubblicazioni, matrimoni 1879
Santa Maria a Vico	MC5R-M2Q	1276	3:1:3QS7-997N-3VC4	Nati, pubblicazioni, matrimoni, morti, cittadinanze 1866-1878 Nati, pubblicazioni, matrimoni 1879
Santa Maria a Vico	MC5R-M2Q	1277	3:1:3QSQ-G97N-3V8J	Nati, pubblicazioni, matrimoni, morti, cittadinanze 1866-1878 Nati, pubblicazioni, matrimoni 1879
Santa Maria a Vico	MC5R-M2Q	1278	3:1:3QS7-L97N-3VW5	Nati, pubblicazioni, matrimoni, morti, cittadinanze 1866-1878 Nati, pubblicazioni, matrimoni 1879
Santa Maria a Vico	MC5R-M2Q	1279	3:1:3QS7-L97N-3VWX	Nati, pubblicazioni, matrimoni, morti, cittadinanze 1866-1878 Nati, pubblicazioni, matrimoni 1879
Santa Maria a Vico	MC5R-M2Q	1280	3:1:3QSQ-G97N-3VHK	Nati, pubblicazioni, matrimoni, morti, cittadinanze 1866-1878 Nati, pubblicazioni, matrimoni 1879
Santa Maria a Vico	MC5R-M2Q	1281	3:1:3QS7-L97N-3V7L	Nati, pubblicazioni, matrimoni, morti, cittadinanze 1866-1878 Nati, pubblicazioni, matrimoni 1879
Santa Maria a Vico	MC5R-M2Q	1282	3:1:3QSQ-G97N-3VHZ	Nati, pubblicazioni, matrimoni, morti, cittadinanze 1866-1878 Nati, pubblicazioni, matrimoni 1879
Santa Maria a Vico	MC5R-M2Q	1283	3:1:3QSQ-G97N-3V4Z	Nati, pubblicazioni, matrimoni, morti, cittadinanze 1866-1878 Nati, pubblicazioni, matrimoni 1879
Santa Maria a Vico	MC5R-M2Q	1284	3:1:3QSQ-G97N-3V73	Nati, pubblicazioni, matrimoni, morti, cittadinanze 1866-1878 Nati, pubblicazioni, matrimoni 1879
Santa Maria a Vico	MC5R-M2Q	1285	3:1:3QSQ-G97N-3V4X	Nati, pubblicazioni, matrimoni, morti, cittadinanze 1866-1878 Nati, pubblicazioni, matrimoni 1879
Santa Maria a Vico	MC5R-M2Q	1286	3:1:3QSQ-G97N-3V7G	Nati, pubblicazioni, matrimoni, morti, cittadinanze 1866-1878 Nati, pubblicazioni, matrimoni 1879
Santa Maria a Vico	MC5R-M2Q	1287	3:1:3QS7-L97N-3V76	Nati, pubblicazioni, matrimoni, morti, cittadinanze 1866-1878 Nati, pubblicazioni, matrimoni 1879
Santa Maria a Vico	MC5R-M2Q	1288	3:1:3QS7-997N-3VHQ	Nati, pubblicazioni, matrimoni, morti, cittadinanze 1866-1878 Nati, pubblicazioni, matrimoni 1879
Santa Maria a Vico	MC5R-M2Q	1289	3:1:3QS7-L97N-3J15	Nati, pubblicazioni, matrimoni, morti, cittadinanze 1866-1878 Nati, pubblicazioni, matrimoni 1879
Santa Maria a Vico	MC5R-M2Q	1290	3:1:3QSQ-G97N-3VWD	Nati, pubblicazioni, matrimoni, morti, cittadinanze 1866-1878 Nati, pubblicazioni, matrimoni 1879
Santa Maria a Vico	MC5R-M2Q	1291	3:1:3QSQ-G97N-3VWB	Nati, pubblicazioni, matrimoni, morti, cittadinanze 1866-1878 Nati, pubblicazioni, matrimoni 1879
Santa Maria a Vico	MC5R-M2Q	1292	3:1:3QS7-L97N-3VW1	Nati, pubblicazioni, matrimoni, morti, cittadinanze 1866-1878 Nati, pubblicazioni, matrimoni 1879
Santa Maria a Vico	MC5R-M2Q	1293	3:1:3QS7-897N-3VCS	Nati, pubblicazioni, matrimoni, morti, cittadinanze 1866-1878 Nati, pubblicazioni, matrimoni 1879
Santa Maria a Vico	MC5R-M2Q	1294	3:1:3QS7-L97N-3V7N	Nati, pubblicazioni, matrimoni, morti, cittadinanze 1866-1878 Nati, pubblicazioni, matrimoni 1879
Santa Maria a Vico	MC5R-M2Q	1295	3:1:3QS7-L97N-3VWW	Nati, pubblicazioni, matrimoni, morti, cittadinanze 1866-1878 Nati, pubblicazioni, matrimoni 1879
Santa Maria a Vico	MC5R-M2Q	1296	3:1:3QS7-997N-3VQV	Nati, pubblicazioni, matrimoni, morti, cittadinanze 1866-1878 Nati, pubblicazioni, matrimoni 1879
Santa Maria a Vico	MC5R-M2Q	1297	3:1:3QS7-897N-3VC8	Nati, pubblicazioni, matrimoni, morti, cittadinanze 1866-1878 Nati, pubblicazioni, matrimoni 1879
Santa Maria a Vico	MC5R-M2Q	1298	3:1:3QS7-997N-3V3C	Nati, pubblicazioni, matrimoni, morti, cittadinanze 1866-1878 Nati, pubblicazioni, matrimoni 1879
Santa Maria a Vico	MC5R-M2Q	1299	3:1:3QS7-L97N-3V3C	Nati, pubblicazioni, matrimoni, morti, cittadinanze 1866-1878 Nati, pubblicazioni, matrimoni 1879
Santa Maria a Vico	MC5R-M2Q	1300	3:1:3QSQ-G97N-3VWG	Nati, pubblicazioni, matrimoni, morti, cittadinanze 1866-1878 Nati, pubblicazioni, matrimoni 1879
Santa Maria a Vico	MC5R-M2Q	1301	3:1:3QS7-L97N-3VQ5	Nati, pubblicazioni, matrimoni, morti, cittadinanze 1866-1878 Nati, pubblicazioni, matrimoni 1879
Santa Maria a Vico	MC5R-M2Q	1302	3:1:3QS7-L97N-3VQT	Nati, pubblicazioni, matrimoni, morti, cittadinanze 1866-1878 Nati, pubblicazioni, matrimoni 1879
Santa Maria a Vico	MC5R-M2Q	1303	3:1:3QSQ-G97N-3VHP	Nati, pubblicazioni, matrimoni, morti, cittadinanze 1866-1878 Nati, pubblicazioni, matrimoni 1879
Santa Maria a Vico	MC5R-M2Q	1304	3:1:3QS7-997N-3V35	Nati, pubblicazioni, matrimoni, morti, cittadinanze 1866-1878 Nati, pubblicazioni, matrimoni 1879
Santa Maria a Vico	MC5R-M2Q	1305	3:1:3QS7-L97N-3V39	Nati, pubblicazioni, matrimoni, morti, cittadinanze 1866-1878 Nati, pubblicazioni, matrimoni 1879
Santa Maria a Vico	MC5R-M2Q	1306	3:1:3QSQ-G97N-3VMF	Nati, pubblicazioni, matrimoni, morti, cittadinanze 1866-1878 Nati, pubblicazioni, matrimoni 1879
Santa Maria a Vico	MC5R-M2Q	1307	3:1:3QS7-997N-3VSS	Nati, pubblicazioni, matrimoni, morti, cittadinanze 1866-1878 Nati, pubblicazioni, matrimoni 1879
Santa Maria a Vico	MC5R-M2Q	1308	3:1:3QS7-897N-3VQK	Nati, pubblicazioni, matrimoni, morti, cittadinanze 1866-1878 Nati, pubblicazioni, matrimoni 1879
Santa Maria a Vico	MC5R-M2Q	1309	3:1:3QS7-997N-3V3V	Nati, pubblicazioni, matrimoni, morti, cittadinanze 1866-1878 Nati, pubblicazioni, matrimoni 1879
Santa Maria a Vico	MC5R-M2Q	1310	3:1:3QS7-897N-3VW9	Nati, pubblicazioni, matrimoni, morti, cittadinanze 1866-1878 Nati, pubblicazioni, matrimoni 1879
Santa Maria a Vico	MC5R-M2Q	1311	3:1:3QS7-L97N-3VSC	Nati, pubblicazioni, matrimoni, morti, cittadinanze 1866-1878 Nati, pubblicazioni, matrimoni 1879
Santa Maria a Vico	MC5R-M2Q	1312	3:1:3QS7-L97N-3V9S	Nati, pubblicazioni, matrimoni, morti, cittadinanze 1866-1878 Nati, pubblicazioni, matrimoni 1879
Santa Maria a Vico	MC5R-M2Q	1313	3:1:3QSQ-G97N-3V9P	Nati, pubblicazioni, matrimoni, morti, cittadinanze 1866-1878 Nati, pubblicazioni, matrimoni 1879
Santa Maria a Vico	MC5R-M2Q	1314	3:1:3QSQ-G97N-3V95	Nati, pubblicazioni, matrimoni, morti, cittadinanze 1866-1878 Nati, pubblicazioni, matrimoni 1879
Santa Maria a Vico	MC5R-M2Q	1315	3:1:3QS7-L97N-3VM2	Nati, pubblicazioni, matrimoni, morti, cittadinanze 1866-1878 Nati, pubblicazioni, matrimoni 1879
Santa Maria a Vico	MC5R-M2Q	1316	3:1:3QSQ-G97N-3VM9	Nati, pubblicazioni, matrimoni, morti, cittadinanze 1866-1878 Nati, pubblicazioni, matrimoni 1879
Santa Maria a Vico	MC5R-M2Q	1317	3:1:3QS7-L97N-3V9D	Nati, pubblicazioni, matrimoni, morti, cittadinanze 1866-1878 Nati, pubblicazioni, matrimoni 1879
Santa Maria a Vico	MC5R-M2Q	1318	3:1:3QS7-897N-3V44	Nati, pubblicazioni, matrimoni, morti, cittadinanze 1866-1878 Nati, pubblicazioni, matrimoni 1879
Santa Maria a Vico	MC5R-M2Q	1319	3:1:3QSQ-G97N-3JB4	Nati, pubblicazioni, matrimoni, morti, cittadinanze 1866-1878 Nati, pubblicazioni, matrimoni 1879
Santa Maria a Vico	MC5R-M2Q	1320	3:1:3QSQ-G97N-3V93	Nati, pubblicazioni, matrimoni, morti, cittadinanze 1866-1878 Nati, pubblicazioni, matrimoni 1879
Santa Maria a Vico	MC5R-M2Q	1321	3:1:3QSQ-G97N-3V7S	Nati, pubblicazioni, matrimoni, morti, cittadinanze 1866-1878 Nati, pubblicazioni, matrimoni 1879
Santa Maria a Vico	MC5R-M2Q	1322	3:1:3QS7-897N-3V3H	Nati, pubblicazioni, matrimoni, morti, cittadinanze 1866-1878 Nati, pubblicazioni, matrimoni 1879
Santa Maria a Vico	MC5R-M2Q	1323	3:1:3QSQ-G97N-3J19	Nati, pubblicazioni, matrimoni, morti, cittadinanze 1866-1878 Nati, pubblicazioni, matrimoni 1879
Santa Maria a Vico	MC5R-M2Q	1324	3:1:3QS7-897N-3V3X	Nati, pubblicazioni, matrimoni, morti, cittadinanze 1866-1878 Nati, pubblicazioni, matrimoni 1879
Santa Maria a Vico	MC5R-M2Q	1325	3:1:3QS7-997N-3VST	Nati, pubblicazioni, matrimoni, morti, cittadinanze 1866-1878 Nati, pubblicazioni, matrimoni 1879
Santa Maria a Vico	MC5R-M2Q	1326	3:1:3QSQ-G97N-3J1C	Nati, pubblicazioni, matrimoni, morti, cittadinanze 1866-1878 Nati, pubblicazioni, matrimoni 1879
Santa Maria a Vico	MC5R-M2Q	1327	3:1:3QS7-997N-3V9R	Nati, pubblicazioni, matrimoni, morti, cittadinanze 1866-1878 Nati, pubblicazioni, matrimoni 1879
Santa Maria a Vico	MC5R-M2Q	1328	3:1:3QSQ-G97N-3J1L	Nati, pubblicazioni, matrimoni, morti, cittadinanze 1866-1878 Nati, pubblicazioni, matrimoni 1879
Santa Maria a Vico	MC5R-M2Q	1329	3:1:3QS7-997N-3VM6	Nati, pubblicazioni, matrimoni, morti, cittadinanze 1866-1878 Nati, pubblicazioni, matrimoni 1879
Santa Maria a Vico	MC5R-M2Q	1330	3:1:3QSQ-G97N-3V3H	Nati, pubblicazioni, matrimoni, morti, cittadinanze 1866-1878 Nati, pubblicazioni, matrimoni 1879
Santa Maria a Vico	MC5R-M2Q	1331	3:1:3QS7-997N-3VSW	Nati, pubblicazioni, matrimoni, morti, cittadinanze 1866-1878 Nati, pubblicazioni, matrimoni 1879
Santa Maria a Vico	MC5R-M2Q	1332	3:1:3QS7-897N-3V9Z	Nati, pubblicazioni, matrimoni, morti, cittadinanze 1866-1878 Nati, pubblicazioni, matrimoni 1879
Santa Maria a Vico	MC5R-M2Q	1333	3:1:3QSQ-G97N-3V98	Nati, pubblicazioni, matrimoni, morti, cittadinanze 1866-1878 Nati, pubblicazioni, matrimoni 1879
Santa Maria a Vico	MC5R-M2Q	1334	3:1:3QS7-897N-3V39	Nati, pubblicazioni, matrimoni, morti, cittadinanze 1866-1878 Nati, pubblicazioni, matrimoni 1879
Santa Maria a Vico	MC5R-M2Q	1335	3:1:3QS7-997N-3V34	Nati, pubblicazioni, matrimoni, morti, cittadinanze 1866-1878 Nati, pubblicazioni, matrimoni 1879
Santa Maria a Vico	MC5R-M2Q	1336	3:1:3QS7-997N-3VQL	Nati, pubblicazioni, matrimoni, morti, cittadinanze 1866-1878 Nati, pubblicazioni, matrimoni 1879
Santa Maria a Vico	MC5R-M2Q	1337	3:1:3QS7-897N-3V7C	Nati, pubblicazioni, matrimoni, morti, cittadinanze 1866-1878 Nati, pubblicazioni, matrimoni 1879
Santa Maria a Vico	MC5R-M2Q	1338	3:1:3QS7-997N-3VSF	Nati, pubblicazioni, matrimoni, morti, cittadinanze 1866-1878 Nati, pubblicazioni, matrimoni 1879
Santa Maria a Vico	MC5R-M2Q	1339	3:1:3QS7-L97N-3JB3	Nati, pubblicazioni, matrimoni, morti, cittadinanze 1866-1878 Nati, pubblicazioni, matrimoni 1879
Santa Maria a Vico	MC5R-M2Q	1340	3:1:3QS7-997N-3VM1	Nati, pubblicazioni, matrimoni, morti, cittadinanze 1866-1878 Nati, pubblicazioni, matrimoni 1879
Santa Maria a Vico	MC5R-M2Q	1341	3:1:3QS7-897N-3VMN	Nati, pubblicazioni, matrimoni, morti, cittadinanze 1866-1878 Nati, pubblicazioni, matrimoni 1879
Santa Maria a Vico	MC5R-M2Q	1342	3:1:3QS7-897N-3V4Y	Nati, pubblicazioni, matrimoni, morti, cittadinanze 1866-1878 Nati, pubblicazioni, matrimoni 1879
Santa Maria a Vico	MC5R-M2Q	1343	3:1:3QSQ-G97N-3V96	Nati, pubblicazioni, matrimoni, morti, cittadinanze 1866-1878 Nati, pubblicazioni, matrimoni 1879
Santa Maria a Vico	MC5R-M2Q	1344	3:1:3QS7-L97N-3VMT	Nati, pubblicazioni, matrimoni, morti, cittadinanze 1866-1878 Nati, pubblicazioni, matrimoni 1879
Santa Maria a Vico	MC5R-M2Q	1345	3:1:3QSQ-G97N-3VMR	Nati, pubblicazioni, matrimoni, morti, cittadinanze 1866-1878 Nati, pubblicazioni, matrimoni 1879
Santa Maria a Vico	MC5R-M2Q	1346	3:1:3QSQ-G97N-3VMY	Nati, pubblicazioni, matrimoni, morti, cittadinanze 1866-1878 Nati, pubblicazioni, matrimoni 1879
Santa Maria a Vico	MC5R-M2Q	1347	3:1:3QS7-997N-3J1Z	Nati, pubblicazioni, matrimoni, morti, cittadinanze 1866-1878 Nati, pubblicazioni, matrimoni 1879
Santa Maria a Vico	MC5R-M2Q	1348	3:1:3QS7-997N-3JB2	Nati, pubblicazioni, matrimoni, morti, cittadinanze 1866-1878 Nati, pubblicazioni, matrimoni 1879
Santa Maria a Vico	MC5R-M2Q	1349	3:1:3QS7-897N-3V3W	Nati, pubblicazioni, matrimoni, morti, cittadinanze 1866-1878 Nati, pubblicazioni, matrimoni 1879
Santa Maria a Vico	MC5R-M2Q	1350	3:1:3QS7-L97N-3JB6	Nati, pubblicazioni, matrimoni, morti, cittadinanze 1866-1878 Nati, pubblicazioni, matrimoni 1879
Santa Maria a Vico	MC5R-M2Q	1351	3:1:3QS7-897N-3VQS	Nati, pubblicazioni, matrimoni, morti, cittadinanze 1866-1878 Nati, pubblicazioni, matrimoni 1879
Santa Maria a Vico	MC5R-M2Q	1352	3:1:3QS7-L97N-3VS4	Nati, pubblicazioni, matrimoni, morti, cittadinanze 1866-1878 Nati, pubblicazioni, matrimoni 1879
Santa Maria a Vico	MC5R-M2Q	1353	3:1:3QS7-997N-3V96	Nati, pubblicazioni, matrimoni, morti, cittadinanze 1866-1878 Nati, pubblicazioni, matrimoni 1879
Santa Maria a Vico	MC5R-M2Q	1354	3:1:3QS7-897N-3V91	Nati, pubblicazioni, matrimoni, morti, cittadinanze 1866-1878 Nati, pubblicazioni, matrimoni 1879
Santa Maria a Vico	MC5R-M2Q	1355	3:1:3QS7-997N-3VMX	Nati, pubblicazioni, matrimoni, morti, cittadinanze 1866-1878 Nati, pubblicazioni, matrimoni 1879
Santa Maria a Vico	MC5R-M2Q	1356	3:1:3QS7-897N-3VSM	Nati, pubblicazioni, matrimoni, morti, cittadinanze 1866-1878 Nati, pubblicazioni, matrimoni 1879
Santa Maria a Vico	MC5R-M2Q	1357	3:1:3QSQ-G97N-3J5R	Nati, pubblicazioni, matrimoni, morti, cittadinanze 1866-1878 Nati, pubblicazioni, matrimoni 1879
Santa Maria a Vico	MC5R-M2Q	1358	3:1:3QS7-997N-3VS3	Nati, pubblicazioni, matrimoni, morti, cittadinanze 1866-1878 Nati, pubblicazioni, matrimoni 1879
Santa Maria a Vico	MC5R-M2Q	1359	3:1:3QS7-997N-3VMC	Nati, pubblicazioni, matrimoni, morti, cittadinanze 1866-1878 Nati, pubblicazioni, matrimoni 1879
Santa Maria a Vico	MC5R-M2Q	1360	3:1:3QS7-897N-3V9F	Nati, pubblicazioni, matrimoni, morti, cittadinanze 1866-1878 Nati, pubblicazioni, matrimoni 1879
Santa Maria a Vico	MC5R-M2Q	1361	3:1:3QS7-L97N-3JBR	Nati, pubblicazioni, matrimoni, morti, cittadinanze 1866-1878 Nati, pubblicazioni, matrimoni 1879
Santa Maria a Vico	MC5R-M2Q	1362	3:1:3QSQ-G97N-3J1M	Nati, pubblicazioni, matrimoni, morti, cittadinanze 1866-1878 Nati, pubblicazioni, matrimoni 1879
Santa Maria a Vico	MC5R-M2Q	1363	3:1:3QS7-997N-3J1T	Nati, pubblicazioni, matrimoni, morti, cittadinanze 1866-1878 Nati, pubblicazioni, matrimoni 1879
Santa Maria a Vico	MC5R-M2Q	1364	3:1:3QS7-997N-3V92	Nati, pubblicazioni, matrimoni, morti, cittadinanze 1866-1878 Nati, pubblicazioni, matrimoni 1879
Santa Maria a Vico	MC5R-M2Q	1365	3:1:3QS7-997N-3VS1	Nati, pubblicazioni, matrimoni, morti, cittadinanze 1866-1878 Nati, pubblicazioni, matrimoni 1879
Santa Maria a Vico	MC5R-M2Q	1366	3:1:3QS7-L97N-3JBF	Nati, pubblicazioni, matrimoni, morti, cittadinanze 1866-1878 Nati, pubblicazioni, matrimoni 1879
Santa Maria a Vico	MC5R-M2Q	1367	3:1:3QS7-997N-3V37	Nati, pubblicazioni, matrimoni, morti, cittadinanze 1866-1878 Nati, pubblicazioni, matrimoni 1879
Santa Maria a Vico	MC5R-M2Q	1368	3:1:3QS7-897N-3VSJ	Nati, pubblicazioni, matrimoni, morti, cittadinanze 1866-1878 Nati, pubblicazioni, matrimoni 1879
Santa Maria a Vico	MC5R-M2Q	1369	3:1:3QSQ-G97N-3JTS	Nati, pubblicazioni, matrimoni, morti, cittadinanze 1866-1878 Nati, pubblicazioni, matrimoni 1879
Santa Maria a Vico	MC5R-M2Q	1370	3:1:3QS7-897N-3VSZ	Nati, pubblicazioni, matrimoni, morti, cittadinanze 1866-1878 Nati, pubblicazioni, matrimoni 1879
Santa Maria a Vico	MC5R-M2Q	1371	3:1:3QSQ-G97N-3JPV	Nati, pubblicazioni, matrimoni, morti, cittadinanze 1866-1878 Nati, pubblicazioni, matrimoni 1879
Santa Maria a Vico	MC5R-M2Q	1372	3:1:3QS7-897N-3V9M	Nati, pubblicazioni, matrimoni, morti, cittadinanze 1866-1878 Nati, pubblicazioni, matrimoni 1879
Santa Maria a Vico	MC5R-M2Q	1373	3:1:3QS7-L97N-3J1C	Nati, pubblicazioni, matrimoni, morti, cittadinanze 1866-1878 Nati, pubblicazioni, matrimoni 1879
Santa Maria a Vico	MC5R-M2Q	1374	3:1:3QS7-897N-3V9K	Nati, pubblicazioni, matrimoni, morti, cittadinanze 1866-1878 Nati, pubblicazioni, matrimoni 1879
Santa Maria a Vico	MC5R-M2Q	1375	3:1:3QS7-897N-3JBF	Nati, pubblicazioni, matrimoni, morti, cittadinanze 1866-1878 Nati, pubblicazioni, matrimoni 1879
Santa Maria a Vico	MC5R-M2Q	1376	3:1:3QS7-L97N-3JG2	Nati, pubblicazioni, matrimoni, morti, cittadinanze 1866-1878 Nati, pubblicazioni, matrimoni 1879
Santa Maria a Vico	MC5R-M2Q	1377	3:1:3QSQ-G97N-3V3S	Nati, pubblicazioni, matrimoni, morti, cittadinanze 1866-1878 Nati, pubblicazioni, matrimoni 1879
Santa Maria a Vico	MC5R-M2Q	1378	3:1:3QS7-L97N-3JLY	Nati, pubblicazioni, matrimoni, morti, cittadinanze 1866-1878 Nati, pubblicazioni, matrimoni 1879
Santa Maria a Vico	MC5R-M2Q	1379	3:1:3QS7-897N-3V95	Nati, pubblicazioni, matrimoni, morti, cittadinanze 1866-1878 Nati, pubblicazioni, matrimoni 1879
Santa Maria a Vico	MC5R-M2Q	1380	3:1:3QS7-997N-3J18	Nati, pubblicazioni, matrimoni, morti, cittadinanze 1866-1878 Nati, pubblicazioni, matrimoni 1879
Santa Maria a Vico	MC5R-M2Q	1381	3:1:3QS7-897N-3VMY	Nati, pubblicazioni, matrimoni, morti, cittadinanze 1866-1878 Nati, pubblicazioni, matrimoni 1879
Santa Maria a Vico	MC5R-M2Q	1382	3:1:3QS7-897N-3JY2	Nati, pubblicazioni, matrimoni, morti, cittadinanze 1866-1878 Nati, pubblicazioni, matrimoni 1879
Santa Maria a Vico	MC5R-M2Q	1383	3:1:3QS7-897N-3JBV	Nati, pubblicazioni, matrimoni, morti, cittadinanze 1866-1878 Nati, pubblicazioni, matrimoni 1879
Santa Maria a Vico	MC5R-M2Q	1384	3:1:3QS7-997N-3JTK	Nati, pubblicazioni, matrimoni, morti, cittadinanze 1866-1878 Nati, pubblicazioni, matrimoni 1879
Santa Maria a Vico	MC5R-M2Q	1385	3:1:3QS7-997N-3V9L	Nati, pubblicazioni, matrimoni, morti, cittadinanze 1866-1878 Nati, pubblicazioni, matrimoni 1879
Santa Maria a Vico	MC5R-M2Q	1386	3:1:3QS7-997N-3JB7	Nati, pubblicazioni, matrimoni, morti, cittadinanze 1866-1878 Nati, pubblicazioni, matrimoni 1879
Santa Maria a Vico	MC5R-M2Q	1387	3:1:3QS7-997N-3JBR	Nati, pubblicazioni, matrimoni, morti, cittadinanze 1866-1878 Nati, pubblicazioni, matrimoni 1879
Santa Maria a Vico	MC5R-M2Q	1388	3:1:3QS7-997N-3JYH	Nati, pubblicazioni, matrimoni, morti, cittadinanze 1866-1878 Nati, pubblicazioni, matrimoni 1879
Santa Maria a Vico	MC5R-M2Q	1389	3:1:3QS7-897N-3JR6	Nati, pubblicazioni, matrimoni, morti, cittadinanze 1866-1878 Nati, pubblicazioni, matrimoni 1879
Santa Maria a Vico	MC5R-M2Q	1390	3:1:3QSQ-G97N-3JGJ	Nati, pubblicazioni, matrimoni, morti, cittadinanze 1866-1878 Nati, pubblicazioni, matrimoni 1879
Santa Maria a Vico	MC5R-M2Q	1391	3:1:3QS7-897N-3V3S	Nati, pubblicazioni, matrimoni, morti, cittadinanze 1866-1878 Nati, pubblicazioni, matrimoni 1879
Santa Maria a Vico	MC5R-M2Q	1392	3:1:3QS7-897N-3JRQ	Nati, pubblicazioni, matrimoni, morti, cittadinanze 1866-1878 Nati, pubblicazioni, matrimoni 1879
Santa Maria a Vico	MC5R-M2Q	1393	3:1:3QS7-L97N-3JPW	Nati, pubblicazioni, matrimoni, morti, cittadinanze 1866-1878 Nati, pubblicazioni, matrimoni 1879
Santa Maria a Vico	MC5R-M2Q	1394	3:1:3QS7-L97N-3JG4	Nati, pubblicazioni, matrimoni, morti, cittadinanze 1866-1878 Nati, pubblicazioni, matrimoni 1879
Santa Maria a Vico	MC5R-M2Q	1395	3:1:3QS7-L97N-3JV1	Nati, pubblicazioni, matrimoni, morti, cittadinanze 1866-1878 Nati, pubblicazioni, matrimoni 1879
Santa Maria a Vico	MC5R-M2Q	1396	3:1:3QS7-997N-3JBD	Nati, pubblicazioni, matrimoni, morti, cittadinanze 1866-1878 Nati, pubblicazioni, matrimoni 1879
Santa Maria a Vico	MC5R-M2Q	1397	3:1:3QS7-897N-3VMF	Nati, pubblicazioni, matrimoni, morti, cittadinanze 1866-1878 Nati, pubblicazioni, matrimoni 1879
Santa Maria a Vico	MC5R-M2Q	1398	3:1:3QS7-L97N-3JPL	Nati, pubblicazioni, matrimoni, morti, cittadinanze 1866-1878 Nati, pubblicazioni, matrimoni 1879
Santa Maria a Vico	MC5R-M2Q	1399	3:1:3QS7-L97N-3JKM	Nati, pubblicazioni, matrimoni, morti, cittadinanze 1866-1878 Nati, pubblicazioni, matrimoni 1879
Santa Maria a Vico	MC5R-M2Q	1400	3:1:3QS7-897N-3JYN	Nati, pubblicazioni, matrimoni, morti, cittadinanze 1866-1878 Nati, pubblicazioni, matrimoni 1879
Santa Maria a Vico	MC5R-M2Q	1401	3:1:3QS7-997N-3JTN	Nati, pubblicazioni, matrimoni, morti, cittadinanze 1866-1878 Nati, pubblicazioni, matrimoni 1879
Santa Maria a Vico	MC5R-M2Q	1402	3:1:3QS7-997N-3JYR	Nati, pubblicazioni, matrimoni, morti, cittadinanze 1866-1878 Nati, pubblicazioni, matrimoni 1879
Santa Maria a Vico	MC5R-M2Q	1403	3:1:3QSQ-G97N-3JPK	Nati, pubblicazioni, matrimoni, morti, cittadinanze 1866-1878 Nati, pubblicazioni, matrimoni 1879
Santa Maria a Vico	MC5R-M2Q	1404	3:1:3QS7-897N-3JYP	Nati, pubblicazioni, matrimoni, morti, cittadinanze 1866-1878 Nati, pubblicazioni, matrimoni 1879
Santa Maria a Vico	MC5R-M2Q	1405	3:1:3QSQ-G97N-3J2N	Nati, pubblicazioni, matrimoni, morti, cittadinanze 1866-1878 Nati, pubblicazioni, matrimoni 1879
Santa Maria a Vico	MC5R-M2Q	1406	3:1:3QS7-897N-3V9H	Nati, pubblicazioni, matrimoni, morti, cittadinanze 1866-1878 Nati, pubblicazioni, matrimoni 1879
Santa Maria a Vico	MC5R-M2Q	1407	3:1:3QS7-L97N-3JVF	Nati, pubblicazioni, matrimoni, morti, cittadinanze 1866-1878 Nati, pubblicazioni, matrimoni 1879
Santa Maria a Vico	MC5R-M2Q	1408	3:1:3QS7-L97N-3JKR	Nati, pubblicazioni, matrimoni, morti, cittadinanze 1866-1878 Nati, pubblicazioni, matrimoni 1879
Santa Maria a Vico	MC5R-M2Q	1409	3:1:3QS7-997N-3J51	Nati, pubblicazioni, matrimoni, morti, cittadinanze 1866-1878 Nati, pubblicazioni, matrimoni 1879
Santa Maria a Vico	MC5R-M2Q	1410	3:1:3QS7-L97N-3JG7	Nati, pubblicazioni, matrimoni, morti, cittadinanze 1866-1878 Nati, pubblicazioni, matrimoni 1879
Santa Maria a Vico	MC5R-M2Q	1411	3:1:3QS7-897N-3J53	Nati, pubblicazioni, matrimoni, morti, cittadinanze 1866-1878 Nati, pubblicazioni, matrimoni 1879
Santa Maria a Vico	MC5R-M2Q	1412	3:1:3QS7-997N-3J52	Nati, pubblicazioni, matrimoni, morti, cittadinanze 1866-1878 Nati, pubblicazioni, matrimoni 1879
Santa Maria a Vico	MC5R-M2Q	1413	3:1:3QS7-997N-3JY7	Nati, pubblicazioni, matrimoni, morti, cittadinanze 1866-1878 Nati, pubblicazioni, matrimoni 1879
Santa Maria a Vico	MC5R-M2Q	1414	3:1:3QS7-897N-3JYZ	Nati, pubblicazioni, matrimoni, morti, cittadinanze 1866-1878 Nati, pubblicazioni, matrimoni 1879
Santa Maria a Vico	MC5R-M2Q	1415	3:1:3QS7-897N-3JY6	Nati, pubblicazioni, matrimoni, morti, cittadinanze 1866-1878 Nati, pubblicazioni, matrimoni 1879
Santa Maria a Vico	MC5R-M2Q	1416	3:1:3QS7-L97N-3JV6	Nati, pubblicazioni, matrimoni, morti, cittadinanze 1866-1878 Nati, pubblicazioni, matrimoni 1879
Santa Maria a Vico	MC5R-M2Q	1417	3:1:3QSQ-G97N-3J2G	Nati, pubblicazioni, matrimoni, morti, cittadinanze 1866-1878 Nati, pubblicazioni, matrimoni 1879
Santa Maria a Vico	MC5R-M2Q	1418	3:1:3QS7-L97N-3JLF	Nati, pubblicazioni, matrimoni, morti, cittadinanze 1866-1878 Nati, pubblicazioni, matrimoni 1879
Santa Maria a Vico	MC5R-M2Q	1419	3:1:3QS7-997N-3JTH	Nati, pubblicazioni, matrimoni, morti, cittadinanze 1866-1878 Nati, pubblicazioni, matrimoni 1879
Santa Maria a Vico	MC5R-M2Q	1420	3:1:3QS7-897N-3JRT	Nati, pubblicazioni, matrimoni, morti, cittadinanze 1866-1878 Nati, pubblicazioni, matrimoni 1879
Santa Maria a Vico	MC5R-M2Q	1421	3:1:3QS7-997N-3JTW	Nati, pubblicazioni, matrimoni, morti, cittadinanze 1866-1878 Nati, pubblicazioni, matrimoni 1879
Santa Maria a Vico	MC5R-M2Q	1422	3:1:3QSQ-G97N-3JKL	Nati, pubblicazioni, matrimoni, morti, cittadinanze 1866-1878 Nati, pubblicazioni, matrimoni 1879
Santa Maria a Vico	MC5R-M2Q	1423	3:1:3QS7-997N-3JP7	Nati, pubblicazioni, matrimoni, morti, cittadinanze 1866-1878 Nati, pubblicazioni, matrimoni 1879
Santa Maria a Vico	MC5R-M2Q	1424	3:1:3QS7-L97N-3JLS	Nati, pubblicazioni, matrimoni, morti, cittadinanze 1866-1878 Nati, pubblicazioni, matrimoni 1879
Santa Maria a Vico	MC5R-M2Q	1425	3:1:3QS7-997N-3J1D	Nati, pubblicazioni, matrimoni, morti, cittadinanze 1866-1878 Nati, pubblicazioni, matrimoni 1879
Santa Maria a Vico	MC5R-M2Q	1426	3:1:3QS7-L97N-3JPQ	Nati, pubblicazioni, matrimoni, morti, cittadinanze 1866-1878 Nati, pubblicazioni, matrimoni 1879
Santa Maria a Vico	MC5R-M2Q	1427	3:1:3QSQ-G97N-3J5L	Nati, pubblicazioni, matrimoni, morti, cittadinanze 1866-1878 Nati, pubblicazioni, matrimoni 1879
Santa Maria a Vico	MC5R-M2Q	1428	3:1:3QS7-897N-3VMQ	Nati, pubblicazioni, matrimoni, morti, cittadinanze 1866-1878 Nati, pubblicazioni, matrimoni 1879
Santa Maria a Vico	MC5R-M2Q	1429	3:1:3QSQ-G97N-3JG3	Nati, pubblicazioni, matrimoni, morti, cittadinanze 1866-1878 Nati, pubblicazioni, matrimoni 1879
Santa Maria a Vico	MC5R-M2Q	1430	3:1:3QS7-L97N-3JNQ	Nati, pubblicazioni, matrimoni, morti, cittadinanze 1866-1878 Nati, pubblicazioni, matrimoni 1879
Santa Maria a Vico	MC5R-M2Q	1431	3:1:3QS7-997N-3JR1	Nati, pubblicazioni, matrimoni, morti, cittadinanze 1866-1878 Nati, pubblicazioni, matrimoni 1879
Santa Maria a Vico	MC5R-M2Q	1432	3:1:3QS7-897N-3JBL	Nati, pubblicazioni, matrimoni, morti, cittadinanze 1866-1878 Nati, pubblicazioni, matrimoni 1879
Santa Maria a Vico	MC5R-M2Q	1433	3:1:3QS7-897N-3JYB	Nati, pubblicazioni, matrimoni, morti, cittadinanze 1866-1878 Nati, pubblicazioni, matrimoni 1879
Santa Maria a Vico	MC5R-M2Q	1434	3:1:3QS7-997N-3JPD	Nati, pubblicazioni, matrimoni, morti, cittadinanze 1866-1878 Nati, pubblicazioni, matrimoni 1879
Santa Maria a Vico	MC5R-M2Q	1435	3:1:3QS7-997N-3JY8	Nati, pubblicazioni, matrimoni, morti, cittadinanze 1866-1878 Nati, pubblicazioni, matrimoni 1879
Santa Maria a Vico	MC5R-M2Q	1436	3:1:3QS7-L97N-3JV3	Nati, pubblicazioni, matrimoni, morti, cittadinanze 1866-1878 Nati, pubblicazioni, matrimoni 1879
Santa Maria a Vico	MC5R-M2Q	1437	3:1:3QSQ-G97N-3J2X	Nati, pubblicazioni, matrimoni, morti, cittadinanze 1866-1878 Nati, pubblicazioni, matrimoni 1879
Santa Maria a Vico	MC5R-M2Q	1438	3:1:3QS7-897N-3JGG	Nati, pubblicazioni, matrimoni, morti, cittadinanze 1866-1878 Nati, pubblicazioni, matrimoni 1879
Santa Maria a Vico	MC5R-M2Q	1439	3:1:3QSQ-G97N-3JK3	Nati, pubblicazioni, matrimoni, morti, cittadinanze 1866-1878 Nati, pubblicazioni, matrimoni 1879
Santa Maria a Vico	MC5R-M2Q	1440	3:1:3QS7-L97N-3J5H	Nati, pubblicazioni, matrimoni, morti, cittadinanze 1866-1878 Nati, pubblicazioni, matrimoni 1879
Santa Maria a Vico	MC5R-M2Q	1441	3:1:3QS7-897N-3JL8	Nati, pubblicazioni, matrimoni, morti, cittadinanze 1866-1878 Nati, pubblicazioni, matrimoni 1879
Santa Maria a Vico	MC5R-M2Q	1442	3:1:3QS7-L97N-3JV5	Nati, pubblicazioni, matrimoni, morti, cittadinanze 1866-1878 Nati, pubblicazioni, matrimoni 1879
Santa Maria a Vico	MC5R-M2Q	1443	3:1:3QS7-997N-3JPN	Nati, pubblicazioni, matrimoni, morti, cittadinanze 1866-1878 Nati, pubblicazioni, matrimoni 1879
Santa Maria a Vico	MC5R-M2Q	1444	3:1:3QS7-897N-3J2B	Nati, pubblicazioni, matrimoni, morti, cittadinanze 1866-1878 Nati, pubblicazioni, matrimoni 1879
Santa Maria a Vico	MC5R-M2Q	1445	3:1:3QS7-897N-3JBD	Nati, pubblicazioni, matrimoni, morti, cittadinanze 1866-1878 Nati, pubblicazioni, matrimoni 1879
Santa Maria a Vico	MC5R-M2Q	1446	3:1:3QS7-997N-3JGX	Nati, pubblicazioni, matrimoni, morti, cittadinanze 1866-1878 Nati, pubblicazioni, matrimoni 1879
Santa Maria a Vico	MC5R-M2Q	1447	3:1:3QS7-997N-3JJR	Nati, pubblicazioni, matrimoni, morti, cittadinanze 1866-1878 Nati, pubblicazioni, matrimoni 1879
Santa Maria a Vico	MC5R-M2Q	1448	3:1:3QSQ-G97N-3JPM	Nati, pubblicazioni, matrimoni, morti, cittadinanze 1866-1878 Nati, pubblicazioni, matrimoni 1879
Santa Maria a Vico	MC5R-M2Q	1449	3:1:3QS7-L97N-3JXR	Nati, pubblicazioni, matrimoni, morti, cittadinanze 1866-1878 Nati, pubblicazioni, matrimoni 1879
Santa Maria a Vico	MC5R-M2Q	1450	3:1:3QS7-897N-3JKN	Nati, pubblicazioni, matrimoni, morti, cittadinanze 1866-1878 Nati, pubblicazioni, matrimoni 1879
Santa Maria a Vico	MC5R-M2Q	1451	3:1:3QS7-997N-3JJN	Nati, pubblicazioni, matrimoni, morti, cittadinanze 1866-1878 Nati, pubblicazioni, matrimoni 1879
Santa Maria a Vico	MC5R-M2Q	1452	3:1:3QSQ-G97N-3JJ5	Nati, pubblicazioni, matrimoni, morti, cittadinanze 1866-1878 Nati, pubblicazioni, matrimoni 1879
Santa Maria a Vico	MC5R-M2Q	1453	3:1:3QS7-997N-3J2F	Nati, pubblicazioni, matrimoni, morti, cittadinanze 1866-1878 Nati, pubblicazioni, matrimoni 1879
Santa Maria a Vico	MC5R-M2Q	1454	3:1:3QS7-897N-3J5L	Nati, pubblicazioni, matrimoni, morti, cittadinanze 1866-1878 Nati, pubblicazioni, matrimoni 1879
Santa Maria a Vico	MC5R-M2Q	1455	3:1:3QS7-897N-3JR9	Nati, pubblicazioni, matrimoni, morti, cittadinanze 1866-1878 Nati, pubblicazioni, matrimoni 1879
Santa Maria a Vico	MC5R-M2Q	1456	3:1:3QS7-897N-3JJN	Nati, pubblicazioni, matrimoni, morti, cittadinanze 1866-1878 Nati, pubblicazioni, matrimoni 1879
Santa Maria a Vico	MC5R-M2Q	1457	3:1:3QS7-997N-3J54	Nati, pubblicazioni, matrimoni, morti, cittadinanze 1866-1878 Nati, pubblicazioni, matrimoni 1879
Santa Maria a Vico	MC5R-M2Q	1458	3:1:3QS7-L97N-3J2M	Nati, pubblicazioni, matrimoni, morti, cittadinanze 1866-1878 Nati, pubblicazioni, matrimoni 1879
Santa Maria a Vico	MC5R-M2Q	1459	3:1:3QS7-997N-3J2G	Nati, pubblicazioni, matrimoni, morti, cittadinanze 1866-1878 Nati, pubblicazioni, matrimoni 1879
Santa Maria a Vico	MC5R-M2Q	1460	3:1:3QS7-L97N-3JN5	Nati, pubblicazioni, matrimoni, morti, cittadinanze 1866-1878 Nati, pubblicazioni, matrimoni 1879
Santa Maria a Vico	MC5R-M2Q	1461	3:1:3QS7-997N-3JK4	Nati, pubblicazioni, matrimoni, morti, cittadinanze 1866-1878 Nati, pubblicazioni, matrimoni 1879
Santa Maria a Vico	MC5R-M2Q	1462	3:1:3QS7-997N-3J2D	Nati, pubblicazioni, matrimoni, morti, cittadinanze 1866-1878 Nati, pubblicazioni, matrimoni 1879
Santa Maria a Vico	MC5R-M2Q	1463	3:1:3QS7-997N-3JFM	Nati, pubblicazioni, matrimoni, morti, cittadinanze 1866-1878 Nati, pubblicazioni, matrimoni 1879
Santa Maria a Vico	MC5R-M2Q	1464	3:1:3QS7-997N-3JGK	Nati, pubblicazioni, matrimoni, morti, cittadinanze 1866-1878 Nati, pubblicazioni, matrimoni 1879
Santa Maria a Vico	MC5R-M2Q	1465	3:1:3QS7-997N-3JNG	Nati, pubblicazioni, matrimoni, morti, cittadinanze 1866-1878 Nati, pubblicazioni, matrimoni 1879
Santa Maria a Vico	MC5R-M2Q	1466	3:1:3QSQ-G97N-3JF5	Nati, pubblicazioni, matrimoni, morti, cittadinanze 1866-1878 Nati, pubblicazioni, matrimoni 1879
Santa Maria a Vico	MC5R-M2Q	1467	3:1:3QS7-997N-3J24	Nati, pubblicazioni, matrimoni, morti, cittadinanze 1866-1878 Nati, pubblicazioni, matrimoni 1879
Santa Maria a Vico	MC5R-M2Q	1468	3:1:3QS7-997N-3J2N	Nati, pubblicazioni, matrimoni, morti, cittadinanze 1866-1878 Nati, pubblicazioni, matrimoni 1879
Santa Maria a Vico	MC5R-M2Q	1469	3:1:3QS7-997N-3J21	Nati, pubblicazioni, matrimoni, morti, cittadinanze 1866-1878 Nati, pubblicazioni, matrimoni 1879
Santa Maria a Vico	MC5R-M2Q	1470	3:1:3QS7-997N-3JFR	Nati, pubblicazioni, matrimoni, morti, cittadinanze 1866-1878 Nati, pubblicazioni, matrimoni 1879
Santa Maria a Vico	MC5R-M2Q	1471	3:1:3QSQ-G97N-3J6P	Nati, pubblicazioni, matrimoni, morti, cittadinanze 1866-1878 Nati, pubblicazioni, matrimoni 1879
Santa Maria a Vico	MC5R-M2Q	1472	3:1:3QS7-997N-3J29	Nati, pubblicazioni, matrimoni, morti, cittadinanze 1866-1878 Nati, pubblicazioni, matrimoni 1879
Santa Maria a Vico	MC5R-M2Q	1473	3:1:3QSQ-G97N-3JFZ	Nati, pubblicazioni, matrimoni, morti, cittadinanze 1866-1878 Nati, pubblicazioni, matrimoni 1879
Santa Maria a Vico	MC5R-M2Q	1474	3:1:3QS7-L97N-3JFR	Nati, pubblicazioni, matrimoni, morti, cittadinanze 1866-1878 Nati, pubblicazioni, matrimoni 1879
Santa Maria a Vico	MC5R-M2Q	1475	3:1:3QS7-L97N-3JX1	Nati, pubblicazioni, matrimoni, morti, cittadinanze 1866-1878 Nati, pubblicazioni, matrimoni 1879
Santa Maria a Vico	MC5R-M2Q	1476	3:1:3QS7-897N-3JX7	Nati, pubblicazioni, matrimoni, morti, cittadinanze 1866-1878 Nati, pubblicazioni, matrimoni 1879
Santa Maria a Vico	MC5R-M2Q	1477	3:1:3QSQ-G97N-3JVP	Nati, pubblicazioni, matrimoni, morti, cittadinanze 1866-1878 Nati, pubblicazioni, matrimoni 1879
Santa Maria a Vico	MC5R-M2Q	1478	3:1:3QSQ-G97N-3JFT	Nati, pubblicazioni, matrimoni, morti, cittadinanze 1866-1878 Nati, pubblicazioni, matrimoni 1879
Santa Maria a Vico	MC5R-M2Q	1479	3:1:3QS7-897N-3J27	Nati, pubblicazioni, matrimoni, morti, cittadinanze 1866-1878 Nati, pubblicazioni, matrimoni 1879
Santa Maria a Vico	MC5R-M2Q	1480	3:1:3QSQ-G97N-3JF9	Nati, pubblicazioni, matrimoni, morti, cittadinanze 1866-1878 Nati, pubblicazioni, matrimoni 1879
Santa Maria a Vico	MC5R-M2Q	1481	3:1:3QSQ-G97N-3JX7	Nati, pubblicazioni, matrimoni, morti, cittadinanze 1866-1878 Nati, pubblicazioni, matrimoni 1879
Santa Maria a Vico	MC5R-M2Q	1482	3:1:3QS7-L97N-3JFG	Nati, pubblicazioni, matrimoni, morti, cittadinanze 1866-1878 Nati, pubblicazioni, matrimoni 1879
Santa Maria a Vico	MC5R-M2Q	1483	3:1:3QSQ-G97N-3JVM	Nati, pubblicazioni, matrimoni, morti, cittadinanze 1866-1878 Nati, pubblicazioni, matrimoni 1879
Santa Maria a Vico	MC5R-M2Q	1484	3:1:3QS7-897N-3JX8	Nati, pubblicazioni, matrimoni, morti, cittadinanze 1866-1878 Nati, pubblicazioni, matrimoni 1879
Santa Maria a Vico	MC5R-M2Q	1485	3:1:3QSQ-G97N-3JDC	Nati, pubblicazioni, matrimoni, morti, cittadinanze 1866-1878 Nati, pubblicazioni, matrimoni 1879
Santa Maria a Vico	MC5R-M2Q	1486	3:1:3QS7-997N-3J2Z	Nati, pubblicazioni, matrimoni, morti, cittadinanze 1866-1878 Nati, pubblicazioni, matrimoni 1879
Santa Maria a Vico	MC5R-M2Q	1487	3:1:3QS7-997N-3J2C	Nati, pubblicazioni, matrimoni, morti, cittadinanze 1866-1878 Nati, pubblicazioni, matrimoni 1879
Santa Maria a Vico	MC5R-M2Q	1488	3:1:3QSQ-G97N-3JXG	Nati, pubblicazioni, matrimoni, morti, cittadinanze 1866-1878 Nati, pubblicazioni, matrimoni 1879
Santa Maria a Vico	MC5R-M2Q	1489	3:1:3QS7-997N-3J62	Nati, pubblicazioni, matrimoni, morti, cittadinanze 1866-1878 Nati, pubblicazioni, matrimoni 1879
Santa Maria a Vico	MC5R-M2Q	1490	3:1:3QS7-997N-3JJ4	Nati, pubblicazioni, matrimoni, morti, cittadinanze 1866-1878 Nati, pubblicazioni, matrimoni 1879
Santa Maria a Vico	MC5R-M2Q	1491	3:1:3QS7-997N-3JJX	Nati, pubblicazioni, matrimoni, morti, cittadinanze 1866-1878 Nati, pubblicazioni, matrimoni 1879
Santa Maria a Vico	MC5R-M2Q	1492	3:1:3QS7-997N-3JZQ	Nati, pubblicazioni, matrimoni, morti, cittadinanze 1866-1878 Nati, pubblicazioni, matrimoni 1879
Santa Maria a Vico	MC5R-M2Q	1493	3:1:3QS7-897N-3JVT	Nati, pubblicazioni, matrimoni, morti, cittadinanze 1866-1878 Nati, pubblicazioni, matrimoni 1879
Santa Maria a Vico	MC5R-M2Q	1494	3:1:3QSQ-G97N-3JZ4	Nati, pubblicazioni, matrimoni, morti, cittadinanze 1866-1878 Nati, pubblicazioni, matrimoni 1879
Santa Maria a Vico	MC5R-M2Q	1495	3:1:3QS7-897N-3JFQ	Nati, pubblicazioni, matrimoni, morti, cittadinanze 1866-1878 Nati, pubblicazioni, matrimoni 1879
Santa Maria a Vico	MC5R-M2Q	1496	3:1:3QS7-897N-3JLL	Nati, pubblicazioni, matrimoni, morti, cittadinanze 1866-1878 Nati, pubblicazioni, matrimoni 1879
Santa Maria a Vico	MC5R-M2Q	1497	3:1:3QS7-L97N-3J6P	Nati, pubblicazioni, matrimoni, morti, cittadinanze 1866-1878 Nati, pubblicazioni, matrimoni 1879
Santa Maria a Vico	MC5R-M2Q	1498	3:1:3QSQ-G97N-3JZS	Nati, pubblicazioni, matrimoni, morti, cittadinanze 1866-1878 Nati, pubblicazioni, matrimoni 1879
Santa Maria a Vico	MC5R-M2Q	1499	3:1:3QSQ-G97N-3J8M	Nati, pubblicazioni, matrimoni, morti, cittadinanze 1866-1878 Nati, pubblicazioni, matrimoni 1879
Santa Maria a Vico	MC5R-M2Q	1500	3:1:3QSQ-G97N-3JZN	Nati, pubblicazioni, matrimoni, morti, cittadinanze 1866-1878 Nati, pubblicazioni, matrimoni 1879
Santa Maria a Vico	MC5R-M2Q	1501	3:1:3QS7-897N-3JF9	Nati, pubblicazioni, matrimoni, morti, cittadinanze 1866-1878 Nati, pubblicazioni, matrimoni 1879
Santa Maria a Vico	MC5R-M2Q	1502	3:1:3QSQ-G97N-3JJ6	Nati, pubblicazioni, matrimoni, morti, cittadinanze 1866-1878 Nati, pubblicazioni, matrimoni 1879
Santa Maria a Vico	MC5R-M2Q	1503	3:1:3QS7-897N-3JJB	Nati, pubblicazioni, matrimoni, morti, cittadinanze 1866-1878 Nati, pubblicazioni, matrimoni 1879
Santa Maria a Vico	MC5R-M2Q	1504	3:1:3QS7-897N-3JVQ	Nati, pubblicazioni, matrimoni, morti, cittadinanze 1866-1878 Nati, pubblicazioni, matrimoni 1879
Santa Maria a Vico	MC5R-M2Q	1505	3:1:3QSQ-G97N-3J6R	Nati, pubblicazioni, matrimoni, morti, cittadinanze 1866-1878 Nati, pubblicazioni, matrimoni 1879
Santa Maria a Vico	MC5R-M2Q	1506	3:1:3QS7-L97N-3JDR	Nati, pubblicazioni, matrimoni, morti, cittadinanze 1866-1878 Nati, pubblicazioni, matrimoni 1879
Santa Maria a Vico	MC5R-M2Q	1507	3:1:3QS7-997N-3JX4	Nati, pubblicazioni, matrimoni, morti, cittadinanze 1866-1878 Nati, pubblicazioni, matrimoni 1879
Santa Maria a Vico	MC5R-M2Q	1508	3:1:3QS7-897N-3JFF	Nati, pubblicazioni, matrimoni, morti, cittadinanze 1866-1878 Nati, pubblicazioni, matrimoni 1879
Santa Maria a Vico	MC5R-M2Q	1509	3:1:3QS7-997N-3JN1	Nati, pubblicazioni, matrimoni, morti, cittadinanze 1866-1878 Nati, pubblicazioni, matrimoni 1879
Santa Maria a Vico	MC5R-M2Q	1510	3:1:3QSQ-G97N-3J8F	Nati, pubblicazioni, matrimoni, morti, cittadinanze 1866-1878 Nati, pubblicazioni, matrimoni 1879
Santa Maria a Vico	MC5R-M2Q	1511	3:1:3QS7-897N-3JXB	Nati, pubblicazioni, matrimoni, morti, cittadinanze 1866-1878 Nati, pubblicazioni, matrimoni 1879
Santa Maria a Vico	MC5R-M2Q	1512	3:1:3QS7-997N-3JD4	Nati, pubblicazioni, matrimoni, morti, cittadinanze 1866-1878 Nati, pubblicazioni, matrimoni 1879
Santa Maria a Vico	MC5R-M2Q	1513	3:1:3QS7-897N-3JXL	Nati, pubblicazioni, matrimoni, morti, cittadinanze 1866-1878 Nati, pubblicazioni, matrimoni 1879
Santa Maria a Vico	MC5R-M2Q	1514	3:1:3QS7-L97N-3JC8	Nati, pubblicazioni, matrimoni, morti, cittadinanze 1866-1878 Nati, pubblicazioni, matrimoni 1879
Santa Maria a Vico	MC5R-M2Q	1515	3:1:3QSQ-G97N-3JD4	Nati, pubblicazioni, matrimoni, morti, cittadinanze 1866-1878 Nati, pubblicazioni, matrimoni 1879
Santa Maria a Vico	MC5R-M2Q	1516	3:1:3QS7-L97N-3J81	Nati, pubblicazioni, matrimoni, morti, cittadinanze 1866-1878 Nati, pubblicazioni, matrimoni 1879
Santa Maria a Vico	MC5R-M2Q	1517	3:1:3QS7-L97N-3J69	Nati, pubblicazioni, matrimoni, morti, cittadinanze 1866-1878 Nati, pubblicazioni, matrimoni 1879
Santa Maria a Vico	MC5R-M2Q	1518	3:1:3QS7-897N-3J6W	Nati, pubblicazioni, matrimoni, morti, cittadinanze 1866-1878 Nati, pubblicazioni, matrimoni 1879
Santa Maria a Vico	MC5R-M2Q	1519	3:1:3QSQ-G97N-3JXB	Nati, pubblicazioni, matrimoni, morti, cittadinanze 1866-1878 Nati, pubblicazioni, matrimoni 1879
Santa Maria a Vico	MC5R-M2Q	1520	3:1:3QSQ-G97N-3J6F	Nati, pubblicazioni, matrimoni, morti, cittadinanze 1866-1878 Nati, pubblicazioni, matrimoni 1879
Santa Maria a Vico	MC5R-M2Q	1521	3:1:3QS7-997N-3JD1	Nati, pubblicazioni, matrimoni, morti, cittadinanze 1866-1878 Nati, pubblicazioni, matrimoni 1879
Santa Maria a Vico	MC5R-M2Q	1522	3:1:3QS7-897N-3JJZ	Nati, pubblicazioni, matrimoni, morti, cittadinanze 1866-1878 Nati, pubblicazioni, matrimoni 1879
Santa Maria a Vico	MC5R-M2Q	1523	3:1:3QS7-997N-3JXS	Nati, pubblicazioni, matrimoni, morti, cittadinanze 1866-1878 Nati, pubblicazioni, matrimoni 1879
Santa Maria a Vico	MC5R-M2Q	1524	3:1:3QSQ-G97N-3JNF	Nati, pubblicazioni, matrimoni, morti, cittadinanze 1866-1878 Nati, pubblicazioni, matrimoni 1879
Santa Maria a Vico	MC5R-M2Q	1525	3:1:3QS7-897N-3J8H	Nati, pubblicazioni, matrimoni, morti, cittadinanze 1866-1878 Nati, pubblicazioni, matrimoni 1879
Santa Maria a Vico	MC5R-M2Q	1526	3:1:3QS7-997N-3JV9	Nati, pubblicazioni, matrimoni, morti, cittadinanze 1866-1878 Nati, pubblicazioni, matrimoni 1879
Santa Maria a Vico	MC5R-M2Q	1527	3:1:3QS7-897N-3J6J	Nati, pubblicazioni, matrimoni, morti, cittadinanze 1866-1878 Nati, pubblicazioni, matrimoni 1879
Santa Maria a Vico	MC5R-M2Q	1528	3:1:3QS7-L97N-3J4W	Nati, pubblicazioni, matrimoni, morti, cittadinanze 1866-1878 Nati, pubblicazioni, matrimoni 1879
Santa Maria a Vico	MC5R-M2Q	1529	3:1:3QS7-897N-3J84	Nati, pubblicazioni, matrimoni, morti, cittadinanze 1866-1878 Nati, pubblicazioni, matrimoni 1879
Santa Maria a Vico	MC5R-M2Q	1530	3:1:3QSQ-G97N-3JF4	Nati, pubblicazioni, matrimoni, morti, cittadinanze 1866-1878 Nati, pubblicazioni, matrimoni 1879
Santa Maria a Vico	MC5R-M2Q	1531	3:1:3QS7-997N-3JZD	Nati, pubblicazioni, matrimoni, morti, cittadinanze 1866-1878 Nati, pubblicazioni, matrimoni 1879
Santa Maria a Vico	MC5R-M2Q	1532	3:1:3QS7-997N-3JDD	Nati, pubblicazioni, matrimoni, morti, cittadinanze 1866-1878 Nati, pubblicazioni, matrimoni 1879
Santa Maria a Vico	MC5R-M2Q	1533	3:1:3QS7-L97N-3JZ4	Nati, pubblicazioni, matrimoni, morti, cittadinanze 1866-1878 Nati, pubblicazioni, matrimoni 1879
Santa Maria a Vico	MC5R-M2Q	1534	3:1:3QS7-997N-3JDM	Nati, pubblicazioni, matrimoni, morti, cittadinanze 1866-1878 Nati, pubblicazioni, matrimoni 1879
Santa Maria a Vico	MC5R-M2Q	1535	3:1:3QS7-897N-3JZS	Nati, pubblicazioni, matrimoni, morti, cittadinanze 1866-1878 Nati, pubblicazioni, matrimoni 1879
Santa Maria a Vico	MC5R-M2Q	1536	3:1:3QS7-997N-3JFN	Nati, pubblicazioni, matrimoni, morti, cittadinanze 1866-1878 Nati, pubblicazioni, matrimoni 1879
Santa Maria a Vico	MC5R-M2Q	1537	3:1:3QS7-997N-3JZB	Nati, pubblicazioni, matrimoni, morti, cittadinanze 1866-1878 Nati, pubblicazioni, matrimoni 1879
Santa Maria a Vico	MC5R-M2Q	1538	3:1:3QS7-997N-3JZZ	Nati, pubblicazioni, matrimoni, morti, cittadinanze 1866-1878 Nati, pubblicazioni, matrimoni 1879
Santa Maria a Vico	MC5R-M2Q	1539	3:1:3QSQ-G97N-3JV8	Nati, pubblicazioni, matrimoni, morti, cittadinanze 1866-1878 Nati, pubblicazioni, matrimoni 1879
Santa Maria a Vico	MC5R-M2Q	1540	3:1:3QS7-L97N-3JWM	Nati, pubblicazioni, matrimoni, morti, cittadinanze 1866-1878 Nati, pubblicazioni, matrimoni 1879
Santa Maria a Vico	MC5R-M2Q	1541	3:1:3QS7-897N-3JC8	Nati, pubblicazioni, matrimoni, morti, cittadinanze 1866-1878 Nati, pubblicazioni, matrimoni 1879
Santa Maria a Vico	MC5R-M2Q	1542	3:1:3QS7-L97N-3J49	Nati, pubblicazioni, matrimoni, morti, cittadinanze 1866-1878 Nati, pubblicazioni, matrimoni 1879
Santa Maria a Vico	MC5R-M2Q	1543	3:1:3QS7-L97N-3JDY	Nati, pubblicazioni, matrimoni, morti, cittadinanze 1866-1878 Nati, pubblicazioni, matrimoni 1879
Santa Maria a Vico	MC5R-M2Q	1544	3:1:3QS7-897N-3JFW	Nati, pubblicazioni, matrimoni, morti, cittadinanze 1866-1878 Nati, pubblicazioni, matrimoni 1879
Santa Maria a Vico	MC5R-M2Q	1545	3:1:3QS7-L97N-3JHG	Nati, pubblicazioni, matrimoni, morti, cittadinanze 1866-1878 Nati, pubblicazioni, matrimoni 1879
Santa Maria a Vico	MC5R-M2Q	1546	3:1:3QS7-L97N-3JCZ	Nati, pubblicazioni, matrimoni, morti, cittadinanze 1866-1878 Nati, pubblicazioni, matrimoni 1879
Santa Maria a Vico	MC5R-M2Q	1547	3:1:3QSQ-G97N-3JCY	Nati, pubblicazioni, matrimoni, morti, cittadinanze 1866-1878 Nati, pubblicazioni, matrimoni 1879
Santa Maria a Vico	MC5R-M2Q	1548	3:1:3QS7-997N-3J65	Nati, pubblicazioni, matrimoni, morti, cittadinanze 1866-1878 Nati, pubblicazioni, matrimoni 1879
Santa Maria a Vico	MC5R-M2Q	1549	3:1:3QS7-897N-3JXD	Nati, pubblicazioni, matrimoni, morti, cittadinanze 1866-1878 Nati, pubblicazioni, matrimoni 1879
Santa Maria a Vico	MC5R-M2Q	1550	3:1:3QS7-L97N-3J89	Nati, pubblicazioni, matrimoni, morti, cittadinanze 1866-1878 Nati, pubblicazioni, matrimoni 1879
Santa Maria a Vico	MC5R-M2Q	1551	3:1:3QSQ-G97N-3J6H	Nati, pubblicazioni, matrimoni, morti, cittadinanze 1866-1878 Nati, pubblicazioni, matrimoni 1879
Santa Maria a Vico	MC5R-M2Q	1552	3:1:3QSQ-G97N-3JNL	Nati, pubblicazioni, matrimoni, morti, cittadinanze 1866-1878 Nati, pubblicazioni, matrimoni 1879
Santa Maria a Vico	MC5R-M2Q	1553	3:1:3QS7-897N-3J4X	Nati, pubblicazioni, matrimoni, morti, cittadinanze 1866-1878 Nati, pubblicazioni, matrimoni 1879
Santa Maria a Vico	MC5R-M2Q	1554	3:1:3QSQ-G97N-3J74	Nati, pubblicazioni, matrimoni, morti, cittadinanze 1866-1878 Nati, pubblicazioni, matrimoni 1879
Santa Maria a Vico	MC5R-M2Q	1555	3:1:3QS7-897N-3JQ2	Nati, pubblicazioni, matrimoni, morti, cittadinanze 1866-1878 Nati, pubblicazioni, matrimoni 1879
Santa Maria a Vico	MC5R-M2Q	1556	3:1:3QS7-997N-3JCK	Nati, pubblicazioni, matrimoni, morti, cittadinanze 1866-1878 Nati, pubblicazioni, matrimoni 1879
Santa Maria a Vico	MC5R-M2Q	1557	3:1:3QS7-897N-3JF8	Nati, pubblicazioni, matrimoni, morti, cittadinanze 1866-1878 Nati, pubblicazioni, matrimoni 1879
Santa Maria a Vico	MC5R-M2Q	1558	3:1:3QS7-897N-3J66	Nati, pubblicazioni, matrimoni, morti, cittadinanze 1866-1878 Nati, pubblicazioni, matrimoni 1879
Santa Maria a Vico	MC5R-M2Q	1559	3:1:3QS7-997N-3JHG	Nati, pubblicazioni, matrimoni, morti, cittadinanze 1866-1878 Nati, pubblicazioni, matrimoni 1879
Santa Maria a Vico	MC5R-M2Q	1560	3:1:3QS7-L97N-3JCM	Nati, pubblicazioni, matrimoni, morti, cittadinanze 1866-1878 Nati, pubblicazioni, matrimoni 1879
Santa Maria a Vico	MC5R-M2Q	1561	3:1:3QS7-L97N-3J4L	Nati, pubblicazioni, matrimoni, morti, cittadinanze 1866-1878 Nati, pubblicazioni, matrimoni 1879
Santa Maria a Vico	MC5R-M2Q	1562	3:1:3QSQ-G97N-3JDL	Nati, pubblicazioni, matrimoni, morti, cittadinanze 1866-1878 Nati, pubblicazioni, matrimoni 1879
Santa Maria a Vico	MC5R-M2Q	1563	3:1:3QS7-897N-3JZV	Nati, pubblicazioni, matrimoni, morti, cittadinanze 1866-1878 Nati, pubblicazioni, matrimoni 1879
Santa Maria a Vico	MC5R-M2Q	1564	3:1:3QS7-997N-3JZV	Nati, pubblicazioni, matrimoni, morti, cittadinanze 1866-1878 Nati, pubblicazioni, matrimoni 1879
Santa Maria a Vico	MC5R-M2Q	1565	3:1:3QS7-897N-3J8B	Nati, pubblicazioni, matrimoni, morti, cittadinanze 1866-1878 Nati, pubblicazioni, matrimoni 1879
Santa Maria a Vico	MC5R-M2Q	1566	3:1:3QS7-997N-3JCH	Nati, pubblicazioni, matrimoni, morti, cittadinanze 1866-1878 Nati, pubblicazioni, matrimoni 1879
Santa Maria a Vico	MC5R-M2Q	1567	3:1:3QS7-L97N-3JQL	Nati, pubblicazioni, matrimoni, morti, cittadinanze 1866-1878 Nati, pubblicazioni, matrimoni 1879
Santa Maria a Vico	MC5R-M2Q	1568	3:1:3QS7-997N-3JHV	Nati, pubblicazioni, matrimoni, morti, cittadinanze 1866-1878 Nati, pubblicazioni, matrimoni 1879
Santa Maria a Vico	MC5R-M2Q	1569	3:1:3QSQ-G97N-3JHJ	Nati, pubblicazioni, matrimoni, morti, cittadinanze 1866-1878 Nati, pubblicazioni, matrimoni 1879
Santa Maria a Vico	MC5R-M2Q	1570	3:1:3QS7-897N-3JC1	Nati, pubblicazioni, matrimoni, morti, cittadinanze 1866-1878 Nati, pubblicazioni, matrimoni 1879
Santa Maria a Vico	MC5R-M2Q	1571	3:1:3QSQ-G97N-3J41	Nati, pubblicazioni, matrimoni, morti, cittadinanze 1866-1878 Nati, pubblicazioni, matrimoni 1879
Santa Maria a Vico	MC5R-M2Q	1572	3:1:3QS7-897N-3J4K	Nati, pubblicazioni, matrimoni, morti, cittadinanze 1866-1878 Nati, pubblicazioni, matrimoni 1879
Santa Maria a Vico	MC5R-M2Q	1573	3:1:3QS7-L97N-3J3V	Nati, pubblicazioni, matrimoni, morti, cittadinanze 1866-1878 Nati, pubblicazioni, matrimoni 1879
Santa Maria a Vico	MC5R-M2Q	1574	3:1:3QS7-L97N-3JWF	Nati, pubblicazioni, matrimoni, morti, cittadinanze 1866-1878 Nati, pubblicazioni, matrimoni 1879
Santa Maria a Vico	MC5R-M2Q	1575	3:1:3QS7-897N-3JCM	Nati, pubblicazioni, matrimoni, morti, cittadinanze 1866-1878 Nati, pubblicazioni, matrimoni 1879
Santa Maria a Vico	MC5R-M2Q	1576	3:1:3QSQ-G97N-3JZH	Nati, pubblicazioni, matrimoni, morti, cittadinanze 1866-1878 Nati, pubblicazioni, matrimoni 1879
Santa Maria a Vico	MC5R-M2Q	1577	3:1:3QSQ-G97N-3J8T	Nati, pubblicazioni, matrimoni, morti, cittadinanze 1866-1878 Nati, pubblicazioni, matrimoni 1879
Santa Maria a Vico	MC5R-M2Q	1578	3:1:3QS7-997N-3J45	Nati, pubblicazioni, matrimoni, morti, cittadinanze 1866-1878 Nati, pubblicazioni, matrimoni 1879
Santa Maria a Vico	MC5R-M2Q	1579	3:1:3QS7-897N-3JH6	Nati, pubblicazioni, matrimoni, morti, cittadinanze 1866-1878 Nati, pubblicazioni, matrimoni 1879
Santa Maria a Vico	MC5R-M2Q	1580	3:1:3QS7-L97N-3JWG	Nati, pubblicazioni, matrimoni, morti, cittadinanze 1866-1878 Nati, pubblicazioni, matrimoni 1879
Santa Maria a Vico	MC5R-M2Q	1581	3:1:3QS7-897N-3JHR	Nati, pubblicazioni, matrimoni, morti, cittadinanze 1866-1878 Nati, pubblicazioni, matrimoni 1879
Santa Maria a Vico	MC5R-M2Q	1582	3:1:3QSQ-G97N-3JH2	Nati, pubblicazioni, matrimoni, morti, cittadinanze 1866-1878 Nati, pubblicazioni, matrimoni 1879
Santa Maria a Vico	MC5R-M2Q	1583	3:1:3QS7-997N-3J47	Nati, pubblicazioni, matrimoni, morti, cittadinanze 1866-1878 Nati, pubblicazioni, matrimoni 1879
Santa Maria a Vico	MC5R-M2Q	1584	3:1:3QS7-897N-3JZZ	Nati, pubblicazioni, matrimoni, morti, cittadinanze 1866-1878 Nati, pubblicazioni, matrimoni 1879
Santa Maria a Vico	MC5R-M2Q	1585	3:1:3QSQ-G97N-3JCN	Nati, pubblicazioni, matrimoni, morti, cittadinanze 1866-1878 Nati, pubblicazioni, matrimoni 1879
Santa Maria a Vico	MC5R-M2Q	1586	3:1:3QS7-L97N-3J4C	Nati, pubblicazioni, matrimoni, morti, cittadinanze 1866-1878 Nati, pubblicazioni, matrimoni 1879
Santa Maria a Vico	MC5R-M2Q	1587	3:1:3QS7-997N-3JZW	Nati, pubblicazioni, matrimoni, morti, cittadinanze 1866-1878 Nati, pubblicazioni, matrimoni 1879
Santa Maria a Vico	MC5R-M2Q	1588	3:1:3QS7-897N-3JHZ	Nati, pubblicazioni, matrimoni, morti, cittadinanze 1866-1878 Nati, pubblicazioni, matrimoni 1879
Santa Maria a Vico	MC5R-M2Q	1589	3:1:3QS7-897N-3JHN	Nati, pubblicazioni, matrimoni, morti, cittadinanze 1866-1878 Nati, pubblicazioni, matrimoni 1879
Santa Maria a Vico	MC5R-M2Q	1590	3:1:3QS7-L97N-3N1Z	Nati, pubblicazioni, matrimoni, morti, cittadinanze 1866-1878 Nati, pubblicazioni, matrimoni 1879
Santa Maria a Vico	MC5R-M2Q	1591	3:1:3QSQ-G97N-3J45	Nati, pubblicazioni, matrimoni, morti, cittadinanze 1866-1878 Nati, pubblicazioni, matrimoni 1879
Santa Maria a Vico	MC5R-M2Q	1592	3:1:3QS7-897N-3J7D	Nati, pubblicazioni, matrimoni, morti, cittadinanze 1866-1878 Nati, pubblicazioni, matrimoni 1879
Santa Maria a Vico	MC5R-M2Q	1593	3:1:3QS7-L97N-3J77	Nati, pubblicazioni, matrimoni, morti, cittadinanze 1866-1878 Nati, pubblicazioni, matrimoni 1879
Santa Maria a Vico	MC5R-M2Q	1594	3:1:3QS7-897N-3J8V	Nati, pubblicazioni, matrimoni, morti, cittadinanze 1866-1878 Nati, pubblicazioni, matrimoni 1879
Santa Maria a Vico	MC5R-M2Q	1595	3:1:3QS7-L97N-3JSG	Nati, pubblicazioni, matrimoni, morti, cittadinanze 1866-1878 Nati, pubblicazioni, matrimoni 1879
Santa Maria a Vico	MC5R-M2Q	1596	3:1:3QSQ-G97N-3J75	Nati, pubblicazioni, matrimoni, morti, cittadinanze 1866-1878 Nati, pubblicazioni, matrimoni 1879
Santa Maria a Vico	MC5R-M2Q	1597	3:1:3QSQ-G97N-3JW4	Nati, pubblicazioni, matrimoni, morti, cittadinanze 1866-1878 Nati, pubblicazioni, matrimoni 1879
Santa Maria a Vico	MC5R-M2Q	1598	3:1:3QS7-L97N-3J95	Nati, pubblicazioni, matrimoni, morti, cittadinanze 1866-1878 Nati, pubblicazioni, matrimoni 1879
Santa Maria a Vico	MC5R-M2Q	1599	3:1:3QS7-L97N-3J78	Nati, pubblicazioni, matrimoni, morti, cittadinanze 1866-1878 Nati, pubblicazioni, matrimoni 1879
Santa Maria a Vico	MC5R-M2Q	1600	3:1:3QS7-997N-3JHS	Nati, pubblicazioni, matrimoni, morti, cittadinanze 1866-1878 Nati, pubblicazioni, matrimoni 1879
Santa Maria a Vico	MC5R-M2Q	1601	3:1:3QS7-897N-3JCZ	Nati, pubblicazioni, matrimoni, morti, cittadinanze 1866-1878 Nati, pubblicazioni, matrimoni 1879
Santa Maria a Vico	MC5R-M2Q	1602	3:1:3QS7-997N-3J44	Nati, pubblicazioni, matrimoni, morti, cittadinanze 1866-1878 Nati, pubblicazioni, matrimoni 1879
Santa Maria a Vico	MC5R-M2Q	1603	3:1:3QS7-L97N-3JM6	Nati, pubblicazioni, matrimoni, morti, cittadinanze 1866-1878 Nati, pubblicazioni, matrimoni 1879
Santa Maria a Vico	MC5R-M2Q	1604	3:1:3QS7-897N-3J4J	Nati, pubblicazioni, matrimoni, morti, cittadinanze 1866-1878 Nati, pubblicazioni, matrimoni 1879
Santa Maria a Vico	MC5R-M2Q	1605	3:1:3QS7-L97N-3JQR	Nati, pubblicazioni, matrimoni, morti, cittadinanze 1866-1878 Nati, pubblicazioni, matrimoni 1879
Santa Maria a Vico	MC5R-M2Q	1606	3:1:3QS7-L97N-3JQC	Nati, pubblicazioni, matrimoni, morti, cittadinanze 1866-1878 Nati, pubblicazioni, matrimoni 1879
Santa Maria a Vico	MC5R-M2Q	1607	3:1:3QS7-997N-3JMN	Nati, pubblicazioni, matrimoni, morti, cittadinanze 1866-1878 Nati, pubblicazioni, matrimoni 1879
Santa Maria a Vico	MC5R-M2Q	1608	3:1:3QS7-897N-3J45	Nati, pubblicazioni, matrimoni, morti, cittadinanze 1866-1878 Nati, pubblicazioni, matrimoni 1879
Santa Maria a Vico	MC5R-M2Q	1609	3:1:3QS7-897N-3JQ7	Nati, pubblicazioni, matrimoni, morti, cittadinanze 1866-1878 Nati, pubblicazioni, matrimoni 1879
Santa Maria a Vico	MC5R-M2Q	1610	3:1:3QSQ-G97N-3J7F	Nati, pubblicazioni, matrimoni, morti, cittadinanze 1866-1878 Nati, pubblicazioni, matrimoni 1879
Santa Maria a Vico	MC5R-M2Q	1611	3:1:3QSQ-G97N-3JWJ	Nati, pubblicazioni, matrimoni, morti, cittadinanze 1866-1878 Nati, pubblicazioni, matrimoni 1879
Santa Maria a Vico	MC5R-M2Q	1612	3:1:3QS7-L97N-3J3B	Nati, pubblicazioni, matrimoni, morti, cittadinanze 1866-1878 Nati, pubblicazioni, matrimoni 1879
Santa Maria a Vico	MC5R-M2Q	1613	3:1:3QS7-997N-3JQN	Nati, pubblicazioni, matrimoni, morti, cittadinanze 1866-1878 Nati, pubblicazioni, matrimoni 1879
Santa Maria a Vico	MC5R-M2Q	1614	3:1:3QSQ-G97N-3JH3	Nati, pubblicazioni, matrimoni, morti, cittadinanze 1866-1878 Nati, pubblicazioni, matrimoni 1879
Santa Maria a Vico	MC5R-M2Q	1615	3:1:3QS7-897N-3JS3	Nati, pubblicazioni, matrimoni, morti, cittadinanze 1866-1878 Nati, pubblicazioni, matrimoni 1879
Santa Maria a Vico	MC5R-M2Q	1616	3:1:3QS7-897N-3J4S	Nati, pubblicazioni, matrimoni, morti, cittadinanze 1866-1878 Nati, pubblicazioni, matrimoni 1879
Santa Maria a Vico	MC5R-M2Q	1617	3:1:3QS7-997N-3JQY	Nati, pubblicazioni, matrimoni, morti, cittadinanze 1866-1878 Nati, pubblicazioni, matrimoni 1879
Santa Maria a Vico	MC5R-M2Q	1618	3:1:3QSQ-G97N-3J7V	Nati, pubblicazioni, matrimoni, morti, cittadinanze 1866-1878 Nati, pubblicazioni, matrimoni 1879
Santa Maria a Vico	MC5R-M2Q	1619	3:1:3QS7-897N-3JXZ	Nati, pubblicazioni, matrimoni, morti, cittadinanze 1866-1878 Nati, pubblicazioni, matrimoni 1879
Santa Maria a Vico	MC5R-M2Q	1620	3:1:3QS7-997N-3JC4	Nati, pubblicazioni, matrimoni, morti, cittadinanze 1866-1878 Nati, pubblicazioni, matrimoni 1879
Santa Maria a Vico	MC5R-M2Q	1621	3:1:3QSQ-G97N-3JW2	Nati, pubblicazioni, matrimoni, morti, cittadinanze 1866-1878 Nati, pubblicazioni, matrimoni 1879
Santa Maria a Vico	MC5R-M2Q	1622	3:1:3QS7-997N-3JS5	Nati, pubblicazioni, matrimoni, morti, cittadinanze 1866-1878 Nati, pubblicazioni, matrimoni 1879
Santa Maria a Vico	MC5R-M2Q	1623	3:1:3QS7-L97N-3JQT	Nati, pubblicazioni, matrimoni, morti, cittadinanze 1866-1878 Nati, pubblicazioni, matrimoni 1879
Santa Maria a Vico	MC5R-M2Q	1624	3:1:3QS7-997N-3J4K	Nati, pubblicazioni, matrimoni, morti, cittadinanze 1866-1878 Nati, pubblicazioni, matrimoni 1879
Santa Maria a Vico	MC5R-M2Q	1625	3:1:3QS7-L97N-3JSY	Nati, pubblicazioni, matrimoni, morti, cittadinanze 1866-1878 Nati, pubblicazioni, matrimoni 1879
Santa Maria a Vico	MC5R-M2Q	1626	3:1:3QS7-L97N-3J3F	Nati, pubblicazioni, matrimoni, morti, cittadinanze 1866-1878 Nati, pubblicazioni, matrimoni 1879
Santa Maria a Vico	MC5R-M2Q	1627	3:1:3QS7-897N-3J47	Nati, pubblicazioni, matrimoni, morti, cittadinanze 1866-1878 Nati, pubblicazioni, matrimoni 1879
Santa Maria a Vico	MC5R-M2Q	1628	3:1:3QSQ-G97N-3JST	Nati, pubblicazioni, matrimoni, morti, cittadinanze 1866-1878 Nati, pubblicazioni, matrimoni 1879
Santa Maria a Vico	MC5R-M2Q	1629	3:1:3QS7-997N-3J8T	Nati, pubblicazioni, matrimoni, morti, cittadinanze 1866-1878 Nati, pubblicazioni, matrimoni 1879
Santa Maria a Vico	MC5R-M2Q	1630	3:1:3QS7-997N-3J91	Nati, pubblicazioni, matrimoni, morti, cittadinanze 1866-1878 Nati, pubblicazioni, matrimoni 1879
Santa Maria a Vico	MC5R-M2Q	1631	3:1:3QS7-L97N-3NBD	Nati, pubblicazioni, matrimoni, morti, cittadinanze 1866-1878 Nati, pubblicazioni, matrimoni 1879
Santa Maria a Vico	MC5R-M2Q	1632	3:1:3QS7-897N-3JQ9	Nati, pubblicazioni, matrimoni, morti, cittadinanze 1866-1878 Nati, pubblicazioni, matrimoni 1879
Santa Maria a Vico	MC5R-M2Q	1633	3:1:3QS7-997N-3JSY	Nati, pubblicazioni, matrimoni, morti, cittadinanze 1866-1878 Nati, pubblicazioni, matrimoni 1879
Santa Maria a Vico	MC5R-M2Q	1634	3:1:3QS7-997N-3J35	Nati, pubblicazioni, matrimoni, morti, cittadinanze 1866-1878 Nati, pubblicazioni, matrimoni 1879
Santa Maria a Vico	MC5R-M2Q	1635	3:1:3QS7-897N-3JM2	Nati, pubblicazioni, matrimoni, morti, cittadinanze 1866-1878 Nati, pubblicazioni, matrimoni 1879
Santa Maria a Vico	MC5R-M2Q	1636	3:1:3QS7-997N-3JSQ	Nati, pubblicazioni, matrimoni, morti, cittadinanze 1866-1878 Nati, pubblicazioni, matrimoni 1879
Santa Maria a Vico	MC5R-M2Q	1637	3:1:3QSQ-G97N-3J38	Nati, pubblicazioni, matrimoni, morti, cittadinanze 1866-1878 Nati, pubblicazioni, matrimoni 1879
Santa Maria a Vico	MC5R-M2Q	1638	3:1:3QS7-997N-3JSN	Nati, pubblicazioni, matrimoni, morti, cittadinanze 1866-1878 Nati, pubblicazioni, matrimoni 1879
Santa Maria a Vico	MC5R-M2Q	1639	3:1:3QSQ-G97N-3J3S	Nati, pubblicazioni, matrimoni, morti, cittadinanze 1866-1878 Nati, pubblicazioni, matrimoni 1879
Santa Maria a Vico	MC5R-M2Q	1640	3:1:3QSQ-G97N-3J34	Nati, pubblicazioni, matrimoni, morti, cittadinanze 1866-1878 Nati, pubblicazioni, matrimoni 1879
Santa Maria a Vico	MC5R-M2Q	1641	3:1:3QS7-L97N-3NBB	Nati, pubblicazioni, matrimoni, morti, cittadinanze 1866-1878 Nati, pubblicazioni, matrimoni 1879
Santa Maria a Vico	MC5R-M2Q	1642	3:1:3QS7-L97N-3NBC	Nati, pubblicazioni, matrimoni, morti, cittadinanze 1866-1878 Nati, pubblicazioni, matrimoni 1879
Santa Maria a Vico	MC5R-M2Q	1643	3:1:3QS7-997N-3J9Y	Nati, pubblicazioni, matrimoni, morti, cittadinanze 1866-1878 Nati, pubblicazioni, matrimoni 1879
Santa Maria a Vico	MC5R-M2Q	1644	3:1:3QS7-997N-3J3B	Nati, pubblicazioni, matrimoni, morti, cittadinanze 1866-1878 Nati, pubblicazioni, matrimoni 1879
Santa Maria a Vico	MC5R-M2Q	1645	3:1:3QSQ-G97N-3J3R	Nati, pubblicazioni, matrimoni, morti, cittadinanze 1866-1878 Nati, pubblicazioni, matrimoni 1879
Santa Maria a Vico	MC5R-M2Q	1646	3:1:3QS7-997N-3J76	Nati, pubblicazioni, matrimoni, morti, cittadinanze 1866-1878 Nati, pubblicazioni, matrimoni 1879
Santa Maria a Vico	MC5R-M2Q	1647	3:1:3QSQ-G97N-3JMF	Nati, pubblicazioni, matrimoni, morti, cittadinanze 1866-1878 Nati, pubblicazioni, matrimoni 1879
Santa Maria a Vico	MC5R-M2Q	1648	3:1:3QS7-997N-3J9H	Nati, pubblicazioni, matrimoni, morti, cittadinanze 1866-1878 Nati, pubblicazioni, matrimoni 1879
Santa Maria a Vico	MC5R-M2Q	1649	3:1:3QSQ-G97N-3J3W	Nati, pubblicazioni, matrimoni, morti, cittadinanze 1866-1878 Nati, pubblicazioni, matrimoni 1879
Santa Maria a Vico	MC5R-M2Q	1650	3:1:3QS7-L97N-3NTR	Nati, pubblicazioni, matrimoni, morti, cittadinanze 1866-1878 Nati, pubblicazioni, matrimoni 1879
Santa Maria a Vico	MC5R-M2Q	1651	3:1:3QS7-L97N-3NTF	Nati, pubblicazioni, matrimoni, morti, cittadinanze 1866-1878 Nati, pubblicazioni, matrimoni 1879
Santa Maria a Vico	MC5R-M2Q	1652	3:1:3QS7-L97N-3JS7	Nati, pubblicazioni, matrimoni, morti, cittadinanze 1866-1878 Nati, pubblicazioni, matrimoni 1879
Santa Maria a Vico	MC5R-M2Q	1653	3:1:3QS7-897N-3JMV	Nati, pubblicazioni, matrimoni, morti, cittadinanze 1866-1878 Nati, pubblicazioni, matrimoni 1879
Santa Maria a Vico	MC5R-M2Q	1654	3:1:3QS7-997N-3JMC	Nati, pubblicazioni, matrimoni, morti, cittadinanze 1866-1878 Nati, pubblicazioni, matrimoni 1879
Santa Maria a Vico	MC5R-M2Q	1655	3:1:3QSQ-G97N-3J9B	Nati, pubblicazioni, matrimoni, morti, cittadinanze 1866-1878 Nati, pubblicazioni, matrimoni 1879
Santa Maria a Vico	MC5R-M2Q	1656	3:1:3QS7-897N-3J3C	Nati, pubblicazioni, matrimoni, morti, cittadinanze 1866-1878 Nati, pubblicazioni, matrimoni 1879
Santa Maria a Vico	MC5R-M2Q	1657	3:1:3QS7-997N-3JQ4	Nati, pubblicazioni, matrimoni, morti, cittadinanze 1866-1878 Nati, pubblicazioni, matrimoni 1879
Santa Maria a Vico	MC5R-M2Q	1658	3:1:3QS7-897N-3J7X	Nati, pubblicazioni, matrimoni, morti, cittadinanze 1866-1878 Nati, pubblicazioni, matrimoni 1879
Santa Maria a Vico	MC5R-M2Q	1659	3:1:3QS7-L97N-3NR2	Nati, pubblicazioni, matrimoni, morti, cittadinanze 1866-1878 Nati, pubblicazioni, matrimoni 1879
Santa Maria a Vico	MC5R-M2Q	1660	3:1:3QSQ-G97N-3N18	Nati, pubblicazioni, matrimoni, morti, cittadinanze 1866-1878 Nati, pubblicazioni, matrimoni 1879
Santa Maria a Vico	MC5R-M2Q	1661	3:1:3QS7-897N-3JSV	Nati, pubblicazioni, matrimoni, morti, cittadinanze 1866-1878 Nati, pubblicazioni, matrimoni 1879
Santa Maria a Vico	MC5R-M2Q	1662	3:1:3QS7-997N-3NBZ	Nati, pubblicazioni, matrimoni, morti, cittadinanze 1866-1878 Nati, pubblicazioni, matrimoni 1879
Santa Maria a Vico	MC5R-M2Q	1663	3:1:3QSQ-G97N-3JMY	Nati, pubblicazioni, matrimoni, morti, cittadinanze 1866-1878 Nati, pubblicazioni, matrimoni 1879
Santa Maria a Vico	MC5R-M2Q	1664	3:1:3QS7-L97N-3JMC	Nati, pubblicazioni, matrimoni, morti, cittadinanze 1866-1878 Nati, pubblicazioni, matrimoni 1879
Santa Maria a Vico	MC5R-M2Q	1665	3:1:3QS7-L97N-3N1K	Nati, pubblicazioni, matrimoni, morti, cittadinanze 1866-1878 Nati, pubblicazioni, matrimoni 1879
Santa Maria a Vico	MC5R-M2Q	1666	3:1:3QS7-897N-3J77	Nati, pubblicazioni, matrimoni, morti, cittadinanze 1866-1878 Nati, pubblicazioni, matrimoni 1879
Santa Maria a Vico	MC5R-M2Q	1667	3:1:3QSQ-G97N-3N1D	Nati, pubblicazioni, matrimoni, morti, cittadinanze 1866-1878 Nati, pubblicazioni, matrimoni 1879
Santa Maria a Vico	MC5R-M2Q	1668	3:1:3QS7-897N-3JQR	Nati, pubblicazioni, matrimoni, morti, cittadinanze 1866-1878 Nati, pubblicazioni, matrimoni 1879
Santa Maria a Vico	MC5R-M2Q	1669	3:1:3QSQ-G97N-3JQP	Nati, pubblicazioni, matrimoni, morti, cittadinanze 1866-1878 Nati, pubblicazioni, matrimoni 1879
Santa Maria a Vico	MC5R-M2Q	1670	3:1:3QS7-997N-3NBS	Nati, pubblicazioni, matrimoni, morti, cittadinanze 1866-1878 Nati, pubblicazioni, matrimoni 1879
Santa Maria a Vico	MC5R-M2Q	1671	3:1:3QS7-L97N-3N5H	Nati, pubblicazioni, matrimoni, morti, cittadinanze 1866-1878 Nati, pubblicazioni, matrimoni 1879
Santa Maria a Vico	MC5R-M2Q	1672	3:1:3QS7-997N-3JS8	Nati, pubblicazioni, matrimoni, morti, cittadinanze 1866-1878 Nati, pubblicazioni, matrimoni 1879
Santa Maria a Vico	MC5R-M2Q	1673	3:1:3QS7-897N-3J3Z	Nati, pubblicazioni, matrimoni, morti, cittadinanze 1866-1878 Nati, pubblicazioni, matrimoni 1879
Santa Maria a Vico	MC5R-M2Q	1674	3:1:3QS7-897N-3J3T	Nati, pubblicazioni, matrimoni, morti, cittadinanze 1866-1878 Nati, pubblicazioni, matrimoni 1879
Santa Maria a Vico	MC5R-M2Q	1675	3:1:3QS7-897N-3NTD	Nati, pubblicazioni, matrimoni, morti, cittadinanze 1866-1878 Nati, pubblicazioni, matrimoni 1879
Santa Maria a Vico	MC5R-M2Q	1676	3:1:3QS7-897N-3JQY	Nati, pubblicazioni, matrimoni, morti, cittadinanze 1866-1878 Nati, pubblicazioni, matrimoni 1879
Santa Maria a Vico	MC5R-M2Q	1677	3:1:3QS7-897N-3JQX	Nati, pubblicazioni, matrimoni, morti, cittadinanze 1866-1878 Nati, pubblicazioni, matrimoni 1879
Santa Maria a Vico	MC5R-M2Q	1678	3:1:3QS7-897N-3JQD	Nati, pubblicazioni, matrimoni, morti, cittadinanze 1866-1878 Nati, pubblicazioni, matrimoni 1879
Santa Maria a Vico	MC5R-M2Q	1679	3:1:3QS7-897N-3J35	Nati, pubblicazioni, matrimoni, morti, cittadinanze 1866-1878 Nati, pubblicazioni, matrimoni 1879
Santa Maria a Vico	MC5R-M2Q	1680	3:1:3QS7-L97N-3NT4	Nati, pubblicazioni, matrimoni, morti, cittadinanze 1866-1878 Nati, pubblicazioni, matrimoni 1879
Santa Maria a Vico	MC5R-M2Q	1681	3:1:3QS7-L97N-3NRF	Nati, pubblicazioni, matrimoni, morti, cittadinanze 1866-1878 Nati, pubblicazioni, matrimoni 1879
Santa Maria a Vico	MC5R-M2Q	1682	3:1:3QSQ-G97N-3J9K	Nati, pubblicazioni, matrimoni, morti, cittadinanze 1866-1878 Nati, pubblicazioni, matrimoni 1879
Santa Maria a Vico	MC5R-M2Q	1683	3:1:3QS7-L97N-3N5V	Nati, pubblicazioni, matrimoni, morti, cittadinanze 1866-1878 Nati, pubblicazioni, matrimoni 1879
Santa Maria a Vico	MC5R-M2Q	1684	3:1:3QSQ-G97N-3NBN	Nati, pubblicazioni, matrimoni, morti, cittadinanze 1866-1878 Nati, pubblicazioni, matrimoni 1879
Santa Maria a Vico	MC5R-M2Q	1685	3:1:3QS7-L97N-3NVF	Nati, pubblicazioni, matrimoni, morti, cittadinanze 1866-1878 Nati, pubblicazioni, matrimoni 1879
Santa Maria a Vico	MC5R-M2Q	1686	3:1:3QS7-897N-3NY5	Nati, pubblicazioni, matrimoni, morti, cittadinanze 1866-1878 Nati, pubblicazioni, matrimoni 1879
Santa Maria a Vico	MC5R-M2Q	1687	3:1:3QS7-L97N-3NL3	Nati, pubblicazioni, matrimoni, morti, cittadinanze 1866-1878 Nati, pubblicazioni, matrimoni 1879
Santa Maria a Vico	MC5R-M2Q	1688	3:1:3QSQ-G97N-3JM9	Nati, pubblicazioni, matrimoni, morti, cittadinanze 1866-1878 Nati, pubblicazioni, matrimoni 1879
Santa Maria a Vico	MC5R-M2Q	1689	3:1:3QS7-997N-3NBX	Nati, pubblicazioni, matrimoni, morti, cittadinanze 1866-1878 Nati, pubblicazioni, matrimoni 1879
Santa Maria a Vico	MC5R-M2Q	1690	3:1:3QS7-997N-3NBW	Nati, pubblicazioni, matrimoni, morti, cittadinanze 1866-1878 Nati, pubblicazioni, matrimoni 1879
Santa Maria a Vico	MC5R-M2Q	1691	3:1:3QS7-897N-3NTH	Nati, pubblicazioni, matrimoni, morti, cittadinanze 1866-1878 Nati, pubblicazioni, matrimoni 1879
Santa Maria a Vico	MC5R-M2Q	1692	3:1:3QSQ-G97N-3NY1	Nati, pubblicazioni, matrimoni, morti, cittadinanze 1866-1878 Nati, pubblicazioni, matrimoni 1879
Santa Maria a Vico	MC5R-M2Q	1693	3:1:3QSQ-G97N-3J7Y	Nati, pubblicazioni, matrimoni, morti, cittadinanze 1866-1878 Nati, pubblicazioni, matrimoni 1879
Santa Maria a Vico	MC5R-M2Q	1694	3:1:3QS7-L97N-3NLV	Nati, pubblicazioni, matrimoni, morti, cittadinanze 1866-1878 Nati, pubblicazioni, matrimoni 1879
Santa Maria a Vico	MC5R-M2Q	1695	3:1:3QSQ-G97N-3N1Z	Nati, pubblicazioni, matrimoni, morti, cittadinanze 1866-1878 Nati, pubblicazioni, matrimoni 1879
Santa Maria a Vico	MC5R-M2Q	1696	3:1:3QS7-L97N-3NNT	Nati, pubblicazioni, matrimoni, morti, cittadinanze 1866-1878 Nati, pubblicazioni, matrimoni 1879
Santa Maria a Vico	MC5R-M2Q	1697	3:1:3QS7-997N-3N2G	Nati, pubblicazioni, matrimoni, morti, cittadinanze 1866-1878 Nati, pubblicazioni, matrimoni 1879
Santa Maria a Vico	MC5R-M2Q	1698	3:1:3QS7-997N-3NT8	Nati, pubblicazioni, matrimoni, morti, cittadinanze 1866-1878 Nati, pubblicazioni, matrimoni 1879
Santa Maria a Vico	MC5R-M2Q	1699	3:1:3QSQ-G97N-3N1K	Nati, pubblicazioni, matrimoni, morti, cittadinanze 1866-1878 Nati, pubblicazioni, matrimoni 1879
Santa Maria a Vico	MC5R-M2Q	1700	3:1:3QS7-997N-3NY2	Nati, pubblicazioni, matrimoni, morti, cittadinanze 1866-1878 Nati, pubblicazioni, matrimoni 1879
Santa Maria a Vico	MC5R-M2Q	1701	3:1:3QS7-897N-3JMQ	Nati, pubblicazioni, matrimoni, morti, cittadinanze 1866-1878 Nati, pubblicazioni, matrimoni 1879
Santa Maria a Vico	MC5R-M2Q	1702	3:1:3QS7-897N-3NR8	Nati, pubblicazioni, matrimoni, morti, cittadinanze 1866-1878 Nati, pubblicazioni, matrimoni 1879
Santa Maria a Vico	MC5R-M2Q	1703	3:1:3QS7-L97N-3NL1	Nati, pubblicazioni, matrimoni, morti, cittadinanze 1866-1878 Nati, pubblicazioni, matrimoni 1879
Santa Maria a Vico	MC5R-M2Q	1704	3:1:3QSQ-G97N-3NRG	Nati, pubblicazioni, matrimoni, morti, cittadinanze 1866-1878 Nati, pubblicazioni, matrimoni 1879
Santa Maria a Vico	MC5R-M2Q	1705	3:1:3QS7-897N-3NYZ	Nati, pubblicazioni, matrimoni, morti, cittadinanze 1866-1878 Nati, pubblicazioni, matrimoni 1879
Santa Maria a Vico	MC5R-M2Q	1706	3:1:3QS7-897N-3N13	Nati, pubblicazioni, matrimoni, morti, cittadinanze 1866-1878 Nati, pubblicazioni, matrimoni 1879
Santa Maria a Vico	MC5R-M2Q	1707	3:1:3QS7-L97N-3NR9	Nati, pubblicazioni, matrimoni, morti, cittadinanze 1866-1878 Nati, pubblicazioni, matrimoni 1879
Santa Maria a Vico	MC5R-M2Q	1708	3:1:3QS7-897N-3NR2	Nati, pubblicazioni, matrimoni, morti, cittadinanze 1866-1878 Nati, pubblicazioni, matrimoni 1879
Santa Maria a Vico	MC5R-M2Q	1709	3:1:3QS7-L97N-3NRG	Nati, pubblicazioni, matrimoni, morti, cittadinanze 1866-1878 Nati, pubblicazioni, matrimoni 1879
Santa Maria a Vico	MC5R-M2Q	1710	3:1:3QSQ-G97N-3NRF	Nati, pubblicazioni, matrimoni, morti, cittadinanze 1866-1878 Nati, pubblicazioni, matrimoni 1879
Santa Maria a Vico	MC5R-M2Q	1711	3:1:3QS7-L97N-3NN9	Nati, pubblicazioni, matrimoni, morti, cittadinanze 1866-1878 Nati, pubblicazioni, matrimoni 1879
Santa Maria a Vico	MC5R-M2Q	1712	3:1:3QS7-L97N-3NKR	Nati, pubblicazioni, matrimoni, morti, cittadinanze 1866-1878 Nati, pubblicazioni, matrimoni 1879
Santa Maria a Vico	MC5R-M2Q	1713	3:1:3QS7-L97N-3NVD	Nati, pubblicazioni, matrimoni, morti, cittadinanze 1866-1878 Nati, pubblicazioni, matrimoni 1879
Santa Maria a Vico	MC5R-M2Q	1714	3:1:3QS7-897N-3N5W	Nati, pubblicazioni, matrimoni, morti, cittadinanze 1866-1878 Nati, pubblicazioni, matrimoni 1879
Santa Maria a Vico	MC5R-M2Q	1715	3:1:3QS7-897N-3N5T	Nati, pubblicazioni, matrimoni, morti, cittadinanze 1866-1878 Nati, pubblicazioni, matrimoni 1879
Santa Maria a Vico	MC5R-M2Q	1716	3:1:3QS7-997N-3NTD	Nati, pubblicazioni, matrimoni, morti, cittadinanze 1866-1878 Nati, pubblicazioni, matrimoni 1879
Santa Maria a Vico	MC5R-M2Q	1717	3:1:3QS7-997N-3NYY	Nati, pubblicazioni, matrimoni, morti, cittadinanze 1866-1878 Nati, pubblicazioni, matrimoni 1879
Santa Maria a Vico	MC5R-M2Q	1718	3:1:3QS7-997N-3N22	Nati, pubblicazioni, matrimoni, morti, cittadinanze 1866-1878 Nati, pubblicazioni, matrimoni 1879
Santa Maria a Vico	MC5R-M2Q	1719	3:1:3QS7-997N-3NR6	Nati, pubblicazioni, matrimoni, morti, cittadinanze 1866-1878 Nati, pubblicazioni, matrimoni 1879
Santa Maria a Vico	MC5R-M2Q	1720	3:1:3QS7-L97N-3NVS	Nati, pubblicazioni, matrimoni, morti, cittadinanze 1866-1878 Nati, pubblicazioni, matrimoni 1879
Santa Maria a Vico	MC5R-M2Q	1721	3:1:3QS7-L97N-3NKT	Nati, pubblicazioni, matrimoni, morti, cittadinanze 1866-1878 Nati, pubblicazioni, matrimoni 1879
Santa Maria a Vico	MC5R-M2Q	1722	3:1:3QS7-L97N-3NGP	Nati, pubblicazioni, matrimoni, morti, cittadinanze 1866-1878 Nati, pubblicazioni, matrimoni 1879
Santa Maria a Vico	MC5R-M2Q	1723	3:1:3QS7-997N-3NYB	Nati, pubblicazioni, matrimoni, morti, cittadinanze 1866-1878 Nati, pubblicazioni, matrimoni 1879
Santa Maria a Vico	MC5R-M2Q	1724	3:1:3QSQ-G97N-3NTZ	Nati, pubblicazioni, matrimoni, morti, cittadinanze 1866-1878 Nati, pubblicazioni, matrimoni 1879
Santa Maria a Vico	MC5R-M2Q	1725	3:1:3QS7-997N-3NP6	Nati, pubblicazioni, matrimoni, morti, cittadinanze 1866-1878 Nati, pubblicazioni, matrimoni 1879
Santa Maria a Vico	MC5R-M2Q	1726	3:1:3QSQ-G97N-3NRK	Nati, pubblicazioni, matrimoni, morti, cittadinanze 1866-1878 Nati, pubblicazioni, matrimoni 1879
Santa Maria a Vico	MC5R-M2Q	1727	3:1:3QSQ-G97N-3N5Y	Nati, pubblicazioni, matrimoni, morti, cittadinanze 1866-1878 Nati, pubblicazioni, matrimoni 1879
Santa Maria a Vico	MC5R-M2Q	1728	3:1:3QSQ-G97N-3NR3	Nati, pubblicazioni, matrimoni, morti, cittadinanze 1866-1878 Nati, pubblicazioni, matrimoni 1879
Santa Maria a Vico	MC5R-M2Q	1729	3:1:3QSQ-G97N-3NR9	Nati, pubblicazioni, matrimoni, morti, cittadinanze 1866-1878 Nati, pubblicazioni, matrimoni 1879
Santa Maria a Vico	MC5R-M2Q	1730	3:1:3QS7-L97N-3NJR	Nati, pubblicazioni, matrimoni, morti, cittadinanze 1866-1878 Nati, pubblicazioni, matrimoni 1879
Santa Maria a Vico	MC5R-M2Q	1731	3:1:3QS7-L97N-3N2X	Nati, pubblicazioni, matrimoni, morti, cittadinanze 1866-1878 Nati, pubblicazioni, matrimoni 1879
Santa Maria a Vico	MC5R-M2Q	1732	3:1:3QS7-897N-3NPF	Nati, pubblicazioni, matrimoni, morti, cittadinanze 1866-1878 Nati, pubblicazioni, matrimoni 1879
Santa Maria a Vico	MC5R-M2Q	1733	3:1:3QSQ-G97N-3NGY	Nati, pubblicazioni, matrimoni, morti, cittadinanze 1866-1878 Nati, pubblicazioni, matrimoni 1879
Santa Maria a Vico	MC5R-M2Q	1734	3:1:3QS7-997N-3NGJ	Nati, pubblicazioni, matrimoni, morti, cittadinanze 1866-1878 Nati, pubblicazioni, matrimoni 1879
Santa Maria a Vico	MC5R-M2Q	1735	3:1:3QSQ-G97N-3NTJ	Nati, pubblicazioni, matrimoni, morti, cittadinanze 1866-1878 Nati, pubblicazioni, matrimoni 1879
Santa Maria a Vico	MC5R-M2Q	1736	3:1:3QS7-L97N-3NVR	Nati, pubblicazioni, matrimoni, morti, cittadinanze 1866-1878 Nati, pubblicazioni, matrimoni 1879
Santa Maria a Vico	MC5R-M2Q	1737	3:1:3QS7-897N-3NT3	Nati, pubblicazioni, matrimoni, morti, cittadinanze 1866-1878 Nati, pubblicazioni, matrimoni 1879
Santa Maria a Vico	MC5R-M2Q	1738	3:1:3QS7-997N-3NR5	Nati, pubblicazioni, matrimoni, morti, cittadinanze 1866-1878 Nati, pubblicazioni, matrimoni 1879
Santa Maria a Vico	MC5R-M2Q	1739	3:1:3QSQ-G97N-3N5H	Nati, pubblicazioni, matrimoni, morti, cittadinanze 1866-1878 Nati, pubblicazioni, matrimoni 1879
Santa Maria a Vico	MC5R-M2Q	1740	3:1:3QS7-L97N-3NNY	Nati, pubblicazioni, matrimoni, morti, cittadinanze 1866-1878 Nati, pubblicazioni, matrimoni 1879
Santa Maria a Vico	MC5R-M2Q	1741	3:1:3QSQ-G97N-3NGF	Nati, pubblicazioni, matrimoni, morti, cittadinanze 1866-1878 Nati, pubblicazioni, matrimoni 1879
Santa Maria a Vico	MC5R-M2Q	1742	3:1:3QSQ-G97N-3NYW	Nati, pubblicazioni, matrimoni, morti, cittadinanze 1866-1878 Nati, pubblicazioni, matrimoni 1879
Santa Maria a Vico	MC5R-M2Q	1743	3:1:3QS7-997N-3N5C	Nati, pubblicazioni, matrimoni, morti, cittadinanze 1866-1878 Nati, pubblicazioni, matrimoni 1879
Santa Maria a Vico	MC5R-M2Q	1744	3:1:3QS7-897N-3NRZ	Nati, pubblicazioni, matrimoni, morti, cittadinanze 1866-1878 Nati, pubblicazioni, matrimoni 1879
Santa Maria a Vico	MC5R-M2Q	1745	3:1:3QS7-997N-3NG1	Nati, pubblicazioni, matrimoni, morti, cittadinanze 1866-1878 Nati, pubblicazioni, matrimoni 1879
Santa Maria a Vico	MC5R-M2Q	1746	3:1:3QS7-997N-3NPT	Nati, pubblicazioni, matrimoni, morti, cittadinanze 1866-1878 Nati, pubblicazioni, matrimoni 1879
Santa Maria a Vico	MC5R-M2Q	1747	3:1:3QS7-L97N-3N5G	Nati, pubblicazioni, matrimoni, morti, cittadinanze 1866-1878 Nati, pubblicazioni, matrimoni 1879
Santa Maria a Vico	MC5R-M2Q	1748	3:1:3QS7-L97N-3N2Y	Nati, pubblicazioni, matrimoni, morti, cittadinanze 1866-1878 Nati, pubblicazioni, matrimoni 1879
Santa Maria a Vico	MC5R-M2Q	1749	3:1:3QS7-997N-3NP3	Nati, pubblicazioni, matrimoni, morti, cittadinanze 1866-1878 Nati, pubblicazioni, matrimoni 1879
Santa Maria a Vico	MC5R-M2Q	1750	3:1:3QS7-997N-3N2P	Nati, pubblicazioni, matrimoni, morti, cittadinanze 1866-1878 Nati, pubblicazioni, matrimoni 1879
Santa Maria a Vico	MC5R-M2Q	1751	3:1:3QS7-997N-3N2Q	Nati, pubblicazioni, matrimoni, morti, cittadinanze 1866-1878 Nati, pubblicazioni, matrimoni 1879
Santa Maria a Vico	MC5R-M2Q	1752	3:1:3QSQ-G97N-3NGD	Nati, pubblicazioni, matrimoni, morti, cittadinanze 1866-1878 Nati, pubblicazioni, matrimoni 1879
Santa Maria a Vico	MC5R-M2Q	1753	3:1:3QS7-L97N-3NNL	Nati, pubblicazioni, matrimoni, morti, cittadinanze 1866-1878 Nati, pubblicazioni, matrimoni 1879
Santa Maria a Vico	MC5R-M2Q	1754	3:1:3QS7-897N-3N53	Nati, pubblicazioni, matrimoni, morti, cittadinanze 1866-1878 Nati, pubblicazioni, matrimoni 1879
Santa Maria a Vico	MC5R-M2Q	1755	3:1:3QS7-997N-3N59	Nati, pubblicazioni, matrimoni, morti, cittadinanze 1866-1878 Nati, pubblicazioni, matrimoni 1879
Santa Maria a Vico	MC5R-M2Q	1756	3:1:3QS7-997N-3NRJ	Nati, pubblicazioni, matrimoni, morti, cittadinanze 1866-1878 Nati, pubblicazioni, matrimoni 1879
Santa Maria a Vico	MC5R-M2Q	1757	3:1:3QS7-997N-3N2C	Nati, pubblicazioni, matrimoni, morti, cittadinanze 1866-1878 Nati, pubblicazioni, matrimoni 1879
Santa Maria a Vico	MC5R-M2Q	1758	3:1:3QS7-L97N-3NPD	Nati, pubblicazioni, matrimoni, morti, cittadinanze 1866-1878 Nati, pubblicazioni, matrimoni 1879
Santa Maria a Vico	MC5R-M2Q	1759	3:1:3QS7-897N-3NLT	Nati, pubblicazioni, matrimoni, morti, cittadinanze 1866-1878 Nati, pubblicazioni, matrimoni 1879
Santa Maria a Vico	MC5R-M2Q	1760	3:1:3QS7-L97N-3NN7	Nati, pubblicazioni, matrimoni, morti, cittadinanze 1866-1878 Nati, pubblicazioni, matrimoni 1879
Santa Maria a Vico	MC5R-M2Q	1761	3:1:3QSQ-G97N-3N2X	Nati, pubblicazioni, matrimoni, morti, cittadinanze 1866-1878 Nati, pubblicazioni, matrimoni 1879
Santa Maria a Vico	MC5R-M2Q	1762	3:1:3QSQ-G97N-3N5S	Nati, pubblicazioni, matrimoni, morti, cittadinanze 1866-1878 Nati, pubblicazioni, matrimoni 1879
Santa Maria a Vico	MC5R-M2Q	1763	3:1:3QS7-997N-3NVJ	Nati, pubblicazioni, matrimoni, morti, cittadinanze 1866-1878 Nati, pubblicazioni, matrimoni 1879
Santa Maria a Vico	MC5R-M2Q	1764	3:1:3QS7-L97N-3NFZ	Nati, pubblicazioni, matrimoni, morti, cittadinanze 1866-1878 Nati, pubblicazioni, matrimoni 1879
Santa Maria a Vico	MC5R-M2Q	1765	3:1:3QS7-897N-3N2X	Nati, pubblicazioni, matrimoni, morti, cittadinanze 1866-1878 Nati, pubblicazioni, matrimoni 1879
Santa Maria a Vico	MC5R-M2Q	1766	3:1:3QS7-L97N-3NXW	Nati, pubblicazioni, matrimoni, morti, cittadinanze 1866-1878 Nati, pubblicazioni, matrimoni 1879
Santa Maria a Vico	MC5R-M2Q	1767	3:1:3QSQ-G97N-3N5W	Nati, pubblicazioni, matrimoni, morti, cittadinanze 1866-1878 Nati, pubblicazioni, matrimoni 1879
Santa Maria a Vico	MC5R-M2Q	1768	3:1:3QSQ-G97N-3NG1	Nati, pubblicazioni, matrimoni, morti, cittadinanze 1866-1878 Nati, pubblicazioni, matrimoni 1879
Santa Maria a Vico	MC5R-M2Q	1769	3:1:3QS7-997N-3NGY	Nati, pubblicazioni, matrimoni, morti, cittadinanze 1866-1878 Nati, pubblicazioni, matrimoni 1879
Santa Maria a Vico	MC5R-M2Q	1770	3:1:3QS7-L97N-3N6Q	Nati, pubblicazioni, matrimoni, morti, cittadinanze 1866-1878 Nati, pubblicazioni, matrimoni 1879
Santa Maria a Vico	MC5R-M2Q	1771	3:1:3QSQ-G97N-3N2G	Nati, pubblicazioni, matrimoni, morti, cittadinanze 1866-1878 Nati, pubblicazioni, matrimoni 1879
Santa Maria a Vico	MC5R-M2Q	1772	3:1:3QS7-L97N-3NX6	Nati, pubblicazioni, matrimoni, morti, cittadinanze 1866-1878 Nati, pubblicazioni, matrimoni 1879
Santa Maria a Vico	MC5R-M2Q	1773	3:1:3QSQ-G97N-3NK7	Nati, pubblicazioni, matrimoni, morti, cittadinanze 1866-1878 Nati, pubblicazioni, matrimoni 1879
Santa Maria a Vico	MC5R-M2Q	1774	3:1:3QS7-897N-3NV4	Nati, pubblicazioni, matrimoni, morti, cittadinanze 1866-1878 Nati, pubblicazioni, matrimoni 1879
Santa Maria a Vico	MC5R-M2Q	1775	3:1:3QS7-897N-3NP9	Nati, pubblicazioni, matrimoni, morti, cittadinanze 1866-1878 Nati, pubblicazioni, matrimoni 1879
Santa Maria a Vico	MC5R-M2Q	1776	3:1:3QS7-997N-3NV1	Nati, pubblicazioni, matrimoni, morti, cittadinanze 1866-1878 Nati, pubblicazioni, matrimoni 1879
Santa Maria a Vico	MC5R-M2Q	1777	3:1:3QS7-897N-3NGM	Nati, pubblicazioni, matrimoni, morti, cittadinanze 1866-1878 Nati, pubblicazioni, matrimoni 1879
Santa Maria a Vico	MC5R-M2Q	1778	3:1:3QS7-997N-3NVZ	Nati, pubblicazioni, matrimoni, morti, cittadinanze 1866-1878 Nati, pubblicazioni, matrimoni 1879
Santa Maria a Vico	MC5R-M2Q	1779	3:1:3QS7-997N-3NFV	Nati, pubblicazioni, matrimoni, morti, cittadinanze 1866-1878 Nati, pubblicazioni, matrimoni 1879
Santa Maria a Vico	MC5R-M2Q	1780	3:1:3QSQ-G97N-3NGW	Nati, pubblicazioni, matrimoni, morti, cittadinanze 1866-1878 Nati, pubblicazioni, matrimoni 1879
Santa Maria a Vico	MC5R-M2Q	1781	3:1:3QS7-L97N-3NX2	Nati, pubblicazioni, matrimoni, morti, cittadinanze 1866-1878 Nati, pubblicazioni, matrimoni 1879
Santa Maria a Vico	MC5R-M2Q	1782	3:1:3QS7-897N-3NP2	Nati, pubblicazioni, matrimoni, morti, cittadinanze 1866-1878 Nati, pubblicazioni, matrimoni 1879
Santa Maria a Vico	MC5R-M2Q	1783	3:1:3QS7-897N-3NL1	Nati, pubblicazioni, matrimoni, morti, cittadinanze 1866-1878 Nati, pubblicazioni, matrimoni 1879
Santa Maria a Vico	MC5R-M2Q	1784	3:1:3QS7-997N-3NFL	Nati, pubblicazioni, matrimoni, morti, cittadinanze 1866-1878 Nati, pubblicazioni, matrimoni 1879
Santa Maria a Vico	MC5R-M2Q	1785	3:1:3QS7-897N-3NPV	Nati, pubblicazioni, matrimoni, morti, cittadinanze 1866-1878 Nati, pubblicazioni, matrimoni 1879
Santa Maria a Vico	MC5R-M2Q	1786	3:1:3QS7-997N-3NXG	Nati, pubblicazioni, matrimoni, morti, cittadinanze 1866-1878 Nati, pubblicazioni, matrimoni 1879
Santa Maria a Vico	MC5R-M2Q	1787	3:1:3QS7-897N-3N2J	Nati, pubblicazioni, matrimoni, morti, cittadinanze 1866-1878 Nati, pubblicazioni, matrimoni 1879
Santa Maria a Vico	MC5R-M2Q	1788	3:1:3QS7-897N-3NVW	Nati, pubblicazioni, matrimoni, morti, cittadinanze 1866-1878 Nati, pubblicazioni, matrimoni 1879
Santa Maria a Vico	MC5R-M2Q	1789	3:1:3QS7-897N-3NGF	Nati, pubblicazioni, matrimoni, morti, cittadinanze 1866-1878 Nati, pubblicazioni, matrimoni 1879
Santa Maria a Vico	MC5R-M2Q	1790	3:1:3QS7-L97N-3NN6	Nati, pubblicazioni, matrimoni, morti, cittadinanze 1866-1878 Nati, pubblicazioni, matrimoni 1879
Santa Maria a Vico	MC5R-M2Q	1791	3:1:3QSQ-G97N-3NPZ	Nati, pubblicazioni, matrimoni, morti, cittadinanze 1866-1878 Nati, pubblicazioni, matrimoni 1879
Santa Maria a Vico	MC5R-M2Q	1792	3:1:3QS7-997N-3NG5	Nati, pubblicazioni, matrimoni, morti, cittadinanze 1866-1878 Nati, pubblicazioni, matrimoni 1879
Santa Maria a Vico	MC5R-M2Q	1793	3:1:3QS7-997N-3N6N	Nati, pubblicazioni, matrimoni, morti, cittadinanze 1866-1878 Nati, pubblicazioni, matrimoni 1879
Santa Maria a Vico	MC5R-M2Q	1794	3:1:3QS7-997N-3N8K	Nati, pubblicazioni, matrimoni, morti, cittadinanze 1866-1878 Nati, pubblicazioni, matrimoni 1879
Santa Maria a Vico	MC5R-M2Q	1795	3:1:3QS7-997N-3NK2	Nati, pubblicazioni, matrimoni, morti, cittadinanze 1866-1878 Nati, pubblicazioni, matrimoni 1879
Santa Maria a Vico	MC5R-M2Q	1796	3:1:3QS7-897N-3NNG	Nati, pubblicazioni, matrimoni, morti, cittadinanze 1866-1878 Nati, pubblicazioni, matrimoni 1879
Santa Maria a Vico	MC5R-M2Q	1797	3:1:3QS7-997N-3NKH	Nati, pubblicazioni, matrimoni, morti, cittadinanze 1866-1878 Nati, pubblicazioni, matrimoni 1879
Santa Maria a Vico	MC5R-M2Q	1798	3:1:3QS7-L97N-3NWK	Nati, pubblicazioni, matrimoni, morti, cittadinanze 1866-1878 Nati, pubblicazioni, matrimoni 1879
Santa Maria a Vico	MC5R-M2Q	1799	3:1:3QS7-897N-3NLW	Nati, pubblicazioni, matrimoni, morti, cittadinanze 1866-1878 Nati, pubblicazioni, matrimoni 1879
Santa Maria a Vico	MC5R-M2Q	1800	3:1:3QS7-897N-3NNQ	Nati, pubblicazioni, matrimoni, morti, cittadinanze 1866-1878 Nati, pubblicazioni, matrimoni 1879
Santa Maria a Vico	MC5R-M2Q	1801	3:1:3QS7-897N-3N21	Nati, pubblicazioni, matrimoni, morti, cittadinanze 1866-1878 Nati, pubblicazioni, matrimoni 1879
Santa Maria a Vico	MC5R-M2Q	1802	3:1:3QS7-997N-3N6G	Nati, pubblicazioni, matrimoni, morti, cittadinanze 1866-1878 Nati, pubblicazioni, matrimoni 1879
Santa Maria a Vico	MC5R-M2Q	1803	3:1:3QS7-997N-3NXV	Nati, pubblicazioni, matrimoni, morti, cittadinanze 1866-1878 Nati, pubblicazioni, matrimoni 1879
Santa Maria a Vico	MC5R-M2Q	1804	3:1:3QS7-897N-3NKZ	Nati, pubblicazioni, matrimoni, morti, cittadinanze 1866-1878 Nati, pubblicazioni, matrimoni 1879
Santa Maria a Vico	MC5R-M2Q	1805	3:1:3QSQ-G97N-3N29	Nati, pubblicazioni, matrimoni, morti, cittadinanze 1866-1878 Nati, pubblicazioni, matrimoni 1879
Santa Maria a Vico	MC5R-M2Q	1806	3:1:3QS7-997N-3NJ4	Nati, pubblicazioni, matrimoni, morti, cittadinanze 1866-1878 Nati, pubblicazioni, matrimoni 1879
Santa Maria a Vico	MC5R-M2Q	1807	3:1:3QS7-897N-3NVD	Nati, pubblicazioni, matrimoni, morti, cittadinanze 1866-1878 Nati, pubblicazioni, matrimoni 1879
Santa Maria a Vico	MC5R-M2Q	1808	3:1:3QS7-997N-3NN2	Nati, pubblicazioni, matrimoni, morti, cittadinanze 1866-1878 Nati, pubblicazioni, matrimoni 1879
Santa Maria a Vico	MC5R-M2Q	1809	3:1:3QS7-L97N-3NZQ	Nati, pubblicazioni, matrimoni, morti, cittadinanze 1866-1878 Nati, pubblicazioni, matrimoni 1879
Santa Maria a Vico	MC5R-M2Q	1810	3:1:3QS7-897N-3N24	Nati, pubblicazioni, matrimoni, morti, cittadinanze 1866-1878 Nati, pubblicazioni, matrimoni 1879
Santa Maria a Vico	MC5R-M2Q	1811	3:1:3QS7-L97N-3NZ2	Nati, pubblicazioni, matrimoni, morti, cittadinanze 1866-1878 Nati, pubblicazioni, matrimoni 1879
Santa Maria a Vico	MC5R-M2Q	1812	3:1:3QS7-L97N-3NDW	Nati, pubblicazioni, matrimoni, morti, cittadinanze 1866-1878 Nati, pubblicazioni, matrimoni 1879
Santa Maria a Vico	MC5R-M2Q	1813	3:1:3QS7-897N-3N5R	Nati, pubblicazioni, matrimoni, morti, cittadinanze 1866-1878 Nati, pubblicazioni, matrimoni 1879
Santa Maria a Vico	MC5R-M2Q	1814	3:1:3QSQ-G97N-3NVD	Nati, pubblicazioni, matrimoni, morti, cittadinanze 1866-1878 Nati, pubblicazioni, matrimoni 1879
Santa Maria a Vico	MC5R-M2Q	1815	3:1:3QS7-897N-3NV2	Nati, pubblicazioni, matrimoni, morti, cittadinanze 1866-1878 Nati, pubblicazioni, matrimoni 1879
Santa Maria a Vico	MC5R-M2Q	1816	3:1:3QSQ-G97N-3NKQ	Nati, pubblicazioni, matrimoni, morti, cittadinanze 1866-1878 Nati, pubblicazioni, matrimoni 1879
Santa Maria a Vico	MC5R-M2Q	1817	3:1:3QS7-897N-3NXQ	Nati, pubblicazioni, matrimoni, morti, cittadinanze 1866-1878 Nati, pubblicazioni, matrimoni 1879
Santa Maria a Vico	MC5R-M2Q	1818	3:1:3QS7-L97N-3NZ9	Nati, pubblicazioni, matrimoni, morti, cittadinanze 1866-1878 Nati, pubblicazioni, matrimoni 1879
Santa Maria a Vico	MC5R-M2Q	1819	3:1:3QS7-897N-3NJ2	Nati, pubblicazioni, matrimoni, morti, cittadinanze 1866-1878 Nati, pubblicazioni, matrimoni 1879
Santa Maria a Vico	MC5R-M2Q	1820	3:1:3QS7-L97N-3NZC	Nati, pubblicazioni, matrimoni, morti, cittadinanze 1866-1878 Nati, pubblicazioni, matrimoni 1879
Santa Maria a Vico	MC5R-M2Q	1821	3:1:3QS7-L97N-3N8G	Nati, pubblicazioni, matrimoni, morti, cittadinanze 1866-1878 Nati, pubblicazioni, matrimoni 1879
Santa Maria a Vico	MC5R-M2Q	1822	3:1:3QS7-L97N-3N7G	Nati, pubblicazioni, matrimoni, morti, cittadinanze 1866-1878 Nati, pubblicazioni, matrimoni 1879
Santa Maria a Vico	MC5R-M2Q	1823	3:1:3QS7-L97N-3N8L	Nati, pubblicazioni, matrimoni, morti, cittadinanze 1866-1878 Nati, pubblicazioni, matrimoni 1879
Santa Maria a Vico	MC5R-M2Q	1824	3:1:3QSQ-G97N-3NP8	Nati, pubblicazioni, matrimoni, morti, cittadinanze 1866-1878 Nati, pubblicazioni, matrimoni 1879
Santa Maria a Vico	MC5R-M2Q	1825	3:1:3QS7-997N-3N8D	Nati, pubblicazioni, matrimoni, morti, cittadinanze 1866-1878 Nati, pubblicazioni, matrimoni 1879
Santa Maria a Vico	MC5R-M2Q	1826	3:1:3QS7-L97N-3NZT	Nati, pubblicazioni, matrimoni, morti, cittadinanze 1866-1878 Nati, pubblicazioni, matrimoni 1879
Santa Maria a Vico	MC5R-M2Q	1827	3:1:3QS7-L97N-3NCJ	Nati, pubblicazioni, matrimoni, morti, cittadinanze 1866-1878 Nati, pubblicazioni, matrimoni 1879
Santa Maria a Vico	MC5R-M2Q	1828	3:1:3QS7-997N-3NDL	Nati, pubblicazioni, matrimoni, morti, cittadinanze 1866-1878 Nati, pubblicazioni, matrimoni 1879
Santa Maria a Vico	MC5R-M2Q	1829	3:1:3QS7-897N-3NNP	Nati, pubblicazioni, matrimoni, morti, cittadinanze 1866-1878 Nati, pubblicazioni, matrimoni 1879
Santa Maria a Vico	MC5R-M2Q	1830	3:1:3QS7-897N-3NX9	Nati, pubblicazioni, matrimoni, morti, cittadinanze 1866-1878 Nati, pubblicazioni, matrimoni 1879
Santa Maria a Vico	MC5R-M2Q	1831	3:1:3QS7-897N-3N6P	Nati, pubblicazioni, matrimoni, morti, cittadinanze 1866-1878 Nati, pubblicazioni, matrimoni 1879
Santa Maria a Vico	MC5R-M2Q	1832	3:1:3QS7-L97N-3NQY	Nati, pubblicazioni, matrimoni, morti, cittadinanze 1866-1878 Nati, pubblicazioni, matrimoni 1879
Santa Maria a Vico	MC5R-M2Q	1833	3:1:3QS7-897N-3N62	Nati, pubblicazioni, matrimoni, morti, cittadinanze 1866-1878 Nati, pubblicazioni, matrimoni 1879
Santa Maria a Vico	MC5R-M2Q	1834	3:1:3QS7-L97N-3NZK	Nati, pubblicazioni, matrimoni, morti, cittadinanze 1866-1878 Nati, pubblicazioni, matrimoni 1879
Santa Maria a Vico	MC5R-M2Q	1835	3:1:3QS7-997N-3NFF	Nati, pubblicazioni, matrimoni, morti, cittadinanze 1866-1878 Nati, pubblicazioni, matrimoni 1879
Santa Maria a Vico	MC5R-M2Q	1836	3:1:3QSQ-G97N-3NNF	Nati, pubblicazioni, matrimoni, morti, cittadinanze 1866-1878 Nati, pubblicazioni, matrimoni 1879
Santa Maria a Vico	MC5R-M2Q	1837	3:1:3QS7-L97N-3NHM	Nati, pubblicazioni, matrimoni, morti, cittadinanze 1866-1878 Nati, pubblicazioni, matrimoni 1879
Santa Maria a Vico	MC5R-M2Q	1838	3:1:3QS7-897N-3NDZ	Nati, pubblicazioni, matrimoni, morti, cittadinanze 1866-1878 Nati, pubblicazioni, matrimoni 1879
Santa Maria a Vico	MC5R-M2Q	1839	3:1:3QS7-L97N-3N4Y	Nati, pubblicazioni, matrimoni, morti, cittadinanze 1866-1878 Nati, pubblicazioni, matrimoni 1879
Santa Maria a Vico	MC5R-M2Q	1840	3:1:3QS7-897N-3N2B	Nati, pubblicazioni, matrimoni, morti, cittadinanze 1866-1878 Nati, pubblicazioni, matrimoni 1879
Santa Maria a Vico	MC5R-M2Q	1841	3:1:3QSQ-G97N-3NK5	Nati, pubblicazioni, matrimoni, morti, cittadinanze 1866-1878 Nati, pubblicazioni, matrimoni 1879
Santa Maria a Vico	MC5R-M2Q	1842	3:1:3QS7-997N-3NF5	Nati, pubblicazioni, matrimoni, morti, cittadinanze 1866-1878 Nati, pubblicazioni, matrimoni 1879
Santa Maria a Vico	MC5R-M2Q	1843	3:1:3QS7-897N-3NL9	Nati, pubblicazioni, matrimoni, morti, cittadinanze 1866-1878 Nati, pubblicazioni, matrimoni 1879
Santa Maria a Vico	MC5R-M2Q	1844	3:1:3QS7-897N-3N28	Nati, pubblicazioni, matrimoni, morti, cittadinanze 1866-1878 Nati, pubblicazioni, matrimoni 1879
Santa Maria a Vico	MC5R-M2Q	1845	3:1:3QS7-897N-3NLQ	Nati, pubblicazioni, matrimoni, morti, cittadinanze 1866-1878 Nati, pubblicazioni, matrimoni 1879
Santa Maria a Vico	MC5R-M2Q	1846	3:1:3QS7-897N-3NN8	Nati, pubblicazioni, matrimoni, morti, cittadinanze 1866-1878 Nati, pubblicazioni, matrimoni 1879
Santa Maria a Vico	MC5R-M2Q	1847	3:1:3QS7-997N-3N6R	Nati, pubblicazioni, matrimoni, morti, cittadinanze 1866-1878 Nati, pubblicazioni, matrimoni 1879
Santa Maria a Vico	MC5R-M2Q	1848	3:1:3QS7-997N-3NZL	Nati, pubblicazioni, matrimoni, morti, cittadinanze 1866-1878 Nati, pubblicazioni, matrimoni 1879
Santa Maria a Vico	MC5R-M2Q	1849	3:1:3QS7-997N-3N8Q	Nati, pubblicazioni, matrimoni, morti, cittadinanze 1866-1878 Nati, pubblicazioni, matrimoni 1879
Santa Maria a Vico	MC5R-M2Q	1850	3:1:3QSQ-G97N-3NNJ	Nati, pubblicazioni, matrimoni, morti, cittadinanze 1866-1878 Nati, pubblicazioni, matrimoni 1879
Santa Maria a Vico	MC5R-M2Q	1851	3:1:3QS7-L97N-3NQZ	Nati, pubblicazioni, matrimoni, morti, cittadinanze 1866-1878 Nati, pubblicazioni, matrimoni 1879
Santa Maria a Vico	MC5R-M2Q	1852	3:1:3QS7-L97N-3NWX	Nati, pubblicazioni, matrimoni, morti, cittadinanze 1866-1878 Nati, pubblicazioni, matrimoni 1879
Santa Maria a Vico	MC5R-M2Q	1853	3:1:3QS7-997N-3NZQ	Nati, pubblicazioni, matrimoni, morti, cittadinanze 1866-1878 Nati, pubblicazioni, matrimoni 1879
Santa Maria a Vico	MC5R-M2Q	1854	3:1:3QS7-897N-3N83	Nati, pubblicazioni, matrimoni, morti, cittadinanze 1866-1878 Nati, pubblicazioni, matrimoni 1879
Santa Maria a Vico	MC5R-M2Q	1855	3:1:3QSQ-G97N-3NVX	Nati, pubblicazioni, matrimoni, morti, cittadinanze 1866-1878 Nati, pubblicazioni, matrimoni 1879
Santa Maria a Vico	MC5R-M2Q	1856	3:1:3QS7-997N-3N82	Nati, pubblicazioni, matrimoni, morti, cittadinanze 1866-1878 Nati, pubblicazioni, matrimoni 1879
Santa Maria a Vico	MC5R-M2Q	1857	3:1:3QS7-L97N-3NCW	Nati, pubblicazioni, matrimoni, morti, cittadinanze 1866-1878 Nati, pubblicazioni, matrimoni 1879
Santa Maria a Vico	MC5R-M2Q	1858	3:1:3QS7-L97N-3N46	Nati, pubblicazioni, matrimoni, morti, cittadinanze 1866-1878 Nati, pubblicazioni, matrimoni 1879
Santa Maria a Vico	MC5R-M2Q	1859	3:1:3QS7-L97N-3NC8	Nati, pubblicazioni, matrimoni, morti, cittadinanze 1866-1878 Nati, pubblicazioni, matrimoni 1879
Santa Maria a Vico	MC5R-M2Q	1860	3:1:3QSQ-G97N-3NN9	Nati, pubblicazioni, matrimoni, morti, cittadinanze 1866-1878 Nati, pubblicazioni, matrimoni 1879
Santa Maria a Vico	MC5R-M2Q	1861	3:1:3QS7-L97N-3NWH	Nati, pubblicazioni, matrimoni, morti, cittadinanze 1866-1878 Nati, pubblicazioni, matrimoni 1879
Santa Maria a Vico	MC5R-M2Q	1862	3:1:3QS7-997N-3N8M	Nati, pubblicazioni, matrimoni, morti, cittadinanze 1866-1878 Nati, pubblicazioni, matrimoni 1879
Santa Maria a Vico	MC5R-M2Q	1863	3:1:3QSQ-G97N-3NFT	Nati, pubblicazioni, matrimoni, morti, cittadinanze 1866-1878 Nati, pubblicazioni, matrimoni 1879
Santa Maria a Vico	MC5R-M2Q	1864	3:1:3QS7-997N-3N6M	Nati, pubblicazioni, matrimoni, morti, cittadinanze 1866-1878 Nati, pubblicazioni, matrimoni 1879
Santa Maria a Vico	MC5R-M2Q	1865	3:1:3QS7-897N-3N8N	Nati, pubblicazioni, matrimoni, morti, cittadinanze 1866-1878 Nati, pubblicazioni, matrimoni 1879
Santa Maria a Vico	MC5R-M2Q	1866	3:1:3QS7-L97N-3NQ3	Nati, pubblicazioni, matrimoni, morti, cittadinanze 1866-1878 Nati, pubblicazioni, matrimoni 1879
Santa Maria a Vico	MC5R-M2Q	1867	3:1:3QS7-997N-3N8F	Nati, pubblicazioni, matrimoni, morti, cittadinanze 1866-1878 Nati, pubblicazioni, matrimoni 1879
Santa Maria a Vico	MC5R-M2Q	1868	3:1:3QS7-L97N-3NS2	Nati, pubblicazioni, matrimoni, morti, cittadinanze 1866-1878 Nati, pubblicazioni, matrimoni 1879
Santa Maria a Vico	MC5R-M2Q	1869	3:1:3QSQ-G97N-3NJK	Nati, pubblicazioni, matrimoni, morti, cittadinanze 1866-1878 Nati, pubblicazioni, matrimoni 1879
Santa Maria a Vico	MC5R-M2Q	1870	3:1:3QS7-L97N-3N78	Nati, pubblicazioni, matrimoni, morti, cittadinanze 1866-1878 Nati, pubblicazioni, matrimoni 1879
Santa Maria a Vico	MC5R-M2Q	1871	3:1:3QS7-997N-3NHK	Nati, pubblicazioni, matrimoni, morti, cittadinanze 1866-1878 Nati, pubblicazioni, matrimoni 1879
Santa Maria a Vico	MC5R-M2Q	1872	3:1:3QS7-897N-3NZS	Nati, pubblicazioni, matrimoni, morti, cittadinanze 1866-1878 Nati, pubblicazioni, matrimoni 1879
Santa Maria a Vico	MC5R-M2Q	1873	3:1:3QS7-897N-3N7V	Nati, pubblicazioni, matrimoni, morti, cittadinanze 1866-1878 Nati, pubblicazioni, matrimoni 1879
Santa Maria a Vico	MC5R-M2Q	1874	3:1:3QS7-L97N-3NWN	Nati, pubblicazioni, matrimoni, morti, cittadinanze 1866-1878 Nati, pubblicazioni, matrimoni 1879
Santa Maria a Vico	MC5R-M2Q	1875	3:1:3QS7-997N-3N8N	Nati, pubblicazioni, matrimoni, morti, cittadinanze 1866-1878 Nati, pubblicazioni, matrimoni 1879
Santa Maria a Vico	MC5R-M2Q	1876	3:1:3QS7-997N-3NZM	Nati, pubblicazioni, matrimoni, morti, cittadinanze 1866-1878 Nati, pubblicazioni, matrimoni 1879
Santa Maria a Vico	MC5R-M2Q	1877	3:1:3QS7-997N-3NC7	Nati, pubblicazioni, matrimoni, morti, cittadinanze 1866-1878 Nati, pubblicazioni, matrimoni 1879
Santa Maria a Vico	MC5R-M2Q	1878	3:1:3QS7-997N-3NHT	Nati, pubblicazioni, matrimoni, morti, cittadinanze 1866-1878 Nati, pubblicazioni, matrimoni 1879
Santa Maria a Vico	MC5R-M2Q	1879	3:1:3QS7-997N-3NXJ	Nati, pubblicazioni, matrimoni, morti, cittadinanze 1866-1878 Nati, pubblicazioni, matrimoni 1879
Santa Maria a Vico	MC5R-M2Q	1880	3:1:3QS7-897N-3NDX	Nati, pubblicazioni, matrimoni, morti, cittadinanze 1866-1878 Nati, pubblicazioni, matrimoni 1879
Santa Maria a Vico	MC5R-M2Q	1881	3:1:3QSQ-G97N-3NJ4	Nati, pubblicazioni, matrimoni, morti, cittadinanze 1866-1878 Nati, pubblicazioni, matrimoni 1879
Santa Maria a Vico	MC5R-M2Q	1882	3:1:3QS7-L97N-3N74	Nati, pubblicazioni, matrimoni, morti, cittadinanze 1866-1878 Nati, pubblicazioni, matrimoni 1879
Santa Maria a Vico	MC5R-M2Q	1883	3:1:3QS7-897N-3NHC	Nati, pubblicazioni, matrimoni, morti, cittadinanze 1866-1878 Nati, pubblicazioni, matrimoni 1879
Santa Maria a Vico	MC5R-M2Q	1884	3:1:3QSQ-G97N-3N8J	Nati, pubblicazioni, matrimoni, morti, cittadinanze 1866-1878 Nati, pubblicazioni, matrimoni 1879
Santa Maria a Vico	MC5R-M2Q	1885	3:1:3QS7-997N-3NDT	Nati, pubblicazioni, matrimoni, morti, cittadinanze 1866-1878 Nati, pubblicazioni, matrimoni 1879
Santa Maria a Vico	MC5R-M2Q	1886	3:1:3QS7-897N-3N8L	Nati, pubblicazioni, matrimoni, morti, cittadinanze 1866-1878 Nati, pubblicazioni, matrimoni 1879
Santa Maria a Vico	MC5R-M2Q	1887	3:1:3QS7-997N-3NHD	Nati, pubblicazioni, matrimoni, morti, cittadinanze 1866-1878 Nati, pubblicazioni, matrimoni 1879
Santa Maria a Vico	MC5R-M2Q	1888	3:1:3QS7-997N-3N4H	Nati, pubblicazioni, matrimoni, morti, cittadinanze 1866-1878 Nati, pubblicazioni, matrimoni 1879
Santa Maria a Vico	MC5R-M2Q	1889	3:1:3QS7-L97N-3N3M	Nati, pubblicazioni, matrimoni, morti, cittadinanze 1866-1878 Nati, pubblicazioni, matrimoni 1879
Santa Maria a Vico	MC5R-M2Q	1890	3:1:3QSQ-G97N-3NXS	Nati, pubblicazioni, matrimoni, morti, cittadinanze 1866-1878 Nati, pubblicazioni, matrimoni 1879
Santa Maria a Vico	MC5R-M2Q	1891	3:1:3QS7-897N-3NDL	Nati, pubblicazioni, matrimoni, morti, cittadinanze 1866-1878 Nati, pubblicazioni, matrimoni 1879
Santa Maria a Vico	MC5R-M2Q	1892	3:1:3QS7-L97N-3NZM	Nati, pubblicazioni, matrimoni, morti, cittadinanze 1866-1878 Nati, pubblicazioni, matrimoni 1879
Santa Maria a Vico	MC5R-M2Q	1893	3:1:3QS7-897N-3NFY	Nati, pubblicazioni, matrimoni, morti, cittadinanze 1866-1878 Nati, pubblicazioni, matrimoni 1879
Santa Maria a Vico	MC5R-M2Q	1894	3:1:3QS7-897N-3NHV	Nati, pubblicazioni, matrimoni, morti, cittadinanze 1866-1878 Nati, pubblicazioni, matrimoni 1879
Santa Maria a Vico	MC5R-M2Q	1895	3:1:3QS7-997N-3N79	Nati, pubblicazioni, matrimoni, morti, cittadinanze 1866-1878 Nati, pubblicazioni, matrimoni 1879
Santa Maria a Vico	MC5R-M2Q	1896	3:1:3QS7-997N-3N73	Nati, pubblicazioni, matrimoni, morti, cittadinanze 1866-1878 Nati, pubblicazioni, matrimoni 1879
Santa Maria a Vico	MC5R-M2Q	1897	3:1:3QS7-897N-3N87	Nati, pubblicazioni, matrimoni, morti, cittadinanze 1866-1878 Nati, pubblicazioni, matrimoni 1879
Santa Maria a Vico	MC5R-M2Q	1898	3:1:3QSQ-G97N-3NDS	Nati, pubblicazioni, matrimoni, morti, cittadinanze 1866-1878 Nati, pubblicazioni, matrimoni 1879
Santa Maria a Vico	MC5R-M2Q	1899	3:1:3QS7-997N-3NQS	Nati, pubblicazioni, matrimoni, morti, cittadinanze 1866-1878 Nati, pubblicazioni, matrimoni 1879
Santa Maria a Vico	MC5R-M2Q	1900	3:1:3QS7-897N-3NXJ	Nati, pubblicazioni, matrimoni, morti, cittadinanze 1866-1878 Nati, pubblicazioni, matrimoni 1879
Santa Maria a Vico	MC5R-M2Q	1901	3:1:3QS7-L97N-3NHS	Nati, pubblicazioni, matrimoni, morti, cittadinanze 1866-1878 Nati, pubblicazioni, matrimoni 1879
Santa Maria a Vico	MC5R-M2Q	1902	3:1:3QSQ-G97N-3N6Q	Nati, pubblicazioni, matrimoni, morti, cittadinanze 1866-1878 Nati, pubblicazioni, matrimoni 1879
Santa Maria a Vico	MC5R-M2Q	1903	3:1:3QSQ-G97N-3N62	Nati, pubblicazioni, matrimoni, morti, cittadinanze 1866-1878 Nati, pubblicazioni, matrimoni 1879
Santa Maria a Vico	MC5R-M2Q	1904	3:1:3QS7-897N-3NCB	Nati, pubblicazioni, matrimoni, morti, cittadinanze 1866-1878 Nati, pubblicazioni, matrimoni 1879
Santa Maria a Vico	MC5R-M2Q	1905	3:1:3QS7-897N-3NZK	Nati, pubblicazioni, matrimoni, morti, cittadinanze 1866-1878 Nati, pubblicazioni, matrimoni 1879
Santa Maria a Vico	MC5R-M2Q	1906	3:1:3QSQ-G97N-3N8G	Nati, pubblicazioni, matrimoni, morti, cittadinanze 1866-1878 Nati, pubblicazioni, matrimoni 1879
Santa Maria a Vico	MC5R-M2Q	1907	3:1:3QS7-L97N-3N7N	Nati, pubblicazioni, matrimoni, morti, cittadinanze 1866-1878 Nati, pubblicazioni, matrimoni 1879
Santa Maria a Vico	MC5R-M2Q	1908	3:1:3QSQ-G97N-3NZG	Nati, pubblicazioni, matrimoni, morti, cittadinanze 1866-1878 Nati, pubblicazioni, matrimoni 1879
Santa Maria a Vico	MC5R-M2Q	1909	3:1:3QS7-L97N-3NQJ	Nati, pubblicazioni, matrimoni, morti, cittadinanze 1866-1878 Nati, pubblicazioni, matrimoni 1879
Santa Maria a Vico	MC5R-M2Q	1910	3:1:3QS7-L97N-3NMS	Nati, pubblicazioni, matrimoni, morti, cittadinanze 1866-1878 Nati, pubblicazioni, matrimoni 1879
Santa Maria a Vico	MC5R-M2Q	1911	3:1:3QSQ-G97N-3NC9	Nati, pubblicazioni, matrimoni, morti, cittadinanze 1866-1878 Nati, pubblicazioni, matrimoni 1879
Santa Maria a Vico	MC5R-M2Q	1912	3:1:3QS7-L97N-3NSP	Nati, pubblicazioni, matrimoni, morti, cittadinanze 1866-1878 Nati, pubblicazioni, matrimoni 1879
Santa Maria a Vico	MC5R-M2Q	1913	3:1:3QS7-L97N-3NSK	Nati, pubblicazioni, matrimoni, morti, cittadinanze 1866-1878 Nati, pubblicazioni, matrimoni 1879
Santa Maria a Vico	MC5R-M2Q	1914	3:1:3QS7-997N-3N86	Nati, pubblicazioni, matrimoni, morti, cittadinanze 1866-1878 Nati, pubblicazioni, matrimoni 1879
Santa Maria a Vico	MC5R-M2Q	1915	3:1:3QS7-997N-3N3T	Nati, pubblicazioni, matrimoni, morti, cittadinanze 1866-1878 Nati, pubblicazioni, matrimoni 1879
Santa Maria a Vico	MC5R-M2Q	1916	3:1:3QS7-L97N-3N9R	Nati, pubblicazioni, matrimoni, morti, cittadinanze 1866-1878 Nati, pubblicazioni, matrimoni 1879
Santa Maria a Vico	MC5R-M2Q	1917	3:1:3QSQ-G97N-3N4L	Nati, pubblicazioni, matrimoni, morti, cittadinanze 1866-1878 Nati, pubblicazioni, matrimoni 1879
Santa Maria a Vico	MC5R-M2Q	1918	3:1:3QS7-997N-3NWG	Nati, pubblicazioni, matrimoni, morti, cittadinanze 1866-1878 Nati, pubblicazioni, matrimoni 1879
Santa Maria a Vico	MC5R-M2Q	1919	3:1:3QSQ-G97N-3NH1	Nati, pubblicazioni, matrimoni, morti, cittadinanze 1866-1878 Nati, pubblicazioni, matrimoni 1879
Santa Maria a Vico	MC5R-M2Q	1920	3:1:3QS7-997N-3N9R	Nati, pubblicazioni, matrimoni, morti, cittadinanze 1866-1878 Nati, pubblicazioni, matrimoni 1879
Santa Maria a Vico	MC5R-M2Q	1921	3:1:3QS7-997N-3N3K	Nati, pubblicazioni, matrimoni, morti, cittadinanze 1866-1878 Nati, pubblicazioni, matrimoni 1879
Santa Maria a Vico	MC5R-M2Q	1922	3:1:3QSQ-G97N-3NX2	Nati, pubblicazioni, matrimoni, morti, cittadinanze 1866-1878 Nati, pubblicazioni, matrimoni 1879
Santa Maria a Vico	MC5R-M2Q	1923	3:1:3QS7-997N-3NHG	Nati, pubblicazioni, matrimoni, morti, cittadinanze 1866-1878 Nati, pubblicazioni, matrimoni 1879
Santa Maria a Vico	MC5R-M2Q	1924	3:1:3QS7-997N-3N4B	Nati, pubblicazioni, matrimoni, morti, cittadinanze 1866-1878 Nati, pubblicazioni, matrimoni 1879
Santa Maria a Vico	MC5R-M2Q	1925	3:1:3QS7-L97N-3NM7	Nati, pubblicazioni, matrimoni, morti, cittadinanze 1866-1878 Nati, pubblicazioni, matrimoni 1879
Santa Maria a Vico	MC5R-M2Q	1926	3:1:3QSQ-G97N-3N4G	Nati, pubblicazioni, matrimoni, morti, cittadinanze 1866-1878 Nati, pubblicazioni, matrimoni 1879
Santa Maria a Vico	MC5R-M2Q	1927	3:1:3QS7-997N-3NQD	Nati, pubblicazioni, matrimoni, morti, cittadinanze 1866-1878 Nati, pubblicazioni, matrimoni 1879
Santa Maria a Vico	MC5R-M2Q	1928	3:1:3QS7-997N-3N9V	Nati, pubblicazioni, matrimoni, morti, cittadinanze 1866-1878 Nati, pubblicazioni, matrimoni 1879
Santa Maria a Vico	MC5R-M2Q	1929	3:1:3QS7-997N-3N7X	Nati, pubblicazioni, matrimoni, morti, cittadinanze 1866-1878 Nati, pubblicazioni, matrimoni 1879
Santa Maria a Vico	MC5R-M2Q	1930	3:1:3QSQ-G97N-3NHH	Nati, pubblicazioni, matrimoni, morti, cittadinanze 1866-1878 Nati, pubblicazioni, matrimoni 1879
Santa Maria a Vico	MC5R-M2Q	1931	3:1:3QS7-L97N-3F1B	Nati, pubblicazioni, matrimoni, morti, cittadinanze 1866-1878 Nati, pubblicazioni, matrimoni 1879
Santa Maria a Vico	MC5R-M2Q	1932	3:1:3QS7-897N-3NQH	Nati, pubblicazioni, matrimoni, morti, cittadinanze 1866-1878 Nati, pubblicazioni, matrimoni 1879
Santa Maria a Vico	MC5R-M2Q	1933	3:1:3QS7-L97N-3N9N	Nati, pubblicazioni, matrimoni, morti, cittadinanze 1866-1878 Nati, pubblicazioni, matrimoni 1879
Santa Maria a Vico	MC5R-M2Q	1934	3:1:3QS7-897N-3N7C	Nati, pubblicazioni, matrimoni, morti, cittadinanze 1866-1878 Nati, pubblicazioni, matrimoni 1879
Santa Maria a Vico	MC5R-M2Q	1935	3:1:3QS7-897N-3N7X	Nati, pubblicazioni, matrimoni, morti, cittadinanze 1866-1878 Nati, pubblicazioni, matrimoni 1879
Santa Maria a Vico	MC5R-M2Q	1936	3:1:3QS7-897N-3N41	Nati, pubblicazioni, matrimoni, morti, cittadinanze 1866-1878 Nati, pubblicazioni, matrimoni 1879
Santa Maria a Vico	MC5R-M2Q	1937	3:1:3QSQ-G97N-3NQ1	Nati, pubblicazioni, matrimoni, morti, cittadinanze 1866-1878 Nati, pubblicazioni, matrimoni 1879
Santa Maria a Vico	MC5R-M2Q	1938	3:1:3QS7-897N-3N4X	Nati, pubblicazioni, matrimoni, morti, cittadinanze 1866-1878 Nati, pubblicazioni, matrimoni 1879
Santa Maria a Vico	MC5R-M2Q	1939	3:1:3QS7-997N-3NSF	Nati, pubblicazioni, matrimoni, morti, cittadinanze 1866-1878 Nati, pubblicazioni, matrimoni 1879
Santa Maria a Vico	MC5R-M2Q	1940	3:1:3QS7-897N-3NQG	Nati, pubblicazioni, matrimoni, morti, cittadinanze 1866-1878 Nati, pubblicazioni, matrimoni 1879
Santa Maria a Vico	MC5R-M2Q	1941	3:1:3QS7-997N-3NS2	Nati, pubblicazioni, matrimoni, morti, cittadinanze 1866-1878 Nati, pubblicazioni, matrimoni 1879
Santa Maria a Vico	MC5R-M2Q	1942	3:1:3QS7-L97N-3NQQ	Nati, pubblicazioni, matrimoni, morti, cittadinanze 1866-1878 Nati, pubblicazioni, matrimoni 1879
Santa Maria a Vico	MC5R-M2Q	1943	3:1:3QS7-897N-3N49	Nati, pubblicazioni, matrimoni, morti, cittadinanze 1866-1878 Nati, pubblicazioni, matrimoni 1879
Santa Maria a Vico	MC5R-M2Q	1944	3:1:3QS7-L97N-3NWJ	Nati, pubblicazioni, matrimoni, morti, cittadinanze 1866-1878 Nati, pubblicazioni, matrimoni 1879
Santa Maria a Vico	MC5R-M2Q	1945	3:1:3QS7-997N-3N3X	Nati, pubblicazioni, matrimoni, morti, cittadinanze 1866-1878 Nati, pubblicazioni, matrimoni 1879
Santa Maria a Vico	MC5R-M2Q	1946	3:1:3QS7-897N-3N3R	Nati, pubblicazioni, matrimoni, morti, cittadinanze 1866-1878 Nati, pubblicazioni, matrimoni 1879
Santa Maria a Vico	MC5R-M2Q	1947	3:1:3QSQ-G97N-3NQ5	Nati, pubblicazioni, matrimoni, morti, cittadinanze 1866-1878 Nati, pubblicazioni, matrimoni 1879
Santa Maria a Vico	MC5R-M2Q	1948	3:1:3QS7-897N-3NQ9	Nati, pubblicazioni, matrimoni, morti, cittadinanze 1866-1878 Nati, pubblicazioni, matrimoni 1879
Santa Maria a Vico	MC5R-M2Q	1949	3:1:3QS7-997N-3NMD	Nati, pubblicazioni, matrimoni, morti, cittadinanze 1866-1878 Nati, pubblicazioni, matrimoni 1879
Santa Maria a Vico	MC5R-M2Q	1950	3:1:3QSQ-G97N-3N3T	Nati, pubblicazioni, matrimoni, morti, cittadinanze 1866-1878 Nati, pubblicazioni, matrimoni 1879
Santa Maria a Vico	MC5R-M2Q	1951	3:1:3QSQ-G97N-3NH9	Nati, pubblicazioni, matrimoni, morti, cittadinanze 1866-1878 Nati, pubblicazioni, matrimoni 1879
Santa Maria a Vico	MC5R-M2Q	1952	3:1:3QSQ-G97N-3NQV	Nati, pubblicazioni, matrimoni, morti, cittadinanze 1866-1878 Nati, pubblicazioni, matrimoni 1879
Santa Maria a Vico	MC5R-M2Q	1953	3:1:3QS7-897N-3NSY	Nati, pubblicazioni, matrimoni, morti, cittadinanze 1866-1878 Nati, pubblicazioni, matrimoni 1879
Santa Maria a Vico	MC5R-M2Q	1954	3:1:3QS7-L97N-3FR2	Nati, pubblicazioni, matrimoni, morti, cittadinanze 1866-1878 Nati, pubblicazioni, matrimoni 1879
Santa Maria a Vico	MC5R-M2Q	1955	3:1:3QS7-997N-3N9S	Nati, pubblicazioni, matrimoni, morti, cittadinanze 1866-1878 Nati, pubblicazioni, matrimoni 1879
Santa Maria a Vico	MC5R-M2Q	1956	3:1:3QS7-997N-3NS8	Nati, pubblicazioni, matrimoni, morti, cittadinanze 1866-1878 Nati, pubblicazioni, matrimoni 1879
Santa Maria a Vico	MC5R-M2Q	1957	3:1:3QS7-997N-3NSZ	Nati, pubblicazioni, matrimoni, morti, cittadinanze 1866-1878 Nati, pubblicazioni, matrimoni 1879
Santa Maria a Vico	MC5R-M2Q	1958	3:1:3QS7-897N-3NH5	Nati, pubblicazioni, matrimoni, morti, cittadinanze 1866-1878 Nati, pubblicazioni, matrimoni 1879
Santa Maria a Vico	MC5R-M2Q	1959	3:1:3QS7-997N-3F1P	Nati, pubblicazioni, matrimoni, morti, cittadinanze 1866-1878 Nati, pubblicazioni, matrimoni 1879
Santa Maria a Vico	MC5R-M2Q	1960	3:1:3QS7-L97N-3FBS	Nati, pubblicazioni, matrimoni, morti, cittadinanze 1866-1878 Nati, pubblicazioni, matrimoni 1879
Santa Maria a Vico	MC5R-M2Q	1961	3:1:3QS7-997N-3N9J	Nati, pubblicazioni, matrimoni, morti, cittadinanze 1866-1878 Nati, pubblicazioni, matrimoni 1879
Santa Maria a Vico	MC5R-M2Q	1962	3:1:3QSQ-G97N-3NZ5	Nati, pubblicazioni, matrimoni, morti, cittadinanze 1866-1878 Nati, pubblicazioni, matrimoni 1879
Santa Maria a Vico	MC5R-M2Q	1963	3:1:3QS7-L97N-3FYD	Nati, pubblicazioni, matrimoni, morti, cittadinanze 1866-1878 Nati, pubblicazioni, matrimoni 1879
Santa Maria a Vico	MC5R-M2Q	1964	3:1:3QS7-997N-3NM1	Nati, pubblicazioni, matrimoni, morti, cittadinanze 1866-1878 Nati, pubblicazioni, matrimoni 1879
Santa Maria a Vico	MC5R-M2Q	1965	3:1:3QS7-L97N-3FTX	Nati, pubblicazioni, matrimoni, morti, cittadinanze 1866-1878 Nati, pubblicazioni, matrimoni 1879
Santa Maria a Vico	MC5R-M2Q	1966	3:1:3QS7-L97N-3FTM	Nati, pubblicazioni, matrimoni, morti, cittadinanze 1866-1878 Nati, pubblicazioni, matrimoni 1879
Santa Maria a Vico	MC5R-M2Q	1967	3:1:3QS7-897N-3NS5	Nati, pubblicazioni, matrimoni, morti, cittadinanze 1866-1878 Nati, pubblicazioni, matrimoni 1879
Santa Maria a Vico	MC5R-M2Q	1968	3:1:3QS7-L97N-3F51	Nati, pubblicazioni, matrimoni, morti, cittadinanze 1866-1878 Nati, pubblicazioni, matrimoni 1879
Santa Maria a Vico	MC5R-M2Q	1969	3:1:3QSQ-G97N-3NH3	Nati, pubblicazioni, matrimoni, morti, cittadinanze 1866-1878 Nati, pubblicazioni, matrimoni 1879
Santa Maria a Vico	MC5R-M2Q	1970	3:1:3QS7-997N-3NQZ	Nati, pubblicazioni, matrimoni, morti, cittadinanze 1866-1878 Nati, pubblicazioni, matrimoni 1879
Santa Maria a Vico	MC5R-M2Q	1971	3:1:3QSQ-G97N-3NMG	Nati, pubblicazioni, matrimoni, morti, cittadinanze 1866-1878 Nati, pubblicazioni, matrimoni 1879
Santa Maria a Vico	MC5R-M2Q	1972	3:1:3QS7-L97N-3NMB	Nati, pubblicazioni, matrimoni, morti, cittadinanze 1866-1878 Nati, pubblicazioni, matrimoni 1879
Santa Maria a Vico	MC5R-M2Q	1973	3:1:3QS7-L97N-3FRV	Nati, pubblicazioni, matrimoni, morti, cittadinanze 1866-1878 Nati, pubblicazioni, matrimoni 1879
Santa Maria a Vico	MC5R-M2Q	1974	3:1:3QS7-897N-3NW7	Nati, pubblicazioni, matrimoni, morti, cittadinanze 1866-1878 Nati, pubblicazioni, matrimoni 1879
Santa Maria a Vico	MC5R-M2Q	1975	3:1:3QS7-897N-3N9S	Nati, pubblicazioni, matrimoni, morti, cittadinanze 1866-1878 Nati, pubblicazioni, matrimoni 1879
Santa Maria a Vico	MC5R-M2Q	1976	3:1:3QS7-997N-3NSN	Nati, pubblicazioni, matrimoni, morti, cittadinanze 1866-1878 Nati, pubblicazioni, matrimoni 1879
Santa Maria a Vico	MC5R-M2Q	1977	3:1:3QS7-897N-3NQT	Nati, pubblicazioni, matrimoni, morti, cittadinanze 1866-1878 Nati, pubblicazioni, matrimoni 1879
Santa Maria a Vico	MC5R-M2Q	1978	3:1:3QS7-L97N-3FBN	Nati, pubblicazioni, matrimoni, morti, cittadinanze 1866-1878 Nati, pubblicazioni, matrimoni 1879
Santa Maria a Vico	MC5R-M2Q	1979	3:1:3QS7-L97N-3FGF	Nati, pubblicazioni, matrimoni, morti, cittadinanze 1866-1878 Nati, pubblicazioni, matrimoni 1879
Santa Maria a Vico	MC5R-M2Q	1980	3:1:3QS7-997N-3F1Z	Nati, pubblicazioni, matrimoni, morti, cittadinanze 1866-1878 Nati, pubblicazioni, matrimoni 1879
Santa Maria a Vico	MC5R-M2Q	1981	3:1:3QSQ-G97N-3N9R	Nati, pubblicazioni, matrimoni, morti, cittadinanze 1866-1878 Nati, pubblicazioni, matrimoni 1879
Santa Maria a Vico	MC5R-M2Q	1982	3:1:3QSQ-G97N-3NSJ	Nati, pubblicazioni, matrimoni, morti, cittadinanze 1866-1878 Nati, pubblicazioni, matrimoni 1879
Santa Maria a Vico	MC5R-M2Q	1983	3:1:3QS7-997N-3NMG	Nati, pubblicazioni, matrimoni, morti, cittadinanze 1866-1878 Nati, pubblicazioni, matrimoni 1879
Santa Maria a Vico	MC5R-M2Q	1984	3:1:3QS7-L97N-3FY5	Nati, pubblicazioni, matrimoni, morti, cittadinanze 1866-1878 Nati, pubblicazioni, matrimoni 1879
Santa Maria a Vico	MC5R-M2Q	1985	3:1:3QS7-897N-3F1K	Nati, pubblicazioni, matrimoni, morti, cittadinanze 1866-1878 Nati, pubblicazioni, matrimoni 1879
Santa Maria a Vico	MC5R-M2Q	1986	3:1:3QS7-897N-3N9Z	Nati, pubblicazioni, matrimoni, morti, cittadinanze 1866-1878 Nati, pubblicazioni, matrimoni 1879
Santa Maria a Vico	MC5R-M2Q	1987	3:1:3QSQ-G97N-3N33	Nati, pubblicazioni, matrimoni, morti, cittadinanze 1866-1878 Nati, pubblicazioni, matrimoni 1879
Santa Maria a Vico	MC5R-M2Q	1988	3:1:3QSQ-G97N-3NM5	Nati, pubblicazioni, matrimoni, morti, cittadinanze 1866-1878 Nati, pubblicazioni, matrimoni 1879
Santa Maria a Vico	MC5R-M2Q	1989	3:1:3QS7-997N-3FBD	Nati, pubblicazioni, matrimoni, morti, cittadinanze 1866-1878 Nati, pubblicazioni, matrimoni 1879
Santa Maria a Vico	MC5R-M2Q	1990	3:1:3QS7-897N-3FTV	Nati, pubblicazioni, matrimoni, morti, cittadinanze 1866-1878 Nati, pubblicazioni, matrimoni 1879
Santa Maria a Vico	MC5R-M2Q	1991	3:1:3QS7-L97N-3FT3	Nati, pubblicazioni, matrimoni, morti, cittadinanze 1866-1878 Nati, pubblicazioni, matrimoni 1879
Santa Maria a Vico	MC5R-M2Q	1992	3:1:3QSQ-G97N-3NS8	Nati, pubblicazioni, matrimoni, morti, cittadinanze 1866-1878 Nati, pubblicazioni, matrimoni 1879
Santa Maria a Vico	MC5R-M2Q	1993	3:1:3QS7-997N-3FT3	Nati, pubblicazioni, matrimoni, morti, cittadinanze 1866-1878 Nati, pubblicazioni, matrimoni 1879
Santa Maria a Vico	MC5R-M2Q	1994	3:1:3QS7-L97N-3FPQ	Nati, pubblicazioni, matrimoni, morti, cittadinanze 1866-1878 Nati, pubblicazioni, matrimoni 1879
Santa Maria a Vico	MC5R-M2Q	1995	3:1:3QS7-L97N-3F13	Nati, pubblicazioni, matrimoni, morti, cittadinanze 1866-1878 Nati, pubblicazioni, matrimoni 1879
Santa Maria a Vico	MC5R-M2Q	1996	3:1:3QS7-L97N-3FRH	Nati, pubblicazioni, matrimoni, morti, cittadinanze 1866-1878 Nati, pubblicazioni, matrimoni 1879
Santa Maria a Vico	MC5R-M2Q	1997	3:1:3QS7-L97N-3F5R	Nati, pubblicazioni, matrimoni, morti, cittadinanze 1866-1878 Nati, pubblicazioni, matrimoni 1879
Santa Maria a Vico	MC5R-M2Q	1998	3:1:3QS7-L97N-3FR4	Nati, pubblicazioni, matrimoni, morti, cittadinanze 1866-1878 Nati, pubblicazioni, matrimoni 1879
Santa Maria a Vico	MC5R-M2Q	1999	3:1:3QS7-997N-3F5X	Nati, pubblicazioni, matrimoni, morti, cittadinanze 1866-1878 Nati, pubblicazioni, matrimoni 1879
Santa Maria a Vico	MC5R-M2Q	2000	3:1:3QS7-997N-3NMJ	Nati, pubblicazioni, matrimoni, morti, cittadinanze 1866-1878 Nati, pubblicazioni, matrimoni 1879
Santa Maria a Vico	MC5R-M2Q	2001	3:1:3QSQ-G97N-3NSH	Nati, pubblicazioni, matrimoni, morti, cittadinanze 1866-1878 Nati, pubblicazioni, matrimoni 1879
Santa Maria a Vico	MC5R-M2Q	2002	3:1:3QS7-997N-3F58	Nati, pubblicazioni, matrimoni, morti, cittadinanze 1866-1878 Nati, pubblicazioni, matrimoni 1879
Santa Maria a Vico	MC5R-M2Q	2003	3:1:3QS7-L97N-3FGR	Nati, pubblicazioni, matrimoni, morti, cittadinanze 1866-1878 Nati, pubblicazioni, matrimoni 1879
Santa Maria a Vico	MC5R-M2Q	2004	3:1:3QS7-997N-3F11	Nati, pubblicazioni, matrimoni, morti, cittadinanze 1866-1878 Nati, pubblicazioni, matrimoni 1879
Santa Maria a Vico	MC5R-M2Q	2005	3:1:3QS7-997N-3NM4	Nati, pubblicazioni, matrimoni, morti, cittadinanze 1866-1878 Nati, pubblicazioni, matrimoni 1879
Santa Maria a Vico	MC5R-M2Q	2006	3:1:3QS7-897N-3NSZ	Nati, pubblicazioni, matrimoni, morti, cittadinanze 1866-1878 Nati, pubblicazioni, matrimoni 1879
Santa Maria a Vico	MC5R-M2Q	2007	3:1:3QS7-897N-3NSH	Nati, pubblicazioni, matrimoni, morti, cittadinanze 1866-1878 Nati, pubblicazioni, matrimoni 1879
Santa Maria a Vico	MC5R-M2Q	2008	3:1:3QS7-L97N-3FR5	Nati, pubblicazioni, matrimoni, morti, cittadinanze 1866-1878 Nati, pubblicazioni, matrimoni 1879
Santa Maria a Vico	MC5R-M2Q	2009	3:1:3QS7-L97N-3FT9	Nati, pubblicazioni, matrimoni, morti, cittadinanze 1866-1878 Nati, pubblicazioni, matrimoni 1879
Santa Maria a Vico	MC5R-M2Q	2010	3:1:3QS7-L97N-3FP5	Nati, pubblicazioni, matrimoni, morti, cittadinanze 1866-1878 Nati, pubblicazioni, matrimoni 1879
Santa Maria a Vico	MC5R-M2Q	2011	3:1:3QS7-L97N-3FGN	Nati, pubblicazioni, matrimoni, morti, cittadinanze 1866-1878 Nati, pubblicazioni, matrimoni 1879
Santa Maria a Vico	MC5R-M2Q	2012	3:1:3QS7-897N-3NQJ	Nati, pubblicazioni, matrimoni, morti, cittadinanze 1866-1878 Nati, pubblicazioni, matrimoni 1879
Santa Maria a Vico	MC5R-M2Q	2013	3:1:3QS7-997N-3F5P	Nati, pubblicazioni, matrimoni, morti, cittadinanze 1866-1878 Nati, pubblicazioni, matrimoni 1879
Santa Maria a Vico	MC5R-M2Q	2014	3:1:3QS7-897N-3NMR	Nati, pubblicazioni, matrimoni, morti, cittadinanze 1866-1878 Nati, pubblicazioni, matrimoni 1879
Santa Maria a Vico	MC5R-M2Q	2015	3:1:3QS7-L97N-3FGZ	Nati, pubblicazioni, matrimoni, morti, cittadinanze 1866-1878 Nati, pubblicazioni, matrimoni 1879
Santa Maria a Vico	MC5R-M2Q	2016	3:1:3QS7-L97N-3FGT	Nati, pubblicazioni, matrimoni, morti, cittadinanze 1866-1878 Nati, pubblicazioni, matrimoni 1879
Santa Maria a Vico	MC5R-M2Q	2017	3:1:3QS7-997N-3FYH	Nati, pubblicazioni, matrimoni, morti, cittadinanze 1866-1878 Nati, pubblicazioni, matrimoni 1879
Santa Maria a Vico	MC5R-M2Q	2018	3:1:3QS7-997N-3FTV	Nati, pubblicazioni, matrimoni, morti, cittadinanze 1866-1878 Nati, pubblicazioni, matrimoni 1879
Santa Maria a Vico	MC5R-M2Q	2019	3:1:3QSQ-G97N-3FTG	Nati, pubblicazioni, matrimoni, morti, cittadinanze 1866-1878 Nati, pubblicazioni, matrimoni 1879
Santa Maria a Vico	MC5R-M2Q	2020	3:1:3QS7-997N-3F5W	Nati, pubblicazioni, matrimoni, morti, cittadinanze 1866-1878 Nati, pubblicazioni, matrimoni 1879
Santa Maria a Vico	MC5R-M2Q	2021	3:1:3QS7-997N-3NMM	Nati, pubblicazioni, matrimoni, morti, cittadinanze 1866-1878 Nati, pubblicazioni, matrimoni 1879
Santa Maria a Vico	MC5R-M2Q	2022	3:1:3QS7-997N-3FRX	Nati, pubblicazioni, matrimoni, morti, cittadinanze 1866-1878 Nati, pubblicazioni, matrimoni 1879
Santa Maria a Vico	MC5R-M2Q	2023	3:1:3QS7-997N-3FYD	Nati, pubblicazioni, matrimoni, morti, cittadinanze 1866-1878 Nati, pubblicazioni, matrimoni 1879
Santa Maria a Vico	MC5R-M2Q	2024	3:1:3QS7-997N-3FYP	Nati, pubblicazioni, matrimoni, morti, cittadinanze 1866-1878 Nati, pubblicazioni, matrimoni 1879
Santa Maria a Vico	MC5R-M2Q	2025	3:1:3QSQ-G97N-3FYQ	Nati, pubblicazioni, matrimoni, morti, cittadinanze 1866-1878 Nati, pubblicazioni, matrimoni 1879
Santa Maria a Vico	MC5R-M2Q	2026	3:1:3QS7-897N-3NS6	Nati, pubblicazioni, matrimoni, morti, cittadinanze 1866-1878 Nati, pubblicazioni, matrimoni 1879
Santa Maria a Vico	MC5R-M2Q	2027	3:1:3QS7-897N-3N3S	Nati, pubblicazioni, matrimoni, morti, cittadinanze 1866-1878 Nati, pubblicazioni, matrimoni 1879
Santa Maria a Vico	MC5R-M2Q	2028	3:1:3QSQ-G97N-3N3J	Nati, pubblicazioni, matrimoni, morti, cittadinanze 1866-1878 Nati, pubblicazioni, matrimoni 1879
Santa Maria a Vico	MC5R-M2Q	2029	3:1:3QS7-L97N-3FPY	Nati, pubblicazioni, matrimoni, morti, cittadinanze 1866-1878 Nati, pubblicazioni, matrimoni 1879
Santa Maria a Vico	MC5R-M2Q	2030	3:1:3QS7-L97N-3FL5	Nati, pubblicazioni, matrimoni, morti, cittadinanze 1866-1878 Nati, pubblicazioni, matrimoni 1879
Santa Maria a Vico	MC5R-M2Q	2031	3:1:3QS7-897N-3F1M	Nati, pubblicazioni, matrimoni, morti, cittadinanze 1866-1878 Nati, pubblicazioni, matrimoni 1879
Santa Maria a Vico	MC5R-M2Q	2032	3:1:3QS7-997N-3FTD	Nati, pubblicazioni, matrimoni, morti, cittadinanze 1866-1878 Nati, pubblicazioni, matrimoni 1879
Santa Maria a Vico	MC5R-M2Q	2033	3:1:3QS7-997N-3FYJ	Nati, pubblicazioni, matrimoni, morti, cittadinanze 1866-1878 Nati, pubblicazioni, matrimoni 1879
Santa Maria a Vico	MC5R-M2Q	2034	3:1:3QS7-997N-3FLX	Nati, pubblicazioni, matrimoni, morti, cittadinanze 1866-1878 Nati, pubblicazioni, matrimoni 1879
Santa Maria a Vico	MC5R-M2Q	2035	3:1:3QSQ-G97N-3FTZ	Nati, pubblicazioni, matrimoni, morti, cittadinanze 1866-1878 Nati, pubblicazioni, matrimoni 1879
Santa Maria a Vico	MC5R-M2Q	2036	3:1:3QS7-L97N-3FPV	Nati, pubblicazioni, matrimoni, morti, cittadinanze 1866-1878 Nati, pubblicazioni, matrimoni 1879
Santa Maria a Vico	MC5R-M2Q	2037	3:1:3QSQ-G97N-3NMM	Nati, pubblicazioni, matrimoni, morti, cittadinanze 1866-1878 Nati, pubblicazioni, matrimoni 1879
Santa Maria a Vico	MC5R-M2Q	2038	3:1:3QS7-L97N-3FK6	Nati, pubblicazioni, matrimoni, morti, cittadinanze 1866-1878 Nati, pubblicazioni, matrimoni 1879
Santa Maria a Vico	MC5R-M2Q	2039	3:1:3QSQ-G97N-3F1S	Nati, pubblicazioni, matrimoni, morti, cittadinanze 1866-1878 Nati, pubblicazioni, matrimoni 1879
Santa Maria a Vico	MC5R-M2Q	2040	3:1:3QS7-897N-3FR5	Nati, pubblicazioni, matrimoni, morti, cittadinanze 1866-1878 Nati, pubblicazioni, matrimoni 1879
Santa Maria a Vico	MC5R-M2Q	2041	3:1:3QS7-997N-3F5S	Nati, pubblicazioni, matrimoni, morti, cittadinanze 1866-1878 Nati, pubblicazioni, matrimoni 1879
Santa Maria a Vico	MC5R-M2Q	2042	3:1:3QS7-897N-3FRD	Nati, pubblicazioni, matrimoni, morti, cittadinanze 1866-1878 Nati, pubblicazioni, matrimoni 1879
Santa Maria a Vico	MC5R-M2Q	2043	3:1:3QS7-997N-3FKX	Nati, pubblicazioni, matrimoni, morti, cittadinanze 1866-1878 Nati, pubblicazioni, matrimoni 1879
Santa Maria a Vico	MC5R-M2Q	2044	3:1:3QS7-997N-3FY7	Nati, pubblicazioni, matrimoni, morti, cittadinanze 1866-1878 Nati, pubblicazioni, matrimoni 1879
Santa Maria a Vico	MC5R-M2Q	2045	3:1:3QS7-997N-3FG9	Nati, pubblicazioni, matrimoni, morti, cittadinanze 1866-1878 Nati, pubblicazioni, matrimoni 1879
Santa Maria a Vico	MC5R-M2Q	2046	3:1:3QS7-L97N-3FK7	Nati, pubblicazioni, matrimoni, morti, cittadinanze 1866-1878 Nati, pubblicazioni, matrimoni 1879
Santa Maria a Vico	MC5R-M2Q	2047	3:1:3QSQ-G97N-3FYM	Nati, pubblicazioni, matrimoni, morti, cittadinanze 1866-1878 Nati, pubblicazioni, matrimoni 1879
Santa Maria a Vico	MC5R-M2Q	2048	3:1:3QS7-L97N-3FKG	Nati, pubblicazioni, matrimoni, morti, cittadinanze 1866-1878 Nati, pubblicazioni, matrimoni 1879
Santa Maria a Vico	MC5R-M2Q	2049	3:1:3QS7-L97N-3FNS	Nati, pubblicazioni, matrimoni, morti, cittadinanze 1866-1878 Nati, pubblicazioni, matrimoni 1879
Santa Maria a Vico	MC5R-M2Q	2050	3:1:3QSQ-G97N-3F1Y	Nati, pubblicazioni, matrimoni, morti, cittadinanze 1866-1878 Nati, pubblicazioni, matrimoni 1879
Santa Maria a Vico	MC5R-M2Q	2051	3:1:3QSQ-G97N-3FTL	Nati, pubblicazioni, matrimoni, morti, cittadinanze 1866-1878 Nati, pubblicazioni, matrimoni 1879
Santa Maria a Vico	MC5R-M2Q	2052	3:1:3QS7-L97N-3FVD	Nati, pubblicazioni, matrimoni, morti, cittadinanze 1866-1878 Nati, pubblicazioni, matrimoni 1879
Santa Maria a Vico	MC5R-M2Q	2053	3:1:3QS7-L97N-3F23	Nati, pubblicazioni, matrimoni, morti, cittadinanze 1866-1878 Nati, pubblicazioni, matrimoni 1879
Santa Maria a Vico	MC5R-M2Q	2054	3:1:3QS7-997N-3FGS	Nati, pubblicazioni, matrimoni, morti, cittadinanze 1866-1878 Nati, pubblicazioni, matrimoni 1879
Santa Maria a Vico	MC5R-M2Q	2055	3:1:3QS7-897N-3FRY	Nati, pubblicazioni, matrimoni, morti, cittadinanze 1866-1878 Nati, pubblicazioni, matrimoni 1879
Santa Maria a Vico	MC5R-M2Q	2056	3:1:3QS7-897N-3F58	Nati, pubblicazioni, matrimoni, morti, cittadinanze 1866-1878 Nati, pubblicazioni, matrimoni 1879
Santa Maria a Vico	MC5R-M2Q	2057	3:1:3QS7-L97N-3FLL	Nati, pubblicazioni, matrimoni, morti, cittadinanze 1866-1878 Nati, pubblicazioni, matrimoni 1879
Santa Maria a Vico	MC5R-M2Q	2058	3:1:3QSQ-G97N-3FT6	Nati, pubblicazioni, matrimoni, morti, cittadinanze 1866-1878 Nati, pubblicazioni, matrimoni 1879
Santa Maria a Vico	MC5R-M2Q	2059	3:1:3QS7-997N-3FRV	Nati, pubblicazioni, matrimoni, morti, cittadinanze 1866-1878 Nati, pubblicazioni, matrimoni 1879
Santa Maria a Vico	MC5R-M2Q	2060	3:1:3QS7-L97N-3FVG	Nati, pubblicazioni, matrimoni, morti, cittadinanze 1866-1878 Nati, pubblicazioni, matrimoni 1879
Santa Maria a Vico	MC5R-M2Q	2061	3:1:3QS7-L97N-3FV7	Nati, pubblicazioni, matrimoni, morti, cittadinanze 1866-1878 Nati, pubblicazioni, matrimoni 1879
Santa Maria a Vico	MC5R-M2Q	2062	3:1:3QS7-997N-3F2M	Nati, pubblicazioni, matrimoni, morti, cittadinanze 1866-1878 Nati, pubblicazioni, matrimoni 1879
Santa Maria a Vico	MC5R-M2Q	2063	3:1:3QSQ-G97N-3FRY	Nati, pubblicazioni, matrimoni, morti, cittadinanze 1866-1878 Nati, pubblicazioni, matrimoni 1879
Santa Maria a Vico	MC5R-M2Q	2064	3:1:3QS7-L97N-3FKV	Nati, pubblicazioni, matrimoni, morti, cittadinanze 1866-1878 Nati, pubblicazioni, matrimoni 1879
Santa Maria a Vico	MC5R-M2Q	2065	3:1:3QS7-997N-3FLG	Nati, pubblicazioni, matrimoni, morti, cittadinanze 1866-1878 Nati, pubblicazioni, matrimoni 1879
Santa Maria a Vico	MC5R-M2Q	2066	3:1:3QSQ-G97N-3FT4	Nati, pubblicazioni, matrimoni, morti, cittadinanze 1866-1878 Nati, pubblicazioni, matrimoni 1879
Santa Maria a Vico	MC5R-M2Q	2067	3:1:3QSQ-G97N-3FRF	Nati, pubblicazioni, matrimoni, morti, cittadinanze 1866-1878 Nati, pubblicazioni, matrimoni 1879
Santa Maria a Vico	MC5R-M2Q	2068	3:1:3QSQ-G97N-3FR1	Nati, pubblicazioni, matrimoni, morti, cittadinanze 1866-1878 Nati, pubblicazioni, matrimoni 1879
Santa Maria a Vico	MC5R-M2Q	2069	3:1:3QS7-997N-3FL4	Nati, pubblicazioni, matrimoni, morti, cittadinanze 1866-1878 Nati, pubblicazioni, matrimoni 1879
Santa Maria a Vico	MC5R-M2Q	2070	3:1:3QS7-897N-3FYB	Nati, pubblicazioni, matrimoni, morti, cittadinanze 1866-1878 Nati, pubblicazioni, matrimoni 1879
Santa Maria a Vico	MC5R-M2Q	2071	3:1:3QS7-897N-3FYK	Nati, pubblicazioni, matrimoni, morti, cittadinanze 1866-1878 Nati, pubblicazioni, matrimoni 1879
Santa Maria a Vico	MC5R-M2Q	2072	3:1:3QSQ-G97N-3FR6	Nati, pubblicazioni, matrimoni, morti, cittadinanze 1866-1878 Nati, pubblicazioni, matrimoni 1879
Santa Maria a Vico	MC5R-M2Q	2073	3:1:3QS7-L97N-3FX2	Nati, pubblicazioni, matrimoni, morti, cittadinanze 1866-1878 Nati, pubblicazioni, matrimoni 1879
Santa Maria a Vico	MC5R-M2Q	2074	3:1:3QS7-897N-3F5M	Nati, pubblicazioni, matrimoni, morti, cittadinanze 1866-1878 Nati, pubblicazioni, matrimoni 1879
Santa Maria a Vico	MC5R-M2Q	2075	3:1:3QS7-L97N-3FVF	Nati, pubblicazioni, matrimoni, morti, cittadinanze 1866-1878 Nati, pubblicazioni, matrimoni 1879
Santa Maria a Vico	MC5R-M2Q	2076	3:1:3QS7-997N-3FFG	Nati, pubblicazioni, matrimoni, morti, cittadinanze 1866-1878 Nati, pubblicazioni, matrimoni 1879
Santa Maria a Vico	MC5R-M2Q	2077	3:1:3QSQ-G97N-3FB3	Nati, pubblicazioni, matrimoni, morti, cittadinanze 1866-1878 Nati, pubblicazioni, matrimoni 1879
Santa Maria a Vico	MC5R-M2Q	2078	3:1:3QS7-L97N-3FJM	Nati, pubblicazioni, matrimoni, morti, cittadinanze 1866-1878 Nati, pubblicazioni, matrimoni 1879
Santa Maria a Vico	MC5R-M2Q	2079	3:1:3QS7-897N-3FR7	Nati, pubblicazioni, matrimoni, morti, cittadinanze 1866-1878 Nati, pubblicazioni, matrimoni 1879
Santa Maria a Vico	MC5R-M2Q	2080	3:1:3QS7-997N-3FVP	Nati, pubblicazioni, matrimoni, morti, cittadinanze 1866-1878 Nati, pubblicazioni, matrimoni 1879
Santa Maria a Vico	MC5R-M2Q	2081	3:1:3QSQ-G97N-3FY4	Nati, pubblicazioni, matrimoni, morti, cittadinanze 1866-1878 Nati, pubblicazioni, matrimoni 1879
Santa Maria a Vico	MC5R-M2Q	2082	3:1:3QS7-897N-3F54	Nati, pubblicazioni, matrimoni, morti, cittadinanze 1866-1878 Nati, pubblicazioni, matrimoni 1879
Santa Maria a Vico	MC5R-M2Q	2083	3:1:3QS7-897N-3FGB	Nati, pubblicazioni, matrimoni, morti, cittadinanze 1866-1878 Nati, pubblicazioni, matrimoni 1879
Santa Maria a Vico	MC5R-M2Q	2084	3:1:3QSQ-G97N-3FG7	Nati, pubblicazioni, matrimoni, morti, cittadinanze 1866-1878 Nati, pubblicazioni, matrimoni 1879
Santa Maria a Vico	MC5R-M2Q	2085	3:1:3QSQ-G97N-3FTS	Nati, pubblicazioni, matrimoni, morti, cittadinanze 1866-1878 Nati, pubblicazioni, matrimoni 1879
Santa Maria a Vico	MC5R-M2Q	2086	3:1:3QS7-L97N-3FJW	Nati, pubblicazioni, matrimoni, morti, cittadinanze 1866-1878 Nati, pubblicazioni, matrimoni 1879
Santa Maria a Vico	MC5R-M2Q	2087	3:1:3QS7-L97N-3FX6	Nati, pubblicazioni, matrimoni, morti, cittadinanze 1866-1878 Nati, pubblicazioni, matrimoni 1879
Santa Maria a Vico	MC5R-M2Q	2088	3:1:3QS7-897N-3F2M	Nati, pubblicazioni, matrimoni, morti, cittadinanze 1866-1878 Nati, pubblicazioni, matrimoni 1879
Santa Maria a Vico	MC5R-M2Q	2089	3:1:3QS7-997N-3FJH	Nati, pubblicazioni, matrimoni, morti, cittadinanze 1866-1878 Nati, pubblicazioni, matrimoni 1879
Santa Maria a Vico	MC5R-M2Q	2090	3:1:3QSQ-G97N-3FY7	Nati, pubblicazioni, matrimoni, morti, cittadinanze 1866-1878 Nati, pubblicazioni, matrimoni 1879
Santa Maria a Vico	MC5R-M2Q	2091	3:1:3QS7-L97N-3FK8	Nati, pubblicazioni, matrimoni, morti, cittadinanze 1866-1878 Nati, pubblicazioni, matrimoni 1879
Santa Maria a Vico	MC5R-M2Q	2092	3:1:3QS7-897N-3FGK	Nati, pubblicazioni, matrimoni, morti, cittadinanze 1866-1878 Nati, pubblicazioni, matrimoni 1879
Santa Maria a Vico	MC5R-M2Q	2093	3:1:3QS7-L97N-3FNC	Nati, pubblicazioni, matrimoni, morti, cittadinanze 1866-1878 Nati, pubblicazioni, matrimoni 1879
Santa Maria a Vico	MC5R-M2Q	2094	3:1:3QSQ-G97N-3FRL	Nati, pubblicazioni, matrimoni, morti, cittadinanze 1866-1878 Nati, pubblicazioni, matrimoni 1879
Santa Maria a Vico	MC5R-M2Q	2095	3:1:3QS7-897N-3FLF	Nati, pubblicazioni, matrimoni, morti, cittadinanze 1866-1878 Nati, pubblicazioni, matrimoni 1879
Santa Maria a Vico	MC5R-M2Q	2096	3:1:3QS7-L97N-3FV5	Nati, pubblicazioni, matrimoni, morti, cittadinanze 1866-1878 Nati, pubblicazioni, matrimoni 1879
Santa Maria a Vico	MC5R-M2Q	2097	3:1:3QS7-897N-3FVK	Nati, pubblicazioni, matrimoni, morti, cittadinanze 1866-1878 Nati, pubblicazioni, matrimoni 1879
Santa Maria a Vico	MC5R-M2Q	2098	3:1:3QSQ-G97N-3FPB	Nati, pubblicazioni, matrimoni, morti, cittadinanze 1866-1878 Nati, pubblicazioni, matrimoni 1879
Santa Maria a Vico	MC5R-M2Q	2099	3:1:3QS7-L97N-3FFH	Nati, pubblicazioni, matrimoni, morti, cittadinanze 1866-1878 Nati, pubblicazioni, matrimoni 1879
Santa Maria a Vico	MC5R-M2Q	2100	3:1:3QSQ-G97N-3FR8	Nati, pubblicazioni, matrimoni, morti, cittadinanze 1866-1878 Nati, pubblicazioni, matrimoni 1879
Santa Maria a Vico	MC5R-M2Q	2101	3:1:3QS7-L97N-3FZG	Nati, pubblicazioni, matrimoni, morti, cittadinanze 1866-1878 Nati, pubblicazioni, matrimoni 1879
Santa Maria a Vico	MC5R-M2Q	2102	3:1:3QS7-L97N-3FJ7	Nati, pubblicazioni, matrimoni, morti, cittadinanze 1866-1878 Nati, pubblicazioni, matrimoni 1879
Santa Maria a Vico	MC5R-M2Q	2103	3:1:3QS7-997N-3FJJ	Nati, pubblicazioni, matrimoni, morti, cittadinanze 1866-1878 Nati, pubblicazioni, matrimoni 1879
Santa Maria a Vico	MC5R-M2Q	2104	3:1:3QS7-997N-3FVH	Nati, pubblicazioni, matrimoni, morti, cittadinanze 1866-1878 Nati, pubblicazioni, matrimoni 1879
Santa Maria a Vico	MC5R-M2Q	2105	3:1:3QS7-L97N-3FD5	Nati, pubblicazioni, matrimoni, morti, cittadinanze 1866-1878 Nati, pubblicazioni, matrimoni 1879
Santa Maria a Vico	MC5R-M2Q	2106	3:1:3QS7-897N-3FL4	Nati, pubblicazioni, matrimoni, morti, cittadinanze 1866-1878 Nati, pubblicazioni, matrimoni 1879
Santa Maria a Vico	MC5R-M2Q	2107	3:1:3QS7-L97N-3FF9	Nati, pubblicazioni, matrimoni, morti, cittadinanze 1866-1878 Nati, pubblicazioni, matrimoni 1879
Santa Maria a Vico	MC5R-M2Q	2108	3:1:3QS7-897N-3FP2	Nati, pubblicazioni, matrimoni, morti, cittadinanze 1866-1878 Nati, pubblicazioni, matrimoni 1879
Santa Maria a Vico	MC5R-M2Q	2109	3:1:3QSQ-G97N-3FLN	Nati, pubblicazioni, matrimoni, morti, cittadinanze 1866-1878 Nati, pubblicazioni, matrimoni 1879
Santa Maria a Vico	MC5R-M2Q	2110	3:1:3QS7-897N-3FJ4	Nati, pubblicazioni, matrimoni, morti, cittadinanze 1866-1878 Nati, pubblicazioni, matrimoni 1879
Santa Maria a Vico	MC5R-M2Q	2111	3:1:3QS7-997N-3FLV	Nati, pubblicazioni, matrimoni, morti, cittadinanze 1866-1878 Nati, pubblicazioni, matrimoni 1879
Santa Maria a Vico	MC5R-M2Q	2112	3:1:3QS7-997N-3F2N	Nati, pubblicazioni, matrimoni, morti, cittadinanze 1866-1878 Nati, pubblicazioni, matrimoni 1879
Santa Maria a Vico	MC5R-M2Q	2113	3:1:3QS7-997N-3FX6	Nati, pubblicazioni, matrimoni, morti, cittadinanze 1866-1878 Nati, pubblicazioni, matrimoni 1879
Santa Maria a Vico	MC5R-M2Q	2114	3:1:3QS7-897N-3FP4	Nati, pubblicazioni, matrimoni, morti, cittadinanze 1866-1878 Nati, pubblicazioni, matrimoni 1879
Santa Maria a Vico	MC5R-M2Q	2115	3:1:3QSQ-G97N-3FGT	Nati, pubblicazioni, matrimoni, morti, cittadinanze 1866-1878 Nati, pubblicazioni, matrimoni 1879
Santa Maria a Vico	MC5R-M2Q	2116	3:1:3QS7-897N-3FV6	Nati, pubblicazioni, matrimoni, morti, cittadinanze 1866-1878 Nati, pubblicazioni, matrimoni 1879
Santa Maria a Vico	MC5R-M2Q	2117	3:1:3QSQ-G97N-3FKH	Nati, pubblicazioni, matrimoni, morti, cittadinanze 1866-1878 Nati, pubblicazioni, matrimoni 1879
Santa Maria a Vico	MC5R-M2Q	2118	3:1:3QS7-897N-3FVV	Nati, pubblicazioni, matrimoni, morti, cittadinanze 1866-1878 Nati, pubblicazioni, matrimoni 1879
Santa Maria a Vico	MC5R-M2Q	2119	3:1:3QS7-997N-3FXR	Nati, pubblicazioni, matrimoni, morti, cittadinanze 1866-1878 Nati, pubblicazioni, matrimoni 1879
Santa Maria a Vico	MC5R-M2Q	2120	3:1:3QS7-L97N-3FXW	Nati, pubblicazioni, matrimoni, morti, cittadinanze 1866-1878 Nati, pubblicazioni, matrimoni 1879
Santa Maria a Vico	MC5R-M2Q	2121	3:1:3QS7-997N-3FND	Nati, pubblicazioni, matrimoni, morti, cittadinanze 1866-1878 Nati, pubblicazioni, matrimoni 1879
Santa Maria a Vico	MC5R-M2Q	2122	3:1:3QS7-897N-3FKX	Nati, pubblicazioni, matrimoni, morti, cittadinanze 1866-1878 Nati, pubblicazioni, matrimoni 1879
Santa Maria a Vico	MC5R-M2Q	2123	3:1:3QSQ-G97N-3FKL	Nati, pubblicazioni, matrimoni, morti, cittadinanze 1866-1878 Nati, pubblicazioni, matrimoni 1879
Santa Maria a Vico	MC5R-M2Q	2124	3:1:3QSQ-G97N-3F2Y	Nati, pubblicazioni, matrimoni, morti, cittadinanze 1866-1878 Nati, pubblicazioni, matrimoni 1879
Santa Maria a Vico	MC5R-M2Q	2125	3:1:3QS7-L97N-3F7W	Nati, pubblicazioni, matrimoni, morti, cittadinanze 1866-1878 Nati, pubblicazioni, matrimoni 1879
Santa Maria a Vico	MC5R-M2Q	2126	3:1:3QS7-997N-3F6K	Nati, pubblicazioni, matrimoni, morti, cittadinanze 1866-1878 Nati, pubblicazioni, matrimoni 1879
Santa Maria a Vico	MC5R-M2Q	2127	3:1:3QS7-897N-3FVT	Nati, pubblicazioni, matrimoni, morti, cittadinanze 1866-1878 Nati, pubblicazioni, matrimoni 1879
Santa Maria a Vico	MC5R-M2Q	2128	3:1:3QSQ-G97N-3FFC	Nati, pubblicazioni, matrimoni, morti, cittadinanze 1866-1878 Nati, pubblicazioni, matrimoni 1879
Santa Maria a Vico	MC5R-M2Q	2129	3:1:3QSQ-G97N-3FLZ	Nati, pubblicazioni, matrimoni, morti, cittadinanze 1866-1878 Nati, pubblicazioni, matrimoni 1879
Santa Maria a Vico	MC5R-M2Q	2130	3:1:3QS7-997N-3F6D	Nati, pubblicazioni, matrimoni, morti, cittadinanze 1866-1878 Nati, pubblicazioni, matrimoni 1879
Santa Maria a Vico	MC5R-M2Q	2131	3:1:3QS7-897N-3FGF	Nati, pubblicazioni, matrimoni, morti, cittadinanze 1866-1878 Nati, pubblicazioni, matrimoni 1879
Santa Maria a Vico	MC5R-M2Q	2132	3:1:3QS7-997N-3FDP	Nati, pubblicazioni, matrimoni, morti, cittadinanze 1866-1878 Nati, pubblicazioni, matrimoni 1879
Santa Maria a Vico	MC5R-M2Q	2133	3:1:3QS7-L97N-3FXT	Nati, pubblicazioni, matrimoni, morti, cittadinanze 1866-1878 Nati, pubblicazioni, matrimoni 1879
Santa Maria a Vico	MC5R-M2Q	2134	3:1:3QS7-997N-3F6T	Nati, pubblicazioni, matrimoni, morti, cittadinanze 1866-1878 Nati, pubblicazioni, matrimoni 1879
Santa Maria a Vico	MC5R-M2Q	2135	3:1:3QSQ-G97N-3FLQ	Nati, pubblicazioni, matrimoni, morti, cittadinanze 1866-1878 Nati, pubblicazioni, matrimoni 1879
Santa Maria a Vico	MC5R-M2Q	2136	3:1:3QS7-L97N-3F8N	Nati, pubblicazioni, matrimoni, morti, cittadinanze 1866-1878 Nati, pubblicazioni, matrimoni 1879
Santa Maria a Vico	MC5R-M2Q	2137	3:1:3QSQ-G97N-3FKK	Nati, pubblicazioni, matrimoni, morti, cittadinanze 1866-1878 Nati, pubblicazioni, matrimoni 1879
Santa Maria a Vico	MC5R-M2Q	2138	3:1:3QS7-L97N-3FCG	Nati, pubblicazioni, matrimoni, morti, cittadinanze 1866-1878 Nati, pubblicazioni, matrimoni 1879
Santa Maria a Vico	MC5R-M2Q	2139	3:1:3QSQ-G97N-3FPH	Nati, pubblicazioni, matrimoni, morti, cittadinanze 1866-1878 Nati, pubblicazioni, matrimoni 1879
Santa Maria a Vico	MC5R-M2Q	2140	3:1:3QS7-897N-3FJ8	Nati, pubblicazioni, matrimoni, morti, cittadinanze 1866-1878 Nati, pubblicazioni, matrimoni 1879
Santa Maria a Vico	MC5R-M2Q	2141	3:1:3QS7-L97N-3FDM	Nati, pubblicazioni, matrimoni, morti, cittadinanze 1866-1878 Nati, pubblicazioni, matrimoni 1879
Santa Maria a Vico	MC5R-M2Q	2142	3:1:3QSQ-G97N-3FVZ	Nati, pubblicazioni, matrimoni, morti, cittadinanze 1866-1878 Nati, pubblicazioni, matrimoni 1879
Santa Maria a Vico	MC5R-M2Q	2143	3:1:3QS7-L97N-3F47	Nati, pubblicazioni, matrimoni, morti, cittadinanze 1866-1878 Nati, pubblicazioni, matrimoni 1879
Santa Maria a Vico	MC5R-M2Q	2144	3:1:3QS7-897N-3F6W	Nati, pubblicazioni, matrimoni, morti, cittadinanze 1866-1878 Nati, pubblicazioni, matrimoni 1879
Santa Maria a Vico	MC5R-M2Q	2145	3:1:3QS7-L97N-3F4K	Nati, pubblicazioni, matrimoni, morti, cittadinanze 1866-1878 Nati, pubblicazioni, matrimoni 1879
Santa Maria a Vico	MC5R-M2Q	2146	3:1:3QSQ-G97N-3FJV	Nati, pubblicazioni, matrimoni, morti, cittadinanze 1866-1878 Nati, pubblicazioni, matrimoni 1879
Santa Maria a Vico	MC5R-M2Q	2147	3:1:3QS7-L97N-3F6M	Nati, pubblicazioni, matrimoni, morti, cittadinanze 1866-1878 Nati, pubblicazioni, matrimoni 1879
Santa Maria a Vico	MC5R-M2Q	2148	3:1:3QS7-L97N-3FX7	Nati, pubblicazioni, matrimoni, morti, cittadinanze 1866-1878 Nati, pubblicazioni, matrimoni 1879
Santa Maria a Vico	MC5R-M2Q	2149	3:1:3QS7-L97N-3F61	Nati, pubblicazioni, matrimoni, morti, cittadinanze 1866-1878 Nati, pubblicazioni, matrimoni 1879
Santa Maria a Vico	MC5R-M2Q	2150	3:1:3QS7-L97N-3FZR	Nati, pubblicazioni, matrimoni, morti, cittadinanze 1866-1878 Nati, pubblicazioni, matrimoni 1879
Santa Maria a Vico	MC5R-M2Q	2151	3:1:3QS7-897N-3F2W	Nati, pubblicazioni, matrimoni, morti, cittadinanze 1866-1878 Nati, pubblicazioni, matrimoni 1879
Santa Maria a Vico	MC5R-M2Q	2152	3:1:3QS7-897N-3FNN	Nati, pubblicazioni, matrimoni, morti, cittadinanze 1866-1878 Nati, pubblicazioni, matrimoni 1879
Santa Maria a Vico	MC5R-M2Q	2153	3:1:3QS7-L97N-3FWV	Nati, pubblicazioni, matrimoni, morti, cittadinanze 1866-1878 Nati, pubblicazioni, matrimoni 1879
Santa Maria a Vico	MC5R-M2Q	2154	3:1:3QS7-997N-3FDR	Nati, pubblicazioni, matrimoni, morti, cittadinanze 1866-1878 Nati, pubblicazioni, matrimoni 1879
Santa Maria a Vico	MC5R-M2Q	2155	3:1:3QS7-L97N-3FH2	Nati, pubblicazioni, matrimoni, morti, cittadinanze 1866-1878 Nati, pubblicazioni, matrimoni 1879
Santa Maria a Vico	MC5R-M2Q	2156	3:1:3QS7-897N-3FXK	Nati, pubblicazioni, matrimoni, morti, cittadinanze 1866-1878 Nati, pubblicazioni, matrimoni 1879
